size,p_ar,ar_steps,bd_steps,ar_lr,bd_lr,ar_warmup_iters,bd_warmup_iters,final_train_ce,final_val_ce,runtime_s,status,run_dir,stderr_tail
1M,0.0,0,4000,0.01,0.01,0,50,1.526517391204834,1.7584415674209595,193.0046682357788,ok,curriculum/p0.0_1M,
1M,0.3,1200,2800,0.01,0.01,240,50,1.4539439678192139,1.6993319988250732,100.72993993759155,ok,curriculum/p0.3_1M,
1M,0.5,2000,2000,0.01,0.01,400,50,1.4673011302947998,1.7046366930007935,80.90234136581421,ok,curriculum/p0.5_1M,
