size,p_ar,ar_steps,bd_steps,ar_lr,bd_lr,ar_warmup_iters,bd_warmup_iters,final_train_ce,final_val_ce,runtime_s,status,run_dir,stderr_tail
0.3M,0.0,0,4000,0.01,0.01,0,50,1.694032907485962,1.881385087966919,68.0732102394104,ok,curriculum/p0.0_0.3M,
0.3M,0.3,1200,2800,0.01,0.01,240,50,1.6428836584091187,1.8224188089370728,126.0822103023529,ok,curriculum/p0.3_0.3M,
0.3M,0.5,2000,2000,0.01,0.01,400,50,1.6595923900604248,1.853285789489746,74.6058247089386,ok,curriculum/p0.5_0.3M,
