size,p_ar,ar_steps,bd_steps,ar_lr,bd_lr,ar_warmup_iters,bd_warmup_iters,final_train_ce,final_val_ce,runtime_s,status,run_dir,stderr_tail
1M,0.3,1200,2800,0.01,0.01,240,50,1.4425041675567627,1.692152976989746,145.8725802898407,ok,curriculum/p0.3_1M,
1M,0.5,2000,2000,0.01,0.01,400,50,1.4488900899887085,1.6925768852233887,132.04148268699646,ok,curriculum/p0.5_1M,
