ar_decay_duration_seconds,ar_decay_start,ar_decay_steps,ar_steps,autoregressive_training_flops_per_clean_token,batch_size,bd_seconds_per_step,bd_steps,bd_trace,bd_training_duration_seconds,block_diffusion_training_flops_per_clean_token,block_len,budget,clean_tokens,compute_accounting,effective_train_epochs,last_ar_train_ce,last_bd_train_nelbo,learning_rate,n_params,optimizer_reset_at_transition,p_ar,realized_flops,result_path,seed,sequence_length,shared_ar_trunk,shared_ar_warmup_steps,size,status,total_steps,val_masked_ce_t0.5,val_nelbo,weight_decay
2.3519327705726027,638,113,751,1920192,64,0.020315883586025842,1752,"[{'grad_norm': 11.282234191894531, 'learning_rate': 9.204545454545454e-05, 'step': 1, 'train_nelbo': 7.7396464347839355}, {'grad_norm': 0.7868257164955139, 'learning_rate': 0.008007954545454546, 'step': 87, 'train_nelbo': 6.31407356262207}, {'grad_norm': 0.9553054571151733, 'learning_rate': 0.0081, 'step': 174, 'train_nelbo': 6.2639617919921875}, {'grad_norm': 0.8685327172279358, 'learning_rate': 0.0081, 'step': 261, 'train_nelbo': 6.240785121917725}, {'grad_norm': 0.8708956837654114, 'learning_rate': 0.0081, 'step': 348, 'train_nelbo': 6.166014671325684}, {'grad_norm': 1.2195749282836914, 'learning_rate': 0.0081, 'step': 435, 'train_nelbo': 6.064881324768066}, {'grad_norm': 0.6831778287887573, 'learning_rate': 0.0081, 'step': 522, 'train_nelbo': 5.851682186126709}, {'grad_norm': 0.698645293712616, 'learning_rate': 0.0081, 'step': 609, 'train_nelbo': 5.857311248779297}, {'grad_norm': 0.7306821942329407, 'learning_rate': 0.0081, 'step': 696, 'train_nelbo': 5.818585395812988}, {'grad_norm': 0.8085941076278687, 'learning_rate': 0.0081, 'step': 783, 'train_nelbo': 5.721895217895508}, {'grad_norm': 0.7437191009521484, 'learning_rate': 0.0081, 'step': 870, 'train_nelbo': 6.013583660125732}, {'grad_norm': 0.7266228199005127, 'learning_rate': 0.0081, 'step': 957, 'train_nelbo': 5.717831611633301}, {'grad_norm': 0.8242455720901489, 'learning_rate': 0.0081, 'step': 1044, 'train_nelbo': 5.732208251953125}, {'grad_norm': 0.7723650336265564, 'learning_rate': 0.0081, 'step': 1131, 'train_nelbo': 5.783024787902832}, {'grad_norm': 1.0387777090072632, 'learning_rate': 0.0081, 'step': 1218, 'train_nelbo': 5.97078275680542}, {'grad_norm': 0.7044044733047485, 'learning_rate': 0.0081, 'step': 1305, 'train_nelbo': 5.812342643737793}, {'grad_norm': 0.655377209186554, 'learning_rate': 0.0081, 'step': 1392, 'train_nelbo': 5.876441955566406}, {'grad_norm': 0.9238709211349487, 'learning_rate': 0.0081, 'step': 1479, 'train_nelbo': 5.364615440368652}, {'grad_norm': 0.8863558173179626, 'learning_rate': 0.005750381679389313, 'step': 1566, 'train_nelbo': 5.702164649963379}, {'grad_norm': 0.7319626808166504, 'learning_rate': 0.003060687022900763, 'step': 1653, 'train_nelbo': 5.780996322631836}, {'grad_norm': 0.5690690279006958, 'learning_rate': 0.00037099236641221345, 'step': 1740, 'train_nelbo': 5.688292503356934}, {'grad_norm': 0.48869389295578003, 'learning_rate': 0.0, 'step': 1752, 'train_nelbo': 5.627536773681641}]",35.59342804271728,2660544,4,100000000000000.0,41009152,dense_dual_stream_attention_v1,0.025531216440188173,5.403926849365234,5.627536773681641,0.0081,287424,True,0.3,99997077995520,/root/shakespeare-dLM/scale_to_climbmix/results_curriculum/runs/1e14/0.29M/p_ar_0p3/result.json,1337,256,True,12,0.29M,complete,2503,5.605111226439476,5.595750570297241,0.1
5.948432859033346,1404,248,1652,1920192,64,0.023190167929628674,1101,"[{'grad_norm': 29.136043548583984, 'learning_rate': 0.00014727272727272725, 'step': 1, 'train_nelbo': 7.789633274078369}, {'grad_norm': 1.1740658283233643, 'learning_rate': 0.0081, 'step': 55, 'train_nelbo': 6.080814361572266}, {'grad_norm': 0.994149923324585, 'learning_rate': 0.0081, 'step': 110, 'train_nelbo': 6.3169331550598145}, {'grad_norm': 0.6938090324401855, 'learning_rate': 0.0081, 'step': 165, 'train_nelbo': 6.0356645584106445}, {'grad_norm': 0.6198555827140808, 'learning_rate': 0.0081, 'step': 220, 'train_nelbo': 5.984118461608887}, {'grad_norm': 1.022833228111267, 'learning_rate': 0.0081, 'step': 275, 'train_nelbo': 6.019212245941162}, {'grad_norm': 0.8578697443008423, 'learning_rate': 0.0081, 'step': 330, 'train_nelbo': 5.8374857902526855}, {'grad_norm': 1.165283441543579, 'learning_rate': 0.0081, 'step': 385, 'train_nelbo': 6.014358043670654}, {'grad_norm': 0.8576160073280334, 'learning_rate': 0.0081, 'step': 440, 'train_nelbo': 5.973182201385498}, {'grad_norm': 0.6566383242607117, 'learning_rate': 0.0081, 'step': 495, 'train_nelbo': 5.765884876251221}, {'grad_norm': 0.7997326850891113, 'learning_rate': 0.0081, 'step': 550, 'train_nelbo': 5.604672908782959}, {'grad_norm': 0.8360688090324402, 'learning_rate': 0.0081, 'step': 605, 'train_nelbo': 5.665244102478027}, {'grad_norm': 0.8748827576637268, 'learning_rate': 0.0081, 'step': 660, 'train_nelbo': 5.971652030944824}, {'grad_norm': 1.212388277053833, 'learning_rate': 0.0081, 'step': 715, 'train_nelbo': 5.663102149963379}, {'grad_norm': 0.7164381146430969, 'learning_rate': 0.0081, 'step': 770, 'train_nelbo': 5.807716369628906}, {'grad_norm': 0.752778172492981, 'learning_rate': 0.0081, 'step': 825, 'train_nelbo': 6.038393974304199}, {'grad_norm': 0.8528764247894287, 'learning_rate': 0.0081, 'step': 880, 'train_nelbo': 5.694249153137207}, {'grad_norm': 0.8803234696388245, 'learning_rate': 0.0081, 'step': 935, 'train_nelbo': 5.765695571899414}, {'grad_norm': 0.8030679821968079, 'learning_rate': 0.005482317073170731, 'step': 990, 'train_nelbo': 5.66635799407959}, {'grad_norm': 0.6542215347290039, 'learning_rate': 0.002765853658536585, 'step': 1045, 'train_nelbo': 5.54360294342041}, {'grad_norm': 0.6474571824073792, 'learning_rate': 4.9390243902439064e-05, 'step': 1100, 'train_nelbo': 5.780733108520508}, {'grad_norm': 0.6267210245132446, 'learning_rate': 0.0, 'step': 1101, 'train_nelbo': 5.491555213928223}]",25.53237489052117,2660544,4,100000000000000.0,45105152,dense_dual_stream_attention_v1,0.028081278010322827,5.044881820678711,5.491555213928223,0.0081,287424,True,0.6,99965601841152,/root/shakespeare-dLM/scale_to_climbmix/results_curriculum/runs/1e14/0.29M/p_ar_0p6/result.json,1337,256,True,12,0.29M,complete,2753,5.662955582141876,5.639392644166946,0.1
2.694700291380286,413,73,486,1920192,64,0.023715710843090262,1943,"[{'grad_norm': 5.607508182525635, 'learning_rate': 8.350515463917525e-05, 'step': 1, 'train_nelbo': 7.749122619628906}, {'grad_norm': 1.0066559314727783, 'learning_rate': 0.0081, 'step': 97, 'train_nelbo': 6.160806655883789}, {'grad_norm': 1.0190902948379517, 'learning_rate': 0.0081, 'step': 194, 'train_nelbo': 6.456463813781738}, {'grad_norm': 0.873620331287384, 'learning_rate': 0.0081, 'step': 291, 'train_nelbo': 6.211667060852051}, {'grad_norm': 1.2077445983886719, 'learning_rate': 0.0081, 'step': 388, 'train_nelbo': 6.197686195373535}, {'grad_norm': 0.7902235388755798, 'learning_rate': 0.0081, 'step': 485, 'train_nelbo': 5.854244232177734}, {'grad_norm': 0.6797274351119995, 'learning_rate': 0.0081, 'step': 582, 'train_nelbo': 5.941191673278809}, {'grad_norm': 0.8617910146713257, 'learning_rate': 0.0081, 'step': 679, 'train_nelbo': 5.70250129699707}, {'grad_norm': 0.7207461595535278, 'learning_rate': 0.0081, 'step': 776, 'train_nelbo': 5.7577900886535645}, {'grad_norm': 0.9222736358642578, 'learning_rate': 0.0081, 'step': 873, 'train_nelbo': 5.785653591156006}, {'grad_norm': 0.7054955363273621, 'learning_rate': 0.0081, 'step': 970, 'train_nelbo': 5.73349666595459}, {'grad_norm': 0.6590757369995117, 'learning_rate': 0.0081, 'step': 1067, 'train_nelbo': 5.880521774291992}, {'grad_norm': 0.634005606174469, 'learning_rate': 0.0081, 'step': 1164, 'train_nelbo': 5.909321308135986}, {'grad_norm': 0.6000610589981079, 'learning_rate': 0.0081, 'step': 1261, 'train_nelbo': 5.8934736251831055}, {'grad_norm': 0.7461639046669006, 'learning_rate': 0.0081, 'step': 1358, 'train_nelbo': 6.1037726402282715}, {'grad_norm': 0.6332017183303833, 'learning_rate': 0.0081, 'step': 1455, 'train_nelbo': 5.962836742401123}, {'grad_norm': 1.0005013942718506, 'learning_rate': 0.0081, 'step': 1552, 'train_nelbo': 5.766936302185059}, {'grad_norm': 0.5318715572357178, 'learning_rate': 0.0081, 'step': 1649, 'train_nelbo': 5.764150619506836}, {'grad_norm': 0.820472240447998, 'learning_rate': 0.005502413793103448, 'step': 1746, 'train_nelbo': 5.422013759613037}, {'grad_norm': 0.6106509566307068, 'learning_rate': 0.002793103448275862, 'step': 1843, 'train_nelbo': 5.496757507324219}, {'grad_norm': 0.5676019787788391, 'learning_rate': 8.379310344827603e-05, 'step': 1940, 'train_nelbo': 5.612218856811523}, {'grad_norm': 0.645625650882721, 'learning_rate': 0.0, 'step': 1943, 'train_nelbo': 5.718287467956543}]",46.07962616812438,2660544,4,100000000000000.0,39796736,dense_dual_stream_attention_v1,0.024776398215428312,5.298323631286621,5.718287467956543,0.0081,287424,True,0.2,99985822580736,/root/shakespeare-dLM/scale_to_climbmix/results_curriculum/runs/1e14/0.29M/p_ar_0p2/result.json,1337,256,True,12,0.29M,complete,2429,5.600127890706062,5.586442023515701,0.1
1.596669279038906,201,35,236,1920192,64,0.024406530758786245,2123,"[{'grad_norm': 3.5843334197998047, 'learning_rate': 7.641509433962264e-05, 'step': 1, 'train_nelbo': 7.451676845550537}, {'grad_norm': 1.2393643856048584, 'learning_rate': 0.0081, 'step': 106, 'train_nelbo': 6.359394073486328}, {'grad_norm': 0.7162967920303345, 'learning_rate': 0.0081, 'step': 212, 'train_nelbo': 6.3737053871154785}, {'grad_norm': 0.6949476003646851, 'learning_rate': 0.0081, 'step': 318, 'train_nelbo': 6.326299667358398}, {'grad_norm': 0.7159640192985535, 'learning_rate': 0.0081, 'step': 424, 'train_nelbo': 6.0456695556640625}, {'grad_norm': 0.7320038080215454, 'learning_rate': 0.0081, 'step': 530, 'train_nelbo': 6.134671211242676}, {'grad_norm': 0.6662778258323669, 'learning_rate': 0.0081, 'step': 636, 'train_nelbo': 6.041986465454102}, {'grad_norm': 0.5652974843978882, 'learning_rate': 0.0081, 'step': 742, 'train_nelbo': 6.026492595672607}, {'grad_norm': 0.6649971604347229, 'learning_rate': 0.0081, 'step': 848, 'train_nelbo': 5.911393165588379}, {'grad_norm': 0.6455468535423279, 'learning_rate': 0.0081, 'step': 954, 'train_nelbo': 5.924357891082764}, {'grad_norm': 0.8879852890968323, 'learning_rate': 0.0081, 'step': 1060, 'train_nelbo': 5.840488433837891}, {'grad_norm': 0.9621254205703735, 'learning_rate': 0.0081, 'step': 1166, 'train_nelbo': 5.866026401519775}, {'grad_norm': 0.7351645231246948, 'learning_rate': 0.0081, 'step': 1272, 'train_nelbo': 5.825344562530518}, {'grad_norm': 0.787659764289856, 'learning_rate': 0.0081, 'step': 1378, 'train_nelbo': 6.024049758911133}, {'grad_norm': 0.5671695470809937, 'learning_rate': 0.0081, 'step': 1484, 'train_nelbo': 5.831939220428467}, {'grad_norm': 0.7073829770088196, 'learning_rate': 0.0081, 'step': 1590, 'train_nelbo': 5.935920715332031}, {'grad_norm': 0.7794649004936218, 'learning_rate': 0.0081, 'step': 1696, 'train_nelbo': 5.7512125968933105}, {'grad_norm': 0.6975398659706116, 'learning_rate': 0.0081, 'step': 1802, 'train_nelbo': 5.6880621910095215}, {'grad_norm': 0.6456326842308044, 'learning_rate': 0.005493690851735016, 'step': 1908, 'train_nelbo': 5.757025718688965}, {'grad_norm': 0.6871501803398132, 'learning_rate': 0.002785173501577287, 'step': 2014, 'train_nelbo': 5.649888515472412}, {'grad_norm': 0.4794352352619171, 'learning_rate': 7.665615141955878e-05, 'step': 2120, 'train_nelbo': 5.665850639343262}, {'grad_norm': 0.8010338544845581, 'learning_rate': 0.0, 'step': 2123, 'train_nelbo': 5.805092811584473}]",51.8150648009032,2660544,4,100000000000000.0,38649856,dense_dual_stream_attention_v1,0.02406238097579061,5.823093414306641,5.805092811584473,0.0081,287424,True,0.1,99966979670016,/root/shakespeare-dLM/scale_to_climbmix/results_curriculum/runs/1e14/0.29M/p_ar_0p1/result.json,1337,256,True,12,0.29M,complete,2359,5.617666706442833,5.608137771487236,0.1
2.547687322832644,877,155,1032,1920192,64,0.021891422300996936,1549,"[{'grad_norm': 12.495678901672363, 'learning_rate': 0.0001051948051948052, 'step': 1, 'train_nelbo': 7.582338333129883}, {'grad_norm': 1.13968026638031, 'learning_rate': 0.0081, 'step': 77, 'train_nelbo': 6.200754165649414}, {'grad_norm': 1.3588835000991821, 'learning_rate': 0.0081, 'step': 154, 'train_nelbo': 6.286689758300781}, {'grad_norm': 1.0777349472045898, 'learning_rate': 0.0081, 'step': 231, 'train_nelbo': 6.11638879776001}, {'grad_norm': 0.8531773686408997, 'learning_rate': 0.0081, 'step': 308, 'train_nelbo': 5.949108600616455}, {'grad_norm': 0.8023850917816162, 'learning_rate': 0.0081, 'step': 385, 'train_nelbo': 5.7707648277282715}, {'grad_norm': 0.9613053798675537, 'learning_rate': 0.0081, 'step': 462, 'train_nelbo': 5.996969223022461}, {'grad_norm': 0.6530916094779968, 'learning_rate': 0.0081, 'step': 539, 'train_nelbo': 5.904736042022705}, {'grad_norm': 0.7118083238601685, 'learning_rate': 0.0081, 'step': 616, 'train_nelbo': 5.785537242889404}, {'grad_norm': 0.891120195388794, 'learning_rate': 0.0081, 'step': 693, 'train_nelbo': 5.900075435638428}, {'grad_norm': 0.6304774284362793, 'learning_rate': 0.0081, 'step': 770, 'train_nelbo': 5.751777648925781}, {'grad_norm': 0.8037606477737427, 'learning_rate': 0.0081, 'step': 847, 'train_nelbo': 5.85933256149292}, {'grad_norm': 0.632381796836853, 'learning_rate': 0.0081, 'step': 924, 'train_nelbo': 5.635776996612549}, {'grad_norm': 0.7827792167663574, 'learning_rate': 0.0081, 'step': 1001, 'train_nelbo': 5.907171726226807}, {'grad_norm': 1.0545436143875122, 'learning_rate': 0.0081, 'step': 1078, 'train_nelbo': 6.085314750671387}, {'grad_norm': 0.6845513582229614, 'learning_rate': 0.0081, 'step': 1155, 'train_nelbo': 5.641630172729492}, {'grad_norm': 0.8393908143043518, 'learning_rate': 0.0081, 'step': 1232, 'train_nelbo': 5.802963733673096}, {'grad_norm': 0.7509168982505798, 'learning_rate': 0.0081, 'step': 1309, 'train_nelbo': 5.81773567199707}, {'grad_norm': 1.2541263103485107, 'learning_rate': 0.005715584415584415, 'step': 1386, 'train_nelbo': 6.207781791687012}, {'grad_norm': 0.6884174942970276, 'learning_rate': 0.003015584415584416, 'step': 1463, 'train_nelbo': 5.7482500076293945}, {'grad_norm': 1.1916747093200684, 'learning_rate': 0.00031558441558441567, 'step': 1540, 'train_nelbo': 5.888396263122559}, {'grad_norm': 0.8230188488960266, 'learning_rate': 0.0, 'step': 1549, 'train_nelbo': 5.73384952545166}]",33.909813144244254,2660544,4,100000000000000.0,42287104,dense_dual_stream_attention_v1,0.026326835650070185,5.250368118286133,5.73384952545166,0.0081,287424,True,0.4,99988615987200,/root/shakespeare-dLM/scale_to_climbmix/results_curriculum/runs/1e14/0.29M/p_ar_0p4/result.json,1337,256,True,12,0.29M,complete,2581,5.621231570839882,5.612670257687569,0.1
4.904795433394611,1132,200,1332,1920192,64,0.021938228916779563,1332,"[{'grad_norm': 14.61857795715332, 'learning_rate': 0.00012089552238805969, 'step': 1, 'train_nelbo': 7.804418087005615}, {'grad_norm': 0.9808027744293213, 'learning_rate': 0.00797910447761194, 'step': 66, 'train_nelbo': 6.384840965270996}, {'grad_norm': 0.8486084938049316, 'learning_rate': 0.0081, 'step': 132, 'train_nelbo': 6.323960781097412}, {'grad_norm': 0.771439254283905, 'learning_rate': 0.0081, 'step': 198, 'train_nelbo': 6.324764251708984}, {'grad_norm': 0.9330198764801025, 'learning_rate': 0.0081, 'step': 264, 'train_nelbo': 5.8897857666015625}, {'grad_norm': 0.8914664387702942, 'learning_rate': 0.0081, 'step': 330, 'train_nelbo': 5.837282657623291}, {'grad_norm': 0.8240038752555847, 'learning_rate': 0.0081, 'step': 396, 'train_nelbo': 6.004291534423828}, {'grad_norm': 0.806385338306427, 'learning_rate': 0.0081, 'step': 462, 'train_nelbo': 5.929584503173828}, {'grad_norm': 0.713454008102417, 'learning_rate': 0.0081, 'step': 528, 'train_nelbo': 5.913186073303223}, {'grad_norm': 1.593504786491394, 'learning_rate': 0.0081, 'step': 594, 'train_nelbo': 6.086338996887207}, {'grad_norm': 0.830879807472229, 'learning_rate': 0.0081, 'step': 660, 'train_nelbo': 5.841970443725586}, {'grad_norm': 0.697317361831665, 'learning_rate': 0.0081, 'step': 726, 'train_nelbo': 5.711813449859619}, {'grad_norm': 0.8890479207038879, 'learning_rate': 0.0081, 'step': 792, 'train_nelbo': 5.742206573486328}, {'grad_norm': 0.720681369304657, 'learning_rate': 0.0081, 'step': 858, 'train_nelbo': 5.876964569091797}, {'grad_norm': 0.7459740042686462, 'learning_rate': 0.0081, 'step': 924, 'train_nelbo': 5.56656551361084}, {'grad_norm': 1.0759413242340088, 'learning_rate': 0.0081, 'step': 990, 'train_nelbo': 5.986696243286133}, {'grad_norm': 0.8331800699234009, 'learning_rate': 0.0081, 'step': 1056, 'train_nelbo': 5.940544128417969}, {'grad_norm': 0.7228814959526062, 'learning_rate': 0.0081, 'step': 1122, 'train_nelbo': 5.671807289123535}, {'grad_norm': 0.8020115494728088, 'learning_rate': 0.005861306532663316, 'step': 1188, 'train_nelbo': 5.548557758331299}, {'grad_norm': 0.5943154692649841, 'learning_rate': 0.0031748743718592967, 'step': 1254, 'train_nelbo': 5.65083122253418}, {'grad_norm': 0.5591456890106201, 'learning_rate': 0.0004884422110552766, 'step': 1320, 'train_nelbo': 5.614575386047363}, {'grad_norm': 0.619024932384491, 'learning_rate': 0.0, 'step': 1332, 'train_nelbo': 5.609873294830322}]",29.22172091715038,2660544,4,100000000000000.0,43646976,dense_dual_stream_attention_v1,0.02717345609135489,5.103644371032715,5.609873294830322,0.0081,287424,True,0.5,99967637127168,/root/shakespeare-dLM/scale_to_climbmix/results_curriculum/runs/1e14/0.29M/p_ar_0p5/result.json,1337,256,True,12,0.29M,complete,2664,5.631277829408646,5.606043994426727,0.1
1.854072974063456,292,52,344,3612960,64,0.034670024669519246,803,"[{'grad_norm': 5.966702938079834, 'learning_rate': 6.75e-05, 'step': 1, 'train_nelbo': 7.368319511413574}, {'grad_norm': 2.128059148788452, 'learning_rate': 0.0027, 'step': 40, 'train_nelbo': 6.649144172668457}, {'grad_norm': 1.4708178043365479, 'learning_rate': 0.0027, 'step': 80, 'train_nelbo': 6.274994850158691}, {'grad_norm': 1.4835615158081055, 'learning_rate': 0.0027, 'step': 120, 'train_nelbo': 6.180079460144043}, {'grad_norm': 1.117405652999878, 'learning_rate': 0.0027, 'step': 160, 'train_nelbo': 6.130224227905273}, {'grad_norm': 1.3996927738189697, 'learning_rate': 0.0027, 'step': 200, 'train_nelbo': 6.010455131530762}, {'grad_norm': 1.5528498888015747, 'learning_rate': 0.0027, 'step': 240, 'train_nelbo': 6.073162078857422}, {'grad_norm': 0.9477220177650452, 'learning_rate': 0.0027, 'step': 280, 'train_nelbo': 6.156800270080566}, {'grad_norm': 0.9283550381660461, 'learning_rate': 0.0027, 'step': 320, 'train_nelbo': 5.83878755569458}, {'grad_norm': 0.9833517670631409, 'learning_rate': 0.0027, 'step': 360, 'train_nelbo': 5.91688346862793}, {'grad_norm': 1.0335419178009033, 'learning_rate': 0.0027, 'step': 400, 'train_nelbo': 5.9460954666137695}, {'grad_norm': 0.9467763304710388, 'learning_rate': 0.0027, 'step': 440, 'train_nelbo': 5.732532501220703}, {'grad_norm': 1.1918070316314697, 'learning_rate': 0.0027, 'step': 480, 'train_nelbo': 5.985286712646484}, {'grad_norm': 0.8523198962211609, 'learning_rate': 0.0027, 'step': 520, 'train_nelbo': 5.689662456512451}, {'grad_norm': 1.287939190864563, 'learning_rate': 0.0027, 'step': 560, 'train_nelbo': 6.022793769836426}, {'grad_norm': 1.0432156324386597, 'learning_rate': 0.0027, 'step': 600, 'train_nelbo': 5.662158012390137}, {'grad_norm': 1.535589575767517, 'learning_rate': 0.0027, 'step': 640, 'train_nelbo': 5.370761871337891}, {'grad_norm': 1.0616717338562012, 'learning_rate': 0.0027, 'step': 680, 'train_nelbo': 5.818943977355957}, {'grad_norm': 1.0185012817382812, 'learning_rate': 0.0018831932773109245, 'step': 720, 'train_nelbo': 5.820677757263184}, {'grad_norm': 0.8037424683570862, 'learning_rate': 0.0009756302521008405, 'step': 760, 'train_nelbo': 5.317258834838867}, {'grad_norm': 0.717134416103363, 'learning_rate': 6.806722689075637e-05, 'step': 800, 'train_nelbo': 5.603509426116943}, {'grad_norm': 0.7755823731422424, 'learning_rate': 0.0, 'step': 803, 'train_nelbo': 5.52974271774292}]",27.840029809623957,6045984,4,100000000000000.0,18792448,dense_dual_stream_attention_v1,0.0116996824837778,5.489802837371826,5.52974271774292,0.0027,504288,True,0.3,99906083094528,/root/shakespeare-dLM/scale_to_climbmix/results_curriculum/runs/1e14/0.5M/p_ar_0p3/result.json,1337,256,True,5,0.5M,complete,1147,5.587672993540764,5.582316771149635,0.1
4.167034035548568,678,120,798,3612960,64,0.0338481727364312,532,"[{'grad_norm': 11.913838386535645, 'learning_rate': 0.0001, 'step': 1, 'train_nelbo': 7.6569132804870605}, {'grad_norm': 2.280649423599243, 'learning_rate': 0.0026, 'step': 26, 'train_nelbo': 6.493200778961182}, {'grad_norm': 1.6665241718292236, 'learning_rate': 0.0027, 'step': 52, 'train_nelbo': 6.064740180969238}, {'grad_norm': 2.4220783710479736, 'learning_rate': 0.0027, 'step': 78, 'train_nelbo': 6.0338335037231445}, {'grad_norm': 1.5012491941452026, 'learning_rate': 0.0027, 'step': 104, 'train_nelbo': 5.917596817016602}, {'grad_norm': 1.6460494995117188, 'learning_rate': 0.0027, 'step': 130, 'train_nelbo': 5.994889259338379}, {'grad_norm': 1.9149200916290283, 'learning_rate': 0.0027, 'step': 156, 'train_nelbo': 6.077891826629639}, {'grad_norm': 1.2292758226394653, 'learning_rate': 0.0027, 'step': 182, 'train_nelbo': 5.583649635314941}, {'grad_norm': 1.705296516418457, 'learning_rate': 0.0027, 'step': 208, 'train_nelbo': 5.834498405456543}, {'grad_norm': 1.2514981031417847, 'learning_rate': 0.0027, 'step': 234, 'train_nelbo': 5.739238262176514}, {'grad_norm': 1.1297065019607544, 'learning_rate': 0.0027, 'step': 260, 'train_nelbo': 5.62179708480835}, {'grad_norm': 1.2565677165985107, 'learning_rate': 0.0027, 'step': 286, 'train_nelbo': 5.736217498779297}, {'grad_norm': 1.2360680103302002, 'learning_rate': 0.0027, 'step': 312, 'train_nelbo': 5.749323844909668}, {'grad_norm': 1.1879175901412964, 'learning_rate': 0.0027, 'step': 338, 'train_nelbo': 5.579168319702148}, {'grad_norm': 1.2210052013397217, 'learning_rate': 0.0027, 'step': 364, 'train_nelbo': 5.8552398681640625}, {'grad_norm': 1.5172927379608154, 'learning_rate': 0.0027, 'step': 390, 'train_nelbo': 5.843372344970703}, {'grad_norm': 1.2828052043914795, 'learning_rate': 0.0027, 'step': 416, 'train_nelbo': 5.680437088012695}, {'grad_norm': 0.9885752201080322, 'learning_rate': 0.0027, 'step': 442, 'train_nelbo': 5.772790908813477}, {'grad_norm': 1.3394650220870972, 'learning_rate': 0.0021873417721518986, 'step': 468, 'train_nelbo': 5.6789045333862305}, {'grad_norm': 1.0344728231430054, 'learning_rate': 0.00129873417721519, 'step': 494, 'train_nelbo': 5.683582305908203}, {'grad_norm': 0.9774032235145569, 'learning_rate': 0.0004101265822784811, 'step': 520, 'train_nelbo': 5.5587992668151855}, {'grad_norm': 1.181522011756897, 'learning_rate': 0.0, 'step': 532, 'train_nelbo': 5.651482105255127}]",18.007227895781398,6045984,4,100000000000000.0,21790720,dense_dual_stream_attention_v1,0.013566327553116368,5.048646926879883,5.651482105255127,0.0027,504288,True,0.6,99935937626112,/root/shakespeare-dLM/scale_to_climbmix/results_curriculum/runs/1e14/0.5M/p_ar_0p6/result.json,1337,256,True,5,0.5M,complete,1330,5.559162080287933,5.54223196208477,0.1
1.0570269478484988,186,33,219,3612960,64,0.03377669957065467,878,"[{'grad_norm': 6.719909191131592, 'learning_rate': 6.136363636363636e-05, 'step': 1, 'train_nelbo': 7.412492275238037}, {'grad_norm': 2.5175747871398926, 'learning_rate': 0.002638636363636364, 'step': 43, 'train_nelbo': 6.825318813323975}, {'grad_norm': 1.1372658014297485, 'learning_rate': 0.0027, 'step': 86, 'train_nelbo': 6.479006290435791}, {'grad_norm': 1.1043339967727661, 'learning_rate': 0.0027, 'step': 129, 'train_nelbo': 6.494525909423828}, {'grad_norm': 0.9112199544906616, 'learning_rate': 0.0027, 'step': 172, 'train_nelbo': 6.299435615539551}, {'grad_norm': 0.8824642896652222, 'learning_rate': 0.0027, 'step': 215, 'train_nelbo': 6.149133682250977}, {'grad_norm': 0.891261875629425, 'learning_rate': 0.0027, 'step': 258, 'train_nelbo': 6.013261795043945}, {'grad_norm': 0.7715306878089905, 'learning_rate': 0.0027, 'step': 301, 'train_nelbo': 6.001405239105225}, {'grad_norm': 0.9226171374320984, 'learning_rate': 0.0027, 'step': 344, 'train_nelbo': 5.857512474060059}, {'grad_norm': 0.9038211107254028, 'learning_rate': 0.0027, 'step': 387, 'train_nelbo': 6.080808639526367}, {'grad_norm': 0.7765558958053589, 'learning_rate': 0.0027, 'step': 430, 'train_nelbo': 5.864353656768799}, {'grad_norm': 0.8117013573646545, 'learning_rate': 0.0027, 'step': 473, 'train_nelbo': 5.639208793640137}, {'grad_norm': 0.8688594102859497, 'learning_rate': 0.0027, 'step': 516, 'train_nelbo': 5.890809535980225}, {'grad_norm': 0.8205722570419312, 'learning_rate': 0.0027, 'step': 559, 'train_nelbo': 5.869076251983643}, {'grad_norm': 0.71697998046875, 'learning_rate': 0.0027, 'step': 602, 'train_nelbo': 5.709954261779785}, {'grad_norm': 0.8127906918525696, 'learning_rate': 0.0027, 'step': 645, 'train_nelbo': 5.865853309631348}, {'grad_norm': 1.1186200380325317, 'learning_rate': 0.0027, 'step': 688, 'train_nelbo': 5.761068344116211}, {'grad_norm': 0.8413476943969727, 'learning_rate': 0.0027, 'step': 731, 'train_nelbo': 5.7339582443237305}, {'grad_norm': 0.7998519539833069, 'learning_rate': 0.0021435114503816793, 'step': 774, 'train_nelbo': 5.853202819824219}, {'grad_norm': 0.9816920757293701, 'learning_rate': 0.0012572519083969467, 'step': 817, 'train_nelbo': 5.923041820526123}, {'grad_norm': 0.7185128927230835, 'learning_rate': 0.0003709923664122138, 'step': 860, 'train_nelbo': 5.677028656005859}, {'grad_norm': 0.7091715931892395, 'learning_rate': 0.0, 'step': 878, 'train_nelbo': 5.590782642364502}]",29.6559422230348,6045984,4,100000000000000.0,17973248,dense_dual_stream_attention_v1,0.011189670169750868,5.891438961029053,5.590782642364502,0.0027,504288,True,0.2,99936046153728,/root/shakespeare-dLM/scale_to_climbmix/results_curriculum/runs/1e14/0.5M/p_ar_0p2/result.json,1337,256,True,5,0.5M,complete,1097,5.663757011294365,5.662190869450569,0.1
0.9383542072027922,89,16,105,3612960,64,0.032191751835903205,946,"[{'grad_norm': 6.298123359680176, 'learning_rate': 5.74468085106383e-05, 'step': 1, 'train_nelbo': 7.546417713165283}, {'grad_norm': 0.5523697733879089, 'learning_rate': 0.0027, 'step': 47, 'train_nelbo': 7.155889987945557}, {'grad_norm': 1.392905831336975, 'learning_rate': 0.0027, 'step': 94, 'train_nelbo': 6.9494524002075195}, {'grad_norm': 1.0569835901260376, 'learning_rate': 0.0027, 'step': 141, 'train_nelbo': 6.501760482788086}, {'grad_norm': 1.3941937685012817, 'learning_rate': 0.0027, 'step': 188, 'train_nelbo': 6.984185218811035}, {'grad_norm': 1.2508063316345215, 'learning_rate': 0.0027, 'step': 235, 'train_nelbo': 6.674692153930664}, {'grad_norm': 0.8183555006980896, 'learning_rate': 0.0027, 'step': 282, 'train_nelbo': 6.058222770690918}, {'grad_norm': 0.7971317768096924, 'learning_rate': 0.0027, 'step': 329, 'train_nelbo': 6.25657844543457}, {'grad_norm': 1.1086028814315796, 'learning_rate': 0.0027, 'step': 376, 'train_nelbo': 6.491235256195068}, {'grad_norm': 1.2647547721862793, 'learning_rate': 0.0027, 'step': 423, 'train_nelbo': 5.938010215759277}, {'grad_norm': 0.8102595210075378, 'learning_rate': 0.0027, 'step': 470, 'train_nelbo': 6.368734359741211}, {'grad_norm': 0.7642856240272522, 'learning_rate': 0.0027, 'step': 517, 'train_nelbo': 6.092310905456543}, {'grad_norm': 0.7120169997215271, 'learning_rate': 0.0027, 'step': 564, 'train_nelbo': 5.849695205688477}, {'grad_norm': 0.7431323528289795, 'learning_rate': 0.0027, 'step': 611, 'train_nelbo': 6.148891448974609}, {'grad_norm': 0.7464675903320312, 'learning_rate': 0.0027, 'step': 658, 'train_nelbo': 5.963723182678223}, {'grad_norm': 0.8462165594100952, 'learning_rate': 0.0027, 'step': 705, 'train_nelbo': 5.840514183044434}, {'grad_norm': 0.7241251468658447, 'learning_rate': 0.0027, 'step': 752, 'train_nelbo': 6.072296142578125}, {'grad_norm': 1.1078975200653076, 'learning_rate': 0.0027, 'step': 799, 'train_nelbo': 6.0100417137146}, {'grad_norm': 0.645218014717102, 'learning_rate': 0.0019148936170212767, 'step': 846, 'train_nelbo': 5.887312889099121}, {'grad_norm': 0.6446740627288818, 'learning_rate': 0.0010148936170212765, 'step': 893, 'train_nelbo': 5.880336761474609}, {'grad_norm': 0.7333362698554993, 'learning_rate': 0.00011489361702127647, 'step': 940, 'train_nelbo': 5.939699172973633}, {'grad_norm': 0.524775505065918, 'learning_rate': 0.0, 'step': 946, 'train_nelbo': 5.612515449523926}]",30.45339723676443,6045984,4,100000000000000.0,17219584,dense_dual_stream_attention_v1,0.010720458840846093,6.4173479080200195,5.612515449523926,0.0027,504288,True,0.1,99923749502976,/root/shakespeare-dLM/scale_to_climbmix/results_curriculum/runs/1e14/0.5M/p_ar_0p1/result.json,1337,256,True,5,0.5M,complete,1051,5.835143983364105,5.863450720906258,0.1
2.896653105504811,409,72,481,3612960,64,0.035129353678798166,722,"[{'grad_norm': 7.20665979385376, 'learning_rate': 7.500000000000001e-05, 'step': 1, 'train_nelbo': 7.641181468963623}, {'grad_norm': 2.3254692554473877, 'learning_rate': 0.0027, 'step': 36, 'train_nelbo': 6.642127990722656}, {'grad_norm': 1.2755497694015503, 'learning_rate': 0.0027, 'step': 72, 'train_nelbo': 6.035443305969238}, {'grad_norm': 1.910463809967041, 'learning_rate': 0.0027, 'step': 108, 'train_nelbo': 6.586017608642578}, {'grad_norm': 1.0751537084579468, 'learning_rate': 0.0027, 'step': 144, 'train_nelbo': 5.935225486755371}, {'grad_norm': 1.4891321659088135, 'learning_rate': 0.0027, 'step': 180, 'train_nelbo': 5.922314643859863}, {'grad_norm': 0.9563646912574768, 'learning_rate': 0.0027, 'step': 216, 'train_nelbo': 5.577096462249756}, {'grad_norm': 1.7367299795150757, 'learning_rate': 0.0027, 'step': 252, 'train_nelbo': 6.117331504821777}, {'grad_norm': 1.0855231285095215, 'learning_rate': 0.0027, 'step': 288, 'train_nelbo': 5.895124435424805}, {'grad_norm': 1.2850300073623657, 'learning_rate': 0.0027, 'step': 324, 'train_nelbo': 5.953380107879639}, {'grad_norm': 0.9125751852989197, 'learning_rate': 0.0027, 'step': 360, 'train_nelbo': 5.654346942901611}, {'grad_norm': 0.956702470779419, 'learning_rate': 0.0027, 'step': 396, 'train_nelbo': 5.828975677490234}, {'grad_norm': 1.5526148080825806, 'learning_rate': 0.0027, 'step': 432, 'train_nelbo': 5.787201881408691}, {'grad_norm': 0.9976575374603271, 'learning_rate': 0.0027, 'step': 468, 'train_nelbo': 5.941713809967041}, {'grad_norm': 1.205185055732727, 'learning_rate': 0.0027, 'step': 504, 'train_nelbo': 5.887849807739258}, {'grad_norm': 1.0038243532180786, 'learning_rate': 0.0027, 'step': 540, 'train_nelbo': 5.723250865936279}, {'grad_norm': 1.1600911617279053, 'learning_rate': 0.0027, 'step': 576, 'train_nelbo': 5.543324947357178}, {'grad_norm': 1.0260087251663208, 'learning_rate': 0.0027, 'step': 612, 'train_nelbo': 5.458800315856934}, {'grad_norm': 1.303503394126892, 'learning_rate': 0.0018672897196261686, 'step': 648, 'train_nelbo': 5.583951473236084}, {'grad_norm': 0.9208427667617798, 'learning_rate': 0.0009588785046728974, 'step': 684, 'train_nelbo': 5.430042266845703}, {'grad_norm': 0.702528178691864, 'learning_rate': 5.0467289719626175e-05, 'step': 720, 'train_nelbo': 5.574700355529785}, {'grad_norm': 0.9316543936729431, 'learning_rate': 0.0, 'step': 722, 'train_nelbo': 5.687153339385986}]",25.363393356092274,6045984,4,100000000000000.0,19709952,dense_dual_stream_attention_v1,0.012270896275487962,5.540970802307129,5.687153339385986,0.0027,504288,True,0.4,99992112463872,/root/shakespeare-dLM/scale_to_climbmix/results_curriculum/runs/1e14/0.5M/p_ar_0p4/result.json,1337,256,True,5,0.5M,complete,1203,5.569742888212204,5.551810264587402,0.1
2.857980224303901,537,95,632,3612960,64,0.03193331082984687,631,"[{'grad_norm': 8.599008560180664, 'learning_rate': 8.4375e-05, 'step': 1, 'train_nelbo': 7.583310604095459}, {'grad_norm': 2.092904567718506, 'learning_rate': 0.0026156250000000003, 'step': 31, 'train_nelbo': 6.287606716156006}, {'grad_norm': 1.6131514310836792, 'learning_rate': 0.0027, 'step': 62, 'train_nelbo': 6.284667491912842}, {'grad_norm': 1.3750404119491577, 'learning_rate': 0.0027, 'step': 93, 'train_nelbo': 5.882437705993652}, {'grad_norm': 1.5164480209350586, 'learning_rate': 0.0027, 'step': 124, 'train_nelbo': 6.061675548553467}, {'grad_norm': 1.6334872245788574, 'learning_rate': 0.0027, 'step': 155, 'train_nelbo': 6.05247163772583}, {'grad_norm': 1.5377320051193237, 'learning_rate': 0.0027, 'step': 186, 'train_nelbo': 5.80482292175293}, {'grad_norm': 1.2494170665740967, 'learning_rate': 0.0027, 'step': 217, 'train_nelbo': 5.877214431762695}, {'grad_norm': 1.3889918327331543, 'learning_rate': 0.0027, 'step': 248, 'train_nelbo': 5.969978332519531}, {'grad_norm': 1.7177292108535767, 'learning_rate': 0.0027, 'step': 279, 'train_nelbo': 5.935663223266602}, {'grad_norm': 1.030091643333435, 'learning_rate': 0.0027, 'step': 310, 'train_nelbo': 5.779135227203369}, {'grad_norm': 0.940548300743103, 'learning_rate': 0.0027, 'step': 341, 'train_nelbo': 5.581364631652832}, {'grad_norm': 1.4600921869277954, 'learning_rate': 0.0027, 'step': 372, 'train_nelbo': 5.850452423095703}, {'grad_norm': 0.9725573658943176, 'learning_rate': 0.0027, 'step': 403, 'train_nelbo': 5.562973976135254}, {'grad_norm': 1.0201491117477417, 'learning_rate': 0.0027, 'step': 434, 'train_nelbo': 5.696381568908691}, {'grad_norm': 1.0823626518249512, 'learning_rate': 0.0027, 'step': 465, 'train_nelbo': 5.521006107330322}, {'grad_norm': 0.9789681434631348, 'learning_rate': 0.0027, 'step': 496, 'train_nelbo': 5.406692981719971}, {'grad_norm': 1.2418678998947144, 'learning_rate': 0.0027, 'step': 527, 'train_nelbo': 5.8270721435546875}, {'grad_norm': 1.109973430633545, 'learning_rate': 0.002096808510638298, 'step': 558, 'train_nelbo': 5.733705520629883}, {'grad_norm': 1.500150203704834, 'learning_rate': 0.0012063829787234042, 'step': 589, 'train_nelbo': 5.699581146240234}, {'grad_norm': 0.8585206270217896, 'learning_rate': 0.00031595744680851067, 'step': 620, 'train_nelbo': 5.310465335845947}, {'grad_norm': 1.1143064498901367, 'learning_rate': 0.0, 'step': 631, 'train_nelbo': 5.695937156677246}]",20.149919133633375,6045984,4,100000000000000.0,20692992,dense_dual_stream_attention_v1,0.01288291105232028,5.206231594085693,5.695937156677246,0.0027,504288,True,0.5,99916294127616,/root/shakespeare-dLM/scale_to_climbmix/results_curriculum/runs/1e14/0.5M/p_ar_0p5/result.json,1337,256,True,5,0.5M,complete,1263,5.5526872128248215,5.540785625576973,0.1
0.9039624780416489,153,27,180,6774240,64,0.03806197348840517,421,"[{'grad_norm': 12.288101196289062, 'learning_rate': 0.00012857142857142858, 'step': 1, 'train_nelbo': 7.535451889038086}, {'grad_norm': 1.4127942323684692, 'learning_rate': 0.0027, 'step': 21, 'train_nelbo': 6.804522514343262}, {'grad_norm': 0.7321907877922058, 'learning_rate': 0.0027, 'step': 42, 'train_nelbo': 6.531581878662109}, {'grad_norm': 0.5747600793838501, 'learning_rate': 0.0027, 'step': 63, 'train_nelbo': 6.6552557945251465}, {'grad_norm': 0.6706343293190002, 'learning_rate': 0.0027, 'step': 84, 'train_nelbo': 6.226849555969238}, {'grad_norm': 0.8383273482322693, 'learning_rate': 0.0027, 'step': 105, 'train_nelbo': 6.648804664611816}, {'grad_norm': 0.5232031345367432, 'learning_rate': 0.0027, 'step': 126, 'train_nelbo': 6.213144302368164}, {'grad_norm': 0.6122210621833801, 'learning_rate': 0.0027, 'step': 147, 'train_nelbo': 6.387592315673828}, {'grad_norm': 0.7828168272972107, 'learning_rate': 0.0027, 'step': 168, 'train_nelbo': 6.604619979858398}, {'grad_norm': 1.2632710933685303, 'learning_rate': 0.0027, 'step': 189, 'train_nelbo': 6.672682762145996}, {'grad_norm': 0.5560907125473022, 'learning_rate': 0.0027, 'step': 210, 'train_nelbo': 5.906617164611816}, {'grad_norm': 0.6800134181976318, 'learning_rate': 0.0027, 'step': 231, 'train_nelbo': 6.169647216796875}, {'grad_norm': 1.062196135520935, 'learning_rate': 0.0027, 'step': 252, 'train_nelbo': 6.429577350616455}, {'grad_norm': 0.6473907232284546, 'learning_rate': 0.0027, 'step': 273, 'train_nelbo': 6.01417875289917}, {'grad_norm': 0.5703995227813721, 'learning_rate': 0.0027, 'step': 294, 'train_nelbo': 5.837130546569824}, {'grad_norm': 0.6526007652282715, 'learning_rate': 0.0027, 'step': 315, 'train_nelbo': 6.288870811462402}, {'grad_norm': 0.6270520687103271, 'learning_rate': 0.0027, 'step': 336, 'train_nelbo': 6.07050895690918}, {'grad_norm': 0.4988270401954651, 'learning_rate': 0.0027, 'step': 357, 'train_nelbo': 5.864193916320801}, {'grad_norm': 0.5166196823120117, 'learning_rate': 0.0018725806451612905, 'step': 378, 'train_nelbo': 6.123797416687012}, {'grad_norm': 0.7361419796943665, 'learning_rate': 0.0009580645161290323, 'step': 399, 'train_nelbo': 6.270129680633545}, {'grad_norm': 0.5462728142738342, 'learning_rate': 4.354838709677416e-05, 'step': 420, 'train_nelbo': 5.843925476074219}, {'grad_norm': 0.5315274596214294, 'learning_rate': 0.0, 'step': 421, 'train_nelbo': 6.040657043457031}]",16.024090838618577,11581920,4,100000000000000.0,9846784,dense_dual_stream_attention_v1,0.006130348014603712,5.88967227935791,6.040657043457031,0.0027,965920,True,0.3,99866239303680,/root/shakespeare-dLM/scale_to_climbmix/results_curriculum/runs/1e14/1M/p_ar_0p3/result.json,1337,256,True,3,1M,complete,601,5.932828143239021,5.948727861046791,0.1
2.729652560316026,358,63,421,6774240,64,0.04346342777966389,280,"[{'grad_norm': 15.744879722595215, 'learning_rate': 0.00019285714285714286, 'step': 1, 'train_nelbo': 7.66605806350708}, {'grad_norm': 1.7901556491851807, 'learning_rate': 0.0027, 'step': 14, 'train_nelbo': 6.733799934387207}, {'grad_norm': 0.9570729732513428, 'learning_rate': 0.0027, 'step': 28, 'train_nelbo': 6.571847438812256}, {'grad_norm': 1.0035648345947266, 'learning_rate': 0.0027, 'step': 42, 'train_nelbo': 6.229214191436768}, {'grad_norm': 1.7423018217086792, 'learning_rate': 0.0027, 'step': 56, 'train_nelbo': 6.937088489532471}, {'grad_norm': 0.8363062143325806, 'learning_rate': 0.0027, 'step': 70, 'train_nelbo': 6.081786155700684}, {'grad_norm': 0.9527398943901062, 'learning_rate': 0.0027, 'step': 84, 'train_nelbo': 5.934970855712891}, {'grad_norm': 0.7350878119468689, 'learning_rate': 0.0027, 'step': 98, 'train_nelbo': 6.074093818664551}, {'grad_norm': 0.7869064211845398, 'learning_rate': 0.0027, 'step': 112, 'train_nelbo': 6.120134353637695}, {'grad_norm': 0.8180617690086365, 'learning_rate': 0.0027, 'step': 126, 'train_nelbo': 5.766558647155762}, {'grad_norm': 1.1765574216842651, 'learning_rate': 0.0027, 'step': 140, 'train_nelbo': 6.601454734802246}, {'grad_norm': 0.9266758561134338, 'learning_rate': 0.0027, 'step': 154, 'train_nelbo': 6.1087846755981445}, {'grad_norm': 1.0523903369903564, 'learning_rate': 0.0027, 'step': 168, 'train_nelbo': 6.188138961791992}, {'grad_norm': 0.7714369893074036, 'learning_rate': 0.0027, 'step': 182, 'train_nelbo': 5.785494327545166}, {'grad_norm': 0.8044635653495789, 'learning_rate': 0.0027, 'step': 196, 'train_nelbo': 6.0213165283203125}, {'grad_norm': 0.5462831258773804, 'learning_rate': 0.0027, 'step': 210, 'train_nelbo': 5.772617816925049}, {'grad_norm': 0.7906318306922913, 'learning_rate': 0.0027, 'step': 224, 'train_nelbo': 5.977012634277344}, {'grad_norm': 0.802414059638977, 'learning_rate': 0.0027, 'step': 238, 'train_nelbo': 5.889130592346191}, {'grad_norm': 2.1561548709869385, 'learning_rate': 0.00184390243902439, 'step': 252, 'train_nelbo': 5.833659648895264}, {'grad_norm': 0.7719915509223938, 'learning_rate': 0.000921951219512195, 'step': 266, 'train_nelbo': 5.912111282348633}, {'grad_norm': 0.6220232844352722, 'learning_rate': 0.0, 'step': 280, 'train_nelbo': 5.8822855949401855}]",12.169759778305888,11581920,4,100000000000000.0,11485184,dense_dual_stream_attention_v1,0.007150372642657574,5.324096202850342,5.8822855949401855,0.0027,965920,True,0.6,99858721013760,/root/shakespeare-dLM/scale_to_climbmix/results_curriculum/runs/1e14/1M/p_ar_0p6/result.json,1337,256,True,3,1M,complete,701,5.79227152466774,5.7849999368190765,0.1
0.9340499257668853,98,17,115,6774240,64,0.04308770932378917,459,"[{'grad_norm': 18.109216690063477, 'learning_rate': 0.00011739130434782609, 'step': 1, 'train_nelbo': 7.644193649291992}, {'grad_norm': 1.6573278903961182, 'learning_rate': 0.002582608695652174, 'step': 22, 'train_nelbo': 7.215662002563477}, {'grad_norm': 1.427451252937317, 'learning_rate': 0.0027, 'step': 44, 'train_nelbo': 6.756645202636719}, {'grad_norm': 0.7131046652793884, 'learning_rate': 0.0027, 'step': 66, 'train_nelbo': 6.586969375610352}, {'grad_norm': 0.6656516194343567, 'learning_rate': 0.0027, 'step': 88, 'train_nelbo': 6.589021682739258}, {'grad_norm': 0.4680551588535309, 'learning_rate': 0.0027, 'step': 110, 'train_nelbo': 6.682392597198486}, {'grad_norm': 0.7250303030014038, 'learning_rate': 0.0027, 'step': 132, 'train_nelbo': 6.697847843170166}, {'grad_norm': 0.6757034063339233, 'learning_rate': 0.0027, 'step': 154, 'train_nelbo': 6.479471206665039}, {'grad_norm': 0.5528301000595093, 'learning_rate': 0.0027, 'step': 176, 'train_nelbo': 6.20942497253418}, {'grad_norm': 0.8267679214477539, 'learning_rate': 0.0027, 'step': 198, 'train_nelbo': 6.27962589263916}, {'grad_norm': 0.4529288411140442, 'learning_rate': 0.0027, 'step': 220, 'train_nelbo': 6.142341613769531}, {'grad_norm': 0.580544114112854, 'learning_rate': 0.0027, 'step': 242, 'train_nelbo': 6.145916938781738}, {'grad_norm': 0.6911688446998596, 'learning_rate': 0.0027, 'step': 264, 'train_nelbo': 6.220373153686523}, {'grad_norm': 0.5223831534385681, 'learning_rate': 0.0027, 'step': 286, 'train_nelbo': 6.046666622161865}, {'grad_norm': 0.5417660474777222, 'learning_rate': 0.0027, 'step': 308, 'train_nelbo': 6.305517196655273}, {'grad_norm': 0.691031813621521, 'learning_rate': 0.0027, 'step': 330, 'train_nelbo': 6.149497985839844}, {'grad_norm': 0.5037890672683716, 'learning_rate': 0.0027, 'step': 352, 'train_nelbo': 5.988238334655762}, {'grad_norm': 0.44723477959632874, 'learning_rate': 0.0027, 'step': 374, 'train_nelbo': 6.044593334197998}, {'grad_norm': 0.6463719606399536, 'learning_rate': 0.0025014705882352942, 'step': 396, 'train_nelbo': 5.958256721496582}, {'grad_norm': 0.49690088629722595, 'learning_rate': 0.0016279411764705885, 'step': 418, 'train_nelbo': 5.939794063568115}, {'grad_norm': 0.4732625484466553, 'learning_rate': 0.0007544117647058825, 'step': 440, 'train_nelbo': 6.100319862365723}, {'grad_norm': 0.4384235739707947, 'learning_rate': 0.0, 'step': 459, 'train_nelbo': 6.2456512451171875}]",19.77725857961923,11581920,4,100000000000000.0,9404416,dense_dual_stream_attention_v1,0.005854941365029169,6.329318523406982,6.2456512451171875,0.0027,965920,True,0.2,99862755409920,/root/shakespeare-dLM/scale_to_climbmix/results_curriculum/runs/1e14/1M/p_ar_0p2/result.json,1337,256,True,3,1M,complete,574,6.001123607158661,6.029686704277992,0.1
0.5403112163767219,47,8,55,6774240,64,0.042597478298990715,494,"[{'grad_norm': 2.850174903869629, 'learning_rate': 0.00010800000000000001, 'step': 1, 'train_nelbo': 7.534814834594727}, {'grad_norm': 0.4550643265247345, 'learning_rate': 0.0025919999999999997, 'step': 24, 'train_nelbo': 7.288509368896484}, {'grad_norm': 0.34654802083969116, 'learning_rate': 0.0027, 'step': 48, 'train_nelbo': 7.106382846832275}, {'grad_norm': 0.5840493440628052, 'learning_rate': 0.0027, 'step': 72, 'train_nelbo': 6.8125319480896}, {'grad_norm': 1.0944422483444214, 'learning_rate': 0.0027, 'step': 96, 'train_nelbo': 7.2167510986328125}, {'grad_norm': 0.5438011884689331, 'learning_rate': 0.0027, 'step': 120, 'train_nelbo': 6.580836772918701}, {'grad_norm': 1.087060809135437, 'learning_rate': 0.0027, 'step': 144, 'train_nelbo': 6.784605979919434}, {'grad_norm': 0.4774444103240967, 'learning_rate': 0.0027, 'step': 168, 'train_nelbo': 6.722838401794434}, {'grad_norm': 0.8434043526649475, 'learning_rate': 0.0027, 'step': 192, 'train_nelbo': 6.820836067199707}, {'grad_norm': 0.6143273115158081, 'learning_rate': 0.0027, 'step': 216, 'train_nelbo': 6.2256293296813965}, {'grad_norm': 0.7023710012435913, 'learning_rate': 0.0027, 'step': 240, 'train_nelbo': 6.616028785705566}, {'grad_norm': 0.8950729966163635, 'learning_rate': 0.0027, 'step': 264, 'train_nelbo': 6.405106544494629}, {'grad_norm': 0.7748100161552429, 'learning_rate': 0.0027, 'step': 288, 'train_nelbo': 6.430305004119873}, {'grad_norm': 0.5178387761116028, 'learning_rate': 0.0027, 'step': 312, 'train_nelbo': 6.247828006744385}, {'grad_norm': 0.4976913034915924, 'learning_rate': 0.0027, 'step': 336, 'train_nelbo': 6.361841201782227}, {'grad_norm': 0.6703863739967346, 'learning_rate': 0.0027, 'step': 360, 'train_nelbo': 6.175576210021973}, {'grad_norm': 0.5492004156112671, 'learning_rate': 0.0027, 'step': 384, 'train_nelbo': 6.460649490356445}, {'grad_norm': 0.7897131443023682, 'learning_rate': 0.0027, 'step': 408, 'train_nelbo': 6.0073981285095215}, {'grad_norm': 0.7254789471626282, 'learning_rate': 0.0022931506849315072, 'step': 432, 'train_nelbo': 6.413701057434082}, {'grad_norm': 0.5087758898735046, 'learning_rate': 0.001405479452054795, 'step': 456, 'train_nelbo': 6.020625114440918}, {'grad_norm': 0.5179286003112793, 'learning_rate': 0.0005178082191780822, 'step': 480, 'train_nelbo': 6.239665985107422}, {'grad_norm': 0.4855922758579254, 'learning_rate': 0.0, 'step': 494, 'train_nelbo': 6.210860729217529}]",21.04315427970141,11581920,4,100000000000000.0,8994816,dense_dual_stream_attention_v1,0.005599935208015704,6.886030197143555,6.210860729217529,0.0027,965920,True,0.1,99844942725120,/root/shakespeare-dLM/scale_to_climbmix/results_curriculum/runs/1e14/1M/p_ar_0p1/result.json,1337,256,True,3,1M,complete,549,6.132761985063553,6.161766543984413,0.1
1.1533190105110407,214,38,252,6774240,64,0.04179345211874212,379,"[{'grad_norm': 13.526126861572266, 'learning_rate': 0.00014210526315789474, 'step': 1, 'train_nelbo': 7.390502452850342}, {'grad_norm': 1.6851886510849, 'learning_rate': 0.0025578947368421054, 'step': 18, 'train_nelbo': 7.018740653991699}, {'grad_norm': 1.1174010038375854, 'learning_rate': 0.0027, 'step': 36, 'train_nelbo': 6.783477783203125}, {'grad_norm': 0.7345152497291565, 'learning_rate': 0.0027, 'step': 54, 'train_nelbo': 6.4209747314453125}, {'grad_norm': 0.5289120674133301, 'learning_rate': 0.0027, 'step': 72, 'train_nelbo': 6.31527853012085}, {'grad_norm': 0.7370588779449463, 'learning_rate': 0.0027, 'step': 90, 'train_nelbo': 6.389809608459473}, {'grad_norm': 0.756630539894104, 'learning_rate': 0.0027, 'step': 108, 'train_nelbo': 6.465691089630127}, {'grad_norm': 0.7637172341346741, 'learning_rate': 0.0027, 'step': 126, 'train_nelbo': 6.348029136657715}, {'grad_norm': 0.5937648415565491, 'learning_rate': 0.0027, 'step': 144, 'train_nelbo': 6.224222183227539}, {'grad_norm': 0.7059760689735413, 'learning_rate': 0.0027, 'step': 162, 'train_nelbo': 6.094239234924316}, {'grad_norm': 0.6592538952827454, 'learning_rate': 0.0027, 'step': 180, 'train_nelbo': 6.14892578125}, {'grad_norm': 0.811402440071106, 'learning_rate': 0.0027, 'step': 198, 'train_nelbo': 6.553485870361328}, {'grad_norm': 0.6887427568435669, 'learning_rate': 0.0027, 'step': 216, 'train_nelbo': 5.887847423553467}, {'grad_norm': 0.7153357863426208, 'learning_rate': 0.0027, 'step': 234, 'train_nelbo': 5.956119537353516}, {'grad_norm': 1.1038411855697632, 'learning_rate': 0.0027, 'step': 252, 'train_nelbo': 6.246510982513428}, {'grad_norm': 0.5667699575424194, 'learning_rate': 0.0027, 'step': 270, 'train_nelbo': 5.844907760620117}, {'grad_norm': 0.6401731967926025, 'learning_rate': 0.0027, 'step': 288, 'train_nelbo': 6.045428276062012}, {'grad_norm': 0.5808727145195007, 'learning_rate': 0.0027, 'step': 306, 'train_nelbo': 6.105586528778076}, {'grad_norm': 0.5631394982337952, 'learning_rate': 0.002651785714285714, 'step': 324, 'train_nelbo': 5.969618320465088}, {'grad_norm': 1.2713545560836792, 'learning_rate': 0.0017839285714285715, 'step': 342, 'train_nelbo': 6.190391540527344}, {'grad_norm': 0.6720219254493713, 'learning_rate': 0.0009160714285714286, 'step': 360, 'train_nelbo': 5.827713966369629}, {'grad_norm': 0.6040819883346558, 'learning_rate': 4.8214285714285845e-05, 'step': 378, 'train_nelbo': 6.068916320800781}, {'grad_norm': 0.41366997361183167, 'learning_rate': 0.0, 'step': 379, 'train_nelbo': 5.84593391418457}]",15.839718353003263,11581920,4,100000000000000.0,10338304,dense_dual_stream_attention_v1,0.0064363554030198705,5.917483329772949,5.84593391418457,0.0027,965920,True,0.4,99887614525440,/root/shakespeare-dLM/scale_to_climbmix/results_curriculum/runs/1e14/1M/p_ar_0p4/result.json,1337,256,True,3,1M,complete,631,5.887951850891113,5.886637583374977,0.1
1.8065234450623393,282,50,332,6774240,64,0.04329019919576415,332,"[{'grad_norm': 20.266895294189453, 'learning_rate': 0.00015882352941176472, 'step': 1, 'train_nelbo': 7.604729652404785}, {'grad_norm': 2.046999216079712, 'learning_rate': 0.0025411764705882355, 'step': 16, 'train_nelbo': 6.725996971130371}, {'grad_norm': 0.8833003640174866, 'learning_rate': 0.0027, 'step': 32, 'train_nelbo': 6.2891435623168945}, {'grad_norm': 1.4931973218917847, 'learning_rate': 0.0027, 'step': 48, 'train_nelbo': 6.552941799163818}, {'grad_norm': 0.8215418457984924, 'learning_rate': 0.0027, 'step': 64, 'train_nelbo': 6.580345153808594}, {'grad_norm': 0.6243448257446289, 'learning_rate': 0.0027, 'step': 80, 'train_nelbo': 6.1391987800598145}, {'grad_norm': 0.8650128841400146, 'learning_rate': 0.0027, 'step': 96, 'train_nelbo': 6.299447536468506}, {'grad_norm': 2.0887324810028076, 'learning_rate': 0.0027, 'step': 112, 'train_nelbo': 6.299552917480469}, {'grad_norm': 0.5742414593696594, 'learning_rate': 0.0027, 'step': 128, 'train_nelbo': 6.016908168792725}, {'grad_norm': 0.6654770374298096, 'learning_rate': 0.0027, 'step': 144, 'train_nelbo': 6.2109527587890625}, {'grad_norm': 0.6382673382759094, 'learning_rate': 0.0027, 'step': 160, 'train_nelbo': 6.036412239074707}, {'grad_norm': 0.5791811347007751, 'learning_rate': 0.0027, 'step': 176, 'train_nelbo': 5.838788986206055}, {'grad_norm': 0.8017576932907104, 'learning_rate': 0.0027, 'step': 192, 'train_nelbo': 6.1180949211120605}, {'grad_norm': 1.0079129934310913, 'learning_rate': 0.0027, 'step': 208, 'train_nelbo': 6.032858848571777}, {'grad_norm': 0.7628083229064941, 'learning_rate': 0.0027, 'step': 224, 'train_nelbo': 6.004091262817383}, {'grad_norm': 0.5737596154212952, 'learning_rate': 0.0027, 'step': 240, 'train_nelbo': 5.902983665466309}, {'grad_norm': 0.7558874487876892, 'learning_rate': 0.0027, 'step': 256, 'train_nelbo': 5.885056495666504}, {'grad_norm': 0.9091398119926453, 'learning_rate': 0.0027, 'step': 272, 'train_nelbo': 5.971051216125488}, {'grad_norm': 0.5914473533630371, 'learning_rate': 0.0024244897959183674, 'step': 288, 'train_nelbo': 5.803086280822754}, {'grad_norm': 0.5436076521873474, 'learning_rate': 0.001542857142857143, 'step': 304, 'train_nelbo': 5.962568283081055}, {'grad_norm': 0.48107102513313293, 'learning_rate': 0.0006612244897959185, 'step': 320, 'train_nelbo': 5.848807334899902}, {'grad_norm': 0.567980945110321, 'learning_rate': 0.0, 'step': 332, 'train_nelbo': 5.967012405395508}]",14.372346132993698,11581920,4,100000000000000.0,10878976,dense_dual_stream_attention_v1,0.0067729635302776455,5.501499176025391,5.967012405395508,0.0027,965920,True,0.5,99848112046080,/root/shakespeare-dLM/scale_to_climbmix/results_curriculum/runs/1e14/1M/p_ar_0p5/result.json,1337,256,True,3,1M,complete,664,5.838335856795311,5.8410134464502335,0.1
6.785062074661255,1343,237,1580,924768,64,0.027667196114955717,3685,"[{'grad_norm': 16.11308479309082, 'learning_rate': 4.402173913043478e-05, 'step': 1, 'train_nelbo': 7.894298553466797}, {'grad_norm': 1.3473060131072998, 'learning_rate': 0.0081, 'step': 184, 'train_nelbo': 6.277248859405518}, {'grad_norm': 1.0297322273254395, 'learning_rate': 0.0081, 'step': 368, 'train_nelbo': 6.471802711486816}, {'grad_norm': 1.2129405736923218, 'learning_rate': 0.0081, 'step': 552, 'train_nelbo': 6.231290817260742}, {'grad_norm': 0.9121920466423035, 'learning_rate': 0.0081, 'step': 736, 'train_nelbo': 6.084672451019287}, {'grad_norm': 0.8767000436782837, 'learning_rate': 0.0081, 'step': 920, 'train_nelbo': 6.193476676940918}, {'grad_norm': 1.2594356536865234, 'learning_rate': 0.0081, 'step': 1104, 'train_nelbo': 6.353716850280762}, {'grad_norm': 0.9028003215789795, 'learning_rate': 0.0081, 'step': 1288, 'train_nelbo': 5.9586873054504395}, {'grad_norm': 0.9766998291015625, 'learning_rate': 0.0081, 'step': 1472, 'train_nelbo': 5.93314266204834}, {'grad_norm': 1.1860425472259521, 'learning_rate': 0.0081, 'step': 1656, 'train_nelbo': 6.254909515380859}, {'grad_norm': 1.0397065877914429, 'learning_rate': 0.0081, 'step': 1840, 'train_nelbo': 5.933103561401367}, {'grad_norm': 1.1259560585021973, 'learning_rate': 0.0081, 'step': 2024, 'train_nelbo': 6.403464317321777}, {'grad_norm': 1.0631574392318726, 'learning_rate': 0.0081, 'step': 2208, 'train_nelbo': 6.087461471557617}, {'grad_norm': 1.1228320598602295, 'learning_rate': 0.0081, 'step': 2392, 'train_nelbo': 6.1250104904174805}, {'grad_norm': 1.4276840686798096, 'learning_rate': 0.0081, 'step': 2576, 'train_nelbo': 6.073217391967773}, {'grad_norm': 4.067768096923828, 'learning_rate': 0.0081, 'step': 2760, 'train_nelbo': 6.080226898193359}, {'grad_norm': 0.9030770063400269, 'learning_rate': 0.0081, 'step': 2944, 'train_nelbo': 6.120026588439941}, {'grad_norm': 1.7393583059310913, 'learning_rate': 0.0081, 'step': 3128, 'train_nelbo': 6.484405517578125}, {'grad_norm': 0.9058710932731628, 'learning_rate': 0.005473369565217391, 'step': 3312, 'train_nelbo': 6.096367359161377}, {'grad_norm': 1.2013815641403198, 'learning_rate': 0.002773369565217391, 'step': 3496, 'train_nelbo': 5.762664794921875}, {'grad_norm': 0.7787067294120789, 'learning_rate': 7.336956521739163e-05, 'step': 3680, 'train_nelbo': 5.807408809661865}, {'grad_norm': 0.8027572631835938, 'learning_rate': 0.0, 'step': 3685, 'train_nelbo': 6.065247535705566}]",101.95361768361181,1259616,4,100000000000000.0,86261760,dense_dual_stream_attention_v1,0.05370429666703585,5.5448317527771,6.065247535705566,0.0081,137824,True,0.3,99988576665600,/root/shakespeare-dLM/scale_to_climbmix/results_curriculum/runs/1e14/0.14M/p_ar_0p3/result.json,1337,256,True,25,0.14M,complete,5265,5.893848955631256,5.879521653056145,0.1
13.480757225304842,2940,519,3459,924768,64,0.02308992669794059,2306,"[{'grad_norm': 280.9792175292969, 'learning_rate': 7.043478260869565e-05, 'step': 1, 'train_nelbo': 9.338788986206055}, {'grad_norm': 1.3175108432769775, 'learning_rate': 0.0081, 'step': 115, 'train_nelbo': 6.335569381713867}, {'grad_norm': 1.0575628280639648, 'learning_rate': 0.0081, 'step': 230, 'train_nelbo': 6.20169734954834}, {'grad_norm': 1.0858513116836548, 'learning_rate': 0.0081, 'step': 345, 'train_nelbo': 6.209400177001953}, {'grad_norm': 1.231833815574646, 'learning_rate': 0.0081, 'step': 460, 'train_nelbo': 6.283626556396484}, {'grad_norm': 1.2432292699813843, 'learning_rate': 0.0081, 'step': 575, 'train_nelbo': 6.247348785400391}, {'grad_norm': 0.9343008995056152, 'learning_rate': 0.0081, 'step': 690, 'train_nelbo': 5.80240535736084}, {'grad_norm': 1.062448501586914, 'learning_rate': 0.0081, 'step': 805, 'train_nelbo': 6.098012447357178}, {'grad_norm': 1.3497837781906128, 'learning_rate': 0.0081, 'step': 920, 'train_nelbo': 6.346793174743652}, {'grad_norm': 1.1015411615371704, 'learning_rate': 0.0081, 'step': 1035, 'train_nelbo': 5.9609270095825195}, {'grad_norm': 1.25503671169281, 'learning_rate': 0.0081, 'step': 1150, 'train_nelbo': 6.363744258880615}, {'grad_norm': 1.3099210262298584, 'learning_rate': 0.0081, 'step': 1265, 'train_nelbo': 6.244290351867676}, {'grad_norm': 0.8599737286567688, 'learning_rate': 0.0081, 'step': 1380, 'train_nelbo': 5.862008094787598}, {'grad_norm': 1.0353723764419556, 'learning_rate': 0.0081, 'step': 1495, 'train_nelbo': 6.153419017791748}, {'grad_norm': 0.9723177552223206, 'learning_rate': 0.0081, 'step': 1610, 'train_nelbo': 5.959057807922363}, {'grad_norm': 1.0157601833343506, 'learning_rate': 0.0081, 'step': 1725, 'train_nelbo': 6.105040550231934}, {'grad_norm': 1.2120554447174072, 'learning_rate': 0.0081, 'step': 1840, 'train_nelbo': 6.096951484680176}, {'grad_norm': 0.9932225346565247, 'learning_rate': 0.0081, 'step': 1955, 'train_nelbo': 5.979232311248779}, {'grad_norm': 1.0129293203353882, 'learning_rate': 0.005540869565217391, 'step': 2070, 'train_nelbo': 6.022837162017822}, {'grad_norm': 2.5415940284729004, 'learning_rate': 0.0028408695652173913, 'step': 2185, 'train_nelbo': 6.060746192932129}, {'grad_norm': 1.1918779611587524, 'learning_rate': 0.00014086956521739137, 'step': 2300, 'train_nelbo': 5.955405235290527}, {'grad_norm': 0.8974703550338745, 'learning_rate': 0.0, 'step': 2306, 'train_nelbo': 6.0920867919921875}]",53.245370965451,1259616,4,100000000000000.0,94453760,dense_dual_stream_attention_v1,0.05880441980730516,5.476150035858154,6.0920867919921875,0.0081,137824,True,0.6,99998875779072,/root/shakespeare-dLM/scale_to_climbmix/results_curriculum/runs/1e14/0.14M/p_ar_0p6/result.json,1337,256,True,25,0.14M,complete,5765,5.917433172464371,5.909999385476112,0.1
4.471648718230426,870,153,1023,924768,64,0.02738179098500797,4094,"[{'grad_norm': 14.439335823059082, 'learning_rate': 3.951219512195122e-05, 'step': 1, 'train_nelbo': 8.063530921936035}, {'grad_norm': 1.1764272451400757, 'learning_rate': 0.008060487804878048, 'step': 204, 'train_nelbo': 6.2742228507995605}, {'grad_norm': 0.9994623064994812, 'learning_rate': 0.0081, 'step': 408, 'train_nelbo': 5.934980392456055}, {'grad_norm': 1.0297070741653442, 'learning_rate': 0.0081, 'step': 612, 'train_nelbo': 6.107740879058838}, {'grad_norm': 1.2622166872024536, 'learning_rate': 0.0081, 'step': 816, 'train_nelbo': 6.42802619934082}, {'grad_norm': 0.9086673259735107, 'learning_rate': 0.0081, 'step': 1020, 'train_nelbo': 6.109173774719238}, {'grad_norm': 1.7639611959457397, 'learning_rate': 0.0081, 'step': 1224, 'train_nelbo': 6.054923057556152}, {'grad_norm': 1.1164742708206177, 'learning_rate': 0.0081, 'step': 1428, 'train_nelbo': 5.897269248962402}, {'grad_norm': 0.867324709892273, 'learning_rate': 0.0081, 'step': 1632, 'train_nelbo': 6.169867038726807}, {'grad_norm': 0.7917729020118713, 'learning_rate': 0.0081, 'step': 1836, 'train_nelbo': 6.048697471618652}, {'grad_norm': 0.8006797432899475, 'learning_rate': 0.0081, 'step': 2040, 'train_nelbo': 6.12485933303833}, {'grad_norm': 1.2892358303070068, 'learning_rate': 0.0081, 'step': 2244, 'train_nelbo': 5.86846923828125}, {'grad_norm': 0.967641294002533, 'learning_rate': 0.0081, 'step': 2448, 'train_nelbo': 6.140560150146484}, {'grad_norm': 0.9774469137191772, 'learning_rate': 0.0081, 'step': 2652, 'train_nelbo': 5.936100006103516}, {'grad_norm': 1.496914267539978, 'learning_rate': 0.0081, 'step': 2856, 'train_nelbo': 6.010690689086914}, {'grad_norm': 0.9211366176605225, 'learning_rate': 0.0081, 'step': 3060, 'train_nelbo': 6.104437828063965}, {'grad_norm': 1.3433220386505127, 'learning_rate': 0.0081, 'step': 3264, 'train_nelbo': 6.69659423828125}, {'grad_norm': 1.3377461433410645, 'learning_rate': 0.0081, 'step': 3468, 'train_nelbo': 6.439341068267822}, {'grad_norm': 1.1381278038024902, 'learning_rate': 0.005576182707993474, 'step': 3672, 'train_nelbo': 6.044257164001465}, {'grad_norm': 1.573825716972351, 'learning_rate': 0.002880587275693311, 'step': 3876, 'train_nelbo': 6.174892425537109}, {'grad_norm': 0.818204939365387, 'learning_rate': 0.0001849918433931486, 'step': 4080, 'train_nelbo': 5.8653974533081055}, {'grad_norm': 1.3052526712417603, 'learning_rate': 0.0, 'step': 4094, 'train_nelbo': 5.678304672241211}]",112.10105229262263,1259616,4,100000000000000.0,83836928,dense_dual_stream_attention_v1,0.052194660217516134,5.467806339263916,5.678304672241211,0.0081,137824,True,0.2,99990004826112,/root/shakespeare-dLM/scale_to_climbmix/results_curriculum/runs/1e14/0.14M/p_ar_0p2/result.json,1337,256,True,25,0.14M,complete,5117,5.892960220575333,5.8806251138448715,0.1
2.4816816318780184,423,75,498,924768,64,0.02715343035063884,4479,"[{'grad_norm': 8.800103187561035, 'learning_rate': 3.616071428571428e-05, 'step': 1, 'train_nelbo': 7.619256496429443}, {'grad_norm': 1.050756573677063, 'learning_rate': 0.008063839285714285, 'step': 223, 'train_nelbo': 6.268214225769043}, {'grad_norm': 1.2501884698867798, 'learning_rate': 0.0081, 'step': 446, 'train_nelbo': 6.14432430267334}, {'grad_norm': 1.0452327728271484, 'learning_rate': 0.0081, 'step': 669, 'train_nelbo': 6.020750999450684}, {'grad_norm': 1.1824665069580078, 'learning_rate': 0.0081, 'step': 892, 'train_nelbo': 6.130311489105225}, {'grad_norm': 0.9776059985160828, 'learning_rate': 0.0081, 'step': 1115, 'train_nelbo': 6.330390453338623}, {'grad_norm': 1.0717748403549194, 'learning_rate': 0.0081, 'step': 1338, 'train_nelbo': 6.123647689819336}, {'grad_norm': 0.6757025718688965, 'learning_rate': 0.0081, 'step': 1561, 'train_nelbo': 6.111443042755127}, {'grad_norm': 1.1609622240066528, 'learning_rate': 0.0081, 'step': 1784, 'train_nelbo': 6.148128032684326}, {'grad_norm': 0.8170837759971619, 'learning_rate': 0.0081, 'step': 2007, 'train_nelbo': 6.021668910980225}, {'grad_norm': 0.8704346418380737, 'learning_rate': 0.0081, 'step': 2230, 'train_nelbo': 6.104963302612305}, {'grad_norm': 1.183773159980774, 'learning_rate': 0.0081, 'step': 2453, 'train_nelbo': 5.991907119750977}, {'grad_norm': 1.3305836915969849, 'learning_rate': 0.0081, 'step': 2676, 'train_nelbo': 6.214303970336914}, {'grad_norm': 1.147156000137329, 'learning_rate': 0.0081, 'step': 2899, 'train_nelbo': 6.158381462097168}, {'grad_norm': 1.066114068031311, 'learning_rate': 0.0081, 'step': 3122, 'train_nelbo': 5.942919731140137}, {'grad_norm': 1.008811116218567, 'learning_rate': 0.0081, 'step': 3345, 'train_nelbo': 6.19605827331543}, {'grad_norm': 1.1184595823287964, 'learning_rate': 0.0081, 'step': 3568, 'train_nelbo': 6.0908989906311035}, {'grad_norm': 2.6476433277130127, 'learning_rate': 0.0081, 'step': 3791, 'train_nelbo': 6.322582244873047}, {'grad_norm': 1.3659141063690186, 'learning_rate': 0.0056132637853949325, 'step': 4014, 'train_nelbo': 6.062391757965088}, {'grad_norm': 0.8217905163764954, 'learning_rate': 0.0029213114754098354, 'step': 4237, 'train_nelbo': 5.757987976074219}, {'grad_norm': 0.7061395049095154, 'learning_rate': 0.00022935916542473928, 'step': 4460, 'train_nelbo': 5.866433620452881}, {'grad_norm': 0.6969743371009827, 'learning_rate': 0.0, 'step': 4479, 'train_nelbo': 5.782902717590332}]",121.62021454051137,1259616,4,100000000000000.0,81543168,dense_dual_stream_attention_v1,0.05076662573824072,5.658209800720215,5.782902717590332,0.0081,137824,True,0.1,99980976586752,/root/shakespeare-dLM/scale_to_climbmix/results_curriculum/runs/1e14/0.14M/p_ar_0p1/result.json,1337,256,True,25,0.14M,complete,4977,5.900710046291351,5.884820535778999,0.1
8.981693497858942,1844,325,2169,924768,64,0.02794515731599316,3253,"[{'grad_norm': 40.34244155883789, 'learning_rate': 4.969325153374233e-05, 'step': 1, 'train_nelbo': 8.450048446655273}, {'grad_norm': 1.7372163534164429, 'learning_rate': 0.008050306748466258, 'step': 162, 'train_nelbo': 6.5883307456970215}, {'grad_norm': 0.9179168939590454, 'learning_rate': 0.0081, 'step': 324, 'train_nelbo': 6.040295600891113}, {'grad_norm': 0.9272278547286987, 'learning_rate': 0.0081, 'step': 486, 'train_nelbo': 6.307822227478027}, {'grad_norm': 0.9135707020759583, 'learning_rate': 0.0081, 'step': 648, 'train_nelbo': 6.039670467376709}, {'grad_norm': 1.3899377584457397, 'learning_rate': 0.0081, 'step': 810, 'train_nelbo': 6.190920829772949}, {'grad_norm': 1.0212048292160034, 'learning_rate': 0.0081, 'step': 972, 'train_nelbo': 5.994305610656738}, {'grad_norm': 0.7813401818275452, 'learning_rate': 0.0081, 'step': 1134, 'train_nelbo': 6.234682083129883}, {'grad_norm': 1.4203321933746338, 'learning_rate': 0.0081, 'step': 1296, 'train_nelbo': 5.9314422607421875}, {'grad_norm': 0.9406882524490356, 'learning_rate': 0.0081, 'step': 1458, 'train_nelbo': 6.2374444007873535}, {'grad_norm': 0.9269772171974182, 'learning_rate': 0.0081, 'step': 1620, 'train_nelbo': 6.017040729522705}, {'grad_norm': 1.0170303583145142, 'learning_rate': 0.0081, 'step': 1782, 'train_nelbo': 6.267572402954102}, {'grad_norm': 1.2859660387039185, 'learning_rate': 0.0081, 'step': 1944, 'train_nelbo': 6.041049957275391}, {'grad_norm': 0.8496360182762146, 'learning_rate': 0.0081, 'step': 2106, 'train_nelbo': 6.1290740966796875}, {'grad_norm': 0.8979479670524597, 'learning_rate': 0.0081, 'step': 2268, 'train_nelbo': 5.77083158493042}, {'grad_norm': 0.9593790769577026, 'learning_rate': 0.0081, 'step': 2430, 'train_nelbo': 6.066960334777832}, {'grad_norm': 0.9992198348045349, 'learning_rate': 0.0081, 'step': 2592, 'train_nelbo': 6.059849739074707}, {'grad_norm': 1.2833565473556519, 'learning_rate': 0.0081, 'step': 2754, 'train_nelbo': 6.14688777923584}, {'grad_norm': 1.3078802824020386, 'learning_rate': 0.005605133470225872, 'step': 2916, 'train_nelbo': 5.830072402954102}, {'grad_norm': 0.8766448497772217, 'learning_rate': 0.0029106776180698153, 'step': 3078, 'train_nelbo': 5.888671875}, {'grad_norm': 0.9738360643386841, 'learning_rate': 0.00021622176591375774, 'step': 3240, 'train_nelbo': 6.104388236999512}, {'grad_norm': 0.6977316737174988, 'learning_rate': 0.0, 'step': 3253, 'train_nelbo': 5.902167320251465}]",90.90559674892575,1259616,4,100000000000000.0,88834048,dense_dual_stream_attention_v1,0.05530573533308041,5.5551276206970215,5.902167320251465,0.0081,137824,True,0.4,99997329653760,/root/shakespeare-dLM/scale_to_climbmix/results_curriculum/runs/1e14/0.14M/p_ar_0p4/result.json,1337,256,True,25,0.14M,complete,5422,5.8999689519405365,5.876427009701729,0.1
11.115336335264146,2375,419,2794,924768,64,0.023228150503756578,2794,"[{'grad_norm': 69.61822509765625, 'learning_rate': 5.7857142857142855e-05, 'step': 1, 'train_nelbo': 9.060884475708008}, {'grad_norm': 1.5339232683181763, 'learning_rate': 0.008042142857142857, 'step': 139, 'train_nelbo': 6.3871989250183105}, {'grad_norm': 0.7784903645515442, 'learning_rate': 0.0081, 'step': 278, 'train_nelbo': 6.181003093719482}, {'grad_norm': 0.8168060779571533, 'learning_rate': 0.0081, 'step': 417, 'train_nelbo': 6.119077205657959}, {'grad_norm': 1.1970723867416382, 'learning_rate': 0.0081, 'step': 556, 'train_nelbo': 6.057005882263184}, {'grad_norm': 0.8931137919425964, 'learning_rate': 0.0081, 'step': 695, 'train_nelbo': 6.132662773132324}, {'grad_norm': 1.0378577709197998, 'learning_rate': 0.0081, 'step': 834, 'train_nelbo': 5.907613277435303}, {'grad_norm': 0.858622670173645, 'learning_rate': 0.0081, 'step': 973, 'train_nelbo': 6.029109001159668}, {'grad_norm': 1.1446677446365356, 'learning_rate': 0.0081, 'step': 1112, 'train_nelbo': 6.34744930267334}, {'grad_norm': 1.169822096824646, 'learning_rate': 0.0081, 'step': 1251, 'train_nelbo': 6.139852523803711}, {'grad_norm': 1.2448740005493164, 'learning_rate': 0.0081, 'step': 1390, 'train_nelbo': 6.050576210021973}, {'grad_norm': 1.080177664756775, 'learning_rate': 0.0081, 'step': 1529, 'train_nelbo': 6.166982650756836}, {'grad_norm': 1.2064404487609863, 'learning_rate': 0.0081, 'step': 1668, 'train_nelbo': 6.1552228927612305}, {'grad_norm': 0.8185709118843079, 'learning_rate': 0.0081, 'step': 1807, 'train_nelbo': 6.1693115234375}, {'grad_norm': 1.538142442703247, 'learning_rate': 0.0081, 'step': 1946, 'train_nelbo': 6.471088409423828}, {'grad_norm': 0.9941170811653137, 'learning_rate': 0.0081, 'step': 2085, 'train_nelbo': 5.9070234298706055}, {'grad_norm': 1.35173499584198, 'learning_rate': 0.0081, 'step': 2224, 'train_nelbo': 6.310090065002441}, {'grad_norm': 1.011932373046875, 'learning_rate': 0.0081, 'step': 2363, 'train_nelbo': 6.134774684906006}, {'grad_norm': 1.2677208185195923, 'learning_rate': 0.005658373205741626, 'step': 2502, 'train_nelbo': 6.288443565368652}, {'grad_norm': 0.856620192527771, 'learning_rate': 0.002964832535885167, 'step': 2641, 'train_nelbo': 5.810678482055664}, {'grad_norm': 1.2890069484710693, 'learning_rate': 0.00027129186602870773, 'step': 2780, 'train_nelbo': 6.149106979370117}, {'grad_norm': 0.7316766977310181, 'learning_rate': 0.0, 'step': 2794, 'train_nelbo': 5.889172554016113}]",64.89945250749588,1259616,4,100000000000000.0,91553792,dense_dual_stream_attention_v1,0.056998976215649824,5.345976829528809,5.889172554016113,0.0081,137824,True,0.5,99994319192064,/root/shakespeare-dLM/scale_to_climbmix/results_curriculum/runs/1e14/0.14M/p_ar_0p5/result.json,1337,256,True,25,0.14M,complete,5588,5.90341904759407,5.900701135396957,0.1
1.0815003719180822,65,11,76,14311584,64,0.07667768004678148,179,"[{'grad_norm': 80.14903259277344, 'learning_rate': 0.0009, 'step': 1, 'train_nelbo': 8.642400741577148}, {'grad_norm': 0.24974970519542694, 'learning_rate': 0.0072, 'step': 8, 'train_nelbo': 7.153686046600342}, {'grad_norm': 0.20893189311027527, 'learning_rate': 0.0081, 'step': 16, 'train_nelbo': 7.2719407081604}, {'grad_norm': 0.4800574779510498, 'learning_rate': 0.0081, 'step': 24, 'train_nelbo': 7.211360931396484}, {'grad_norm': 0.3442484438419342, 'learning_rate': 0.0081, 'step': 32, 'train_nelbo': 6.91789436340332}, {'grad_norm': 0.2372572422027588, 'learning_rate': 0.0081, 'step': 40, 'train_nelbo': 7.201872825622559}, {'grad_norm': 0.2007976621389389, 'learning_rate': 0.0081, 'step': 48, 'train_nelbo': 7.053289413452148}, {'grad_norm': 0.5679584741592407, 'learning_rate': 0.0081, 'step': 56, 'train_nelbo': 7.577886581420898}, {'grad_norm': 0.2609368860721588, 'learning_rate': 0.0081, 'step': 64, 'train_nelbo': 7.29202938079834}, {'grad_norm': 0.19978676736354828, 'learning_rate': 0.0081, 'step': 72, 'train_nelbo': 6.95590877532959}, {'grad_norm': 0.2076198011636734, 'learning_rate': 0.0081, 'step': 80, 'train_nelbo': 6.932884216308594}, {'grad_norm': 0.19819523394107819, 'learning_rate': 0.0081, 'step': 88, 'train_nelbo': 7.0845417976379395}, {'grad_norm': 0.24804724752902985, 'learning_rate': 0.0081, 'step': 96, 'train_nelbo': 7.331645488739014}, {'grad_norm': 0.282297283411026, 'learning_rate': 0.0081, 'step': 104, 'train_nelbo': 6.90496301651001}, {'grad_norm': 0.8454365730285645, 'learning_rate': 0.0081, 'step': 112, 'train_nelbo': 7.013579845428467}, {'grad_norm': 0.2899074852466583, 'learning_rate': 0.0081, 'step': 120, 'train_nelbo': 6.89048957824707}, {'grad_norm': 0.40084603428840637, 'learning_rate': 0.0081, 'step': 128, 'train_nelbo': 6.7615790367126465}, {'grad_norm': 0.2469598799943924, 'learning_rate': 0.0081, 'step': 136, 'train_nelbo': 6.8048095703125}, {'grad_norm': 0.46339771151542664, 'learning_rate': 0.0081, 'step': 144, 'train_nelbo': 6.757534980773926}, {'grad_norm': 0.5474728941917419, 'learning_rate': 0.0081, 'step': 152, 'train_nelbo': 6.90413761138916}, {'grad_norm': 0.5462924242019653, 'learning_rate': 0.0059192307692307695, 'step': 160, 'train_nelbo': 6.869136810302734}, {'grad_norm': 0.22107449173927307, 'learning_rate': 0.003426923076923077, 'step': 168, 'train_nelbo': 7.008620262145996}, {'grad_norm': 0.1906343251466751, 'learning_rate': 0.0009346153846153849, 'step': 176, 'train_nelbo': 6.819828987121582}, {'grad_norm': 0.21936920285224915, 'learning_rate': 0.0, 'step': 179, 'train_nelbo': 7.0290632247924805}]",13.725304728373885,27934368,4,100000000000000.0,4177920,dense_dual_stream_attention_v1,0.0026010628015373486,6.929998397827148,7.0290632247924805,0.0081,1985536,True,0.3,99744682082304,/root/shakespeare-dLM/scale_to_climbmix/results_curriculum/runs/1e14/2M/p_ar_0p3/result.json,1337,256,True,1,2M,complete,255,6.827209308743477,6.865229427814484,0.1
0.9880907339975238,157,28,185,14311584,64,0.021973282272919892,123,"[{'grad_norm': 96.23284912109375, 'learning_rate': 0.0013499999999999999, 'step': 1, 'train_nelbo': 10.486286163330078}, {'grad_norm': 1.5439770221710205, 'learning_rate': 0.0081, 'step': 6, 'train_nelbo': 7.249809265136719}, {'grad_norm': 0.29252028465270996, 'learning_rate': 0.0081, 'step': 12, 'train_nelbo': 7.295960426330566}, {'grad_norm': 0.19864504039287567, 'learning_rate': 0.0081, 'step': 18, 'train_nelbo': 7.523002624511719}, {'grad_norm': 0.23807072639465332, 'learning_rate': 0.0081, 'step': 24, 'train_nelbo': 7.0722150802612305}, {'grad_norm': 0.31948408484458923, 'learning_rate': 0.0081, 'step': 30, 'train_nelbo': 7.126054286956787}, {'grad_norm': 0.26975521445274353, 'learning_rate': 0.0081, 'step': 36, 'train_nelbo': 7.384455680847168}, {'grad_norm': 0.22807827591896057, 'learning_rate': 0.0081, 'step': 42, 'train_nelbo': 7.013238906860352}, {'grad_norm': 0.20157431066036224, 'learning_rate': 0.0081, 'step': 48, 'train_nelbo': 7.01252555847168}, {'grad_norm': 0.27892693877220154, 'learning_rate': 0.0081, 'step': 54, 'train_nelbo': 6.749423503875732}, {'grad_norm': 0.4425286650657654, 'learning_rate': 0.0081, 'step': 60, 'train_nelbo': 7.327505588531494}, {'grad_norm': 0.17453785240650177, 'learning_rate': 0.0081, 'step': 66, 'train_nelbo': 6.9184980392456055}, {'grad_norm': 0.15565717220306396, 'learning_rate': 0.0081, 'step': 72, 'train_nelbo': 6.79581880569458}, {'grad_norm': 0.2872657775878906, 'learning_rate': 0.0081, 'step': 78, 'train_nelbo': 7.128165245056152}, {'grad_norm': 0.21643827855587006, 'learning_rate': 0.0081, 'step': 84, 'train_nelbo': 6.763341903686523}, {'grad_norm': 0.19563385844230652, 'learning_rate': 0.0081, 'step': 90, 'train_nelbo': 6.863803386688232}, {'grad_norm': 0.1639973372220993, 'learning_rate': 0.0081, 'step': 96, 'train_nelbo': 6.978896617889404}, {'grad_norm': 0.20385494828224182, 'learning_rate': 0.0081, 'step': 102, 'train_nelbo': 6.953176498413086}, {'grad_norm': 0.23973645269870758, 'learning_rate': 0.007147058823529411, 'step': 108, 'train_nelbo': 7.18093729019165}, {'grad_norm': 0.2023135870695114, 'learning_rate': 0.0042882352941176465, 'step': 114, 'train_nelbo': 6.775734901428223}, {'grad_norm': 0.1879226118326187, 'learning_rate': 0.0014294117647058826, 'step': 120, 'train_nelbo': 6.602201461791992}, {'grad_norm': 0.16557396948337555, 'learning_rate': 0.0, 'step': 123, 'train_nelbo': 6.767257213592529}]",2.7027137195691466,27934368,4,100000000000000.0,5046272,dense_dual_stream_attention_v1,0.003141675854405896,6.452256202697754,6.767257213592529,0.0081,1985536,True,0.6,99673215860736,/root/shakespeare-dLM/scale_to_climbmix/results_curriculum/runs/1e14/2M/p_ar_0p6/result.json,1337,256,True,1,2M,complete,308,6.807744547724724,6.840069189667702,0.1
0.6477683447301388,41,7,48,14311584,64,0.07560926706679745,193,"[{'grad_norm': 1.754650354385376, 'learning_rate': 0.00081, 'step': 1, 'train_nelbo': 7.426826477050781}, {'grad_norm': 0.21396426856517792, 'learning_rate': 0.00729, 'step': 9, 'train_nelbo': 7.206382751464844}, {'grad_norm': 0.2724691927433014, 'learning_rate': 0.0081, 'step': 18, 'train_nelbo': 7.608896732330322}, {'grad_norm': 0.283905029296875, 'learning_rate': 0.0081, 'step': 27, 'train_nelbo': 7.482392311096191}, {'grad_norm': 0.231547549366951, 'learning_rate': 0.0081, 'step': 36, 'train_nelbo': 7.591830253601074}, {'grad_norm': 0.22201946377754211, 'learning_rate': 0.0081, 'step': 45, 'train_nelbo': 7.288121223449707}, {'grad_norm': 0.22013495862483978, 'learning_rate': 0.0081, 'step': 54, 'train_nelbo': 7.118252754211426}, {'grad_norm': 0.20839041471481323, 'learning_rate': 0.0081, 'step': 63, 'train_nelbo': 7.315549850463867}, {'grad_norm': 0.1622854471206665, 'learning_rate': 0.0081, 'step': 72, 'train_nelbo': 7.2446489334106445}, {'grad_norm': 0.23432551324367523, 'learning_rate': 0.0081, 'step': 81, 'train_nelbo': 7.3761491775512695}, {'grad_norm': 0.19018755853176117, 'learning_rate': 0.0081, 'step': 90, 'train_nelbo': 7.386114597320557}, {'grad_norm': 0.24733301997184753, 'learning_rate': 0.0081, 'step': 99, 'train_nelbo': 7.174212455749512}, {'grad_norm': 0.4125322699546814, 'learning_rate': 0.0081, 'step': 108, 'train_nelbo': 7.4400634765625}, {'grad_norm': 0.14932283759117126, 'learning_rate': 0.0081, 'step': 117, 'train_nelbo': 7.023159027099609}, {'grad_norm': 0.18463189899921417, 'learning_rate': 0.0081, 'step': 126, 'train_nelbo': 7.081653594970703}, {'grad_norm': 0.1314016431570053, 'learning_rate': 0.0081, 'step': 135, 'train_nelbo': 7.155411720275879}, {'grad_norm': 0.13530047237873077, 'learning_rate': 0.0081, 'step': 144, 'train_nelbo': 7.158184051513672}, {'grad_norm': 0.18255558609962463, 'learning_rate': 0.0081, 'step': 153, 'train_nelbo': 7.161603927612305}, {'grad_norm': 0.1633109301328659, 'learning_rate': 0.0081, 'step': 162, 'train_nelbo': 7.2060546875}, {'grad_norm': 0.18198734521865845, 'learning_rate': 0.006364285714285714, 'step': 171, 'train_nelbo': 6.875130653381348}, {'grad_norm': 0.13643692433834076, 'learning_rate': 0.0037607142857142856, 'step': 180, 'train_nelbo': 6.990056037902832}, {'grad_norm': 0.32327696681022644, 'learning_rate': 0.0011571428571428575, 'step': 189, 'train_nelbo': 7.776221752166748}, {'grad_norm': 0.12538769841194153, 'learning_rate': 0.0, 'step': 193, 'train_nelbo': 7.0991106033325195}]",14.592588543891907,27934368,4,100000000000000.0,3948544,dense_dual_stream_attention_v1,0.002458259353609808,7.09708309173584,7.0991106033325195,0.0081,1985536,True,0.2,99586687893504,/root/shakespeare-dLM/scale_to_climbmix/results_curriculum/runs/1e14/2M/p_ar_0p2/result.json,1337,256,True,1,2M,complete,241,7.1369200348854065,7.171664774417877,0.1
0.5295927217230201,20,3,23,14311584,64,0.06958055430209463,206,"[{'grad_norm': 1.5108039379119873, 'learning_rate': 0.00081, 'step': 1, 'train_nelbo': 7.380561828613281}, {'grad_norm': 0.2780163288116455, 'learning_rate': 0.0081, 'step': 10, 'train_nelbo': 7.287225723266602}, {'grad_norm': 0.2345302253961563, 'learning_rate': 0.0081, 'step': 20, 'train_nelbo': 7.331286430358887}, {'grad_norm': 0.31173276901245117, 'learning_rate': 0.0081, 'step': 30, 'train_nelbo': 7.487214088439941}, {'grad_norm': 0.25875696539878845, 'learning_rate': 0.0081, 'step': 40, 'train_nelbo': 7.4386138916015625}, {'grad_norm': 0.31769129633903503, 'learning_rate': 0.0081, 'step': 50, 'train_nelbo': 7.104891777038574}, {'grad_norm': 0.2882985770702362, 'learning_rate': 0.0081, 'step': 60, 'train_nelbo': 7.483458042144775}, {'grad_norm': 0.220292329788208, 'learning_rate': 0.0081, 'step': 70, 'train_nelbo': 7.332910537719727}, {'grad_norm': 0.18230822682380676, 'learning_rate': 0.0081, 'step': 80, 'train_nelbo': 7.243657112121582}, {'grad_norm': 0.22055596113204956, 'learning_rate': 0.0081, 'step': 90, 'train_nelbo': 7.352421760559082}, {'grad_norm': 0.2124083787202835, 'learning_rate': 0.0081, 'step': 100, 'train_nelbo': 7.311743259429932}, {'grad_norm': 0.3395431637763977, 'learning_rate': 0.0081, 'step': 110, 'train_nelbo': 7.328173637390137}, {'grad_norm': 0.4429696500301361, 'learning_rate': 0.0081, 'step': 120, 'train_nelbo': 7.192614555358887}, {'grad_norm': 0.18252065777778625, 'learning_rate': 0.0081, 'step': 130, 'train_nelbo': 7.477471351623535}, {'grad_norm': 0.18554197251796722, 'learning_rate': 0.0081, 'step': 140, 'train_nelbo': 7.673305511474609}, {'grad_norm': 0.16372086107730865, 'learning_rate': 0.0081, 'step': 150, 'train_nelbo': 7.423877716064453}, {'grad_norm': 0.15066051483154297, 'learning_rate': 0.0081, 'step': 160, 'train_nelbo': 7.391210556030273}, {'grad_norm': 0.18698234856128693, 'learning_rate': 0.0081, 'step': 170, 'train_nelbo': 7.261152267456055}, {'grad_norm': 0.18370527029037476, 'learning_rate': 0.00702, 'step': 180, 'train_nelbo': 7.253658294677734}, {'grad_norm': 0.18676967918872833, 'learning_rate': 0.00432, 'step': 190, 'train_nelbo': 7.283417701721191}, {'grad_norm': 0.15944546461105347, 'learning_rate': 0.0016199999999999995, 'step': 200, 'train_nelbo': 7.0743327140808105}, {'grad_norm': 0.25409674644470215, 'learning_rate': 0.0, 'step': 206, 'train_nelbo': 7.548528671264648}]",14.333594186231494,27934368,4,100000000000000.0,3751936,dense_dual_stream_attention_v1,0.0023358563982433444,7.496364593505859,7.548528671264648,0.0081,1985536,True,0.1,99674459996160,/root/shakespeare-dLM/scale_to_climbmix/results_curriculum/runs/1e14/2M/p_ar_0p1/result.json,1337,256,True,1,2M,complete,229,7.261587888002396,7.300584465265274,0.1
1.266641658730805,92,16,108,14311584,64,0.07887192638990886,163,"[{'grad_norm': 12.46406364440918, 'learning_rate': 0.0010125, 'step': 1, 'train_nelbo': 9.8438720703125}, {'grad_norm': 0.24618597328662872, 'learning_rate': 0.0081, 'step': 8, 'train_nelbo': 7.079615592956543}, {'grad_norm': 0.2115093469619751, 'learning_rate': 0.0081, 'step': 16, 'train_nelbo': 7.208622932434082}, {'grad_norm': 0.2513023316860199, 'learning_rate': 0.0081, 'step': 24, 'train_nelbo': 7.244322299957275}, {'grad_norm': 0.1768079549074173, 'learning_rate': 0.0081, 'step': 32, 'train_nelbo': 7.093205451965332}, {'grad_norm': 0.2207297533750534, 'learning_rate': 0.0081, 'step': 40, 'train_nelbo': 7.319890022277832}, {'grad_norm': 0.21073666214942932, 'learning_rate': 0.0081, 'step': 48, 'train_nelbo': 7.236462593078613}, {'grad_norm': 0.39412105083465576, 'learning_rate': 0.0081, 'step': 56, 'train_nelbo': 7.833954811096191}, {'grad_norm': 0.17219218611717224, 'learning_rate': 0.0081, 'step': 64, 'train_nelbo': 7.581950664520264}, {'grad_norm': 0.23813346028327942, 'learning_rate': 0.0081, 'step': 72, 'train_nelbo': 6.946768283843994}, {'grad_norm': 0.14712658524513245, 'learning_rate': 0.0081, 'step': 80, 'train_nelbo': 7.092226505279541}, {'grad_norm': 0.15918387472629547, 'learning_rate': 0.0081, 'step': 88, 'train_nelbo': 7.24318790435791}, {'grad_norm': 0.19776701927185059, 'learning_rate': 0.0081, 'step': 96, 'train_nelbo': 7.229209899902344}, {'grad_norm': 0.21273548901081085, 'learning_rate': 0.0081, 'step': 104, 'train_nelbo': 7.072966575622559}, {'grad_norm': 0.16417920589447021, 'learning_rate': 0.0081, 'step': 112, 'train_nelbo': 7.189581871032715}, {'grad_norm': 0.17272427678108215, 'learning_rate': 0.0081, 'step': 120, 'train_nelbo': 6.932694435119629}, {'grad_norm': 0.24166356027126312, 'learning_rate': 0.0081, 'step': 128, 'train_nelbo': 6.952512741088867}, {'grad_norm': 0.19433623552322388, 'learning_rate': 0.0081, 'step': 136, 'train_nelbo': 6.934344291687012}, {'grad_norm': 0.19090837240219116, 'learning_rate': 0.006691304347826087, 'step': 144, 'train_nelbo': 7.030539512634277}, {'grad_norm': 0.17993833124637604, 'learning_rate': 0.0038739130434782606, 'step': 152, 'train_nelbo': 7.021443843841553}, {'grad_norm': 0.1762496381998062, 'learning_rate': 0.001056521739130435, 'step': 160, 'train_nelbo': 6.961589336395264}, {'grad_norm': 0.1772410124540329, 'learning_rate': 0.0, 'step': 163, 'train_nelbo': 6.920386791229248}]",12.856124001555145,27934368,4,100000000000000.0,4440064,dense_dual_stream_attention_v1,0.0027642667420259667,6.703015327453613,6.920386791229248,0.0081,1985536,True,0.4,99925246869504,/root/shakespeare-dLM/scale_to_climbmix/results_curriculum/runs/1e14/2M/p_ar_0p4/result.json,1337,256,True,1,2M,complete,271,6.942923113703728,6.981649875640869,0.1
1.2636127583682537,122,22,144,14311584,64,0.06644659981571345,144,"[{'grad_norm': 36.890281677246094, 'learning_rate': 0.001157142857142857, 'step': 1, 'train_nelbo': 10.501056671142578}, {'grad_norm': 0.35724443197250366, 'learning_rate': 0.0081, 'step': 7, 'train_nelbo': 7.424041271209717}, {'grad_norm': 0.2658841907978058, 'learning_rate': 0.0081, 'step': 14, 'train_nelbo': 7.730414390563965}, {'grad_norm': 0.3091065585613251, 'learning_rate': 0.0081, 'step': 21, 'train_nelbo': 7.2706618309021}, {'grad_norm': 0.243343785405159, 'learning_rate': 0.0081, 'step': 28, 'train_nelbo': 7.2862653732299805}, {'grad_norm': 0.19889232516288757, 'learning_rate': 0.0081, 'step': 35, 'train_nelbo': 7.1996541023254395}, {'grad_norm': 0.22481033205986023, 'learning_rate': 0.0081, 'step': 42, 'train_nelbo': 7.227136611938477}, {'grad_norm': 0.2090139389038086, 'learning_rate': 0.0081, 'step': 49, 'train_nelbo': 7.505725860595703}, {'grad_norm': 0.4209241569042206, 'learning_rate': 0.0081, 'step': 56, 'train_nelbo': 7.7077789306640625}, {'grad_norm': 0.15497645735740662, 'learning_rate': 0.0081, 'step': 63, 'train_nelbo': 7.126209735870361}, {'grad_norm': 0.22718888521194458, 'learning_rate': 0.0081, 'step': 70, 'train_nelbo': 6.879304885864258}, {'grad_norm': 0.18068741261959076, 'learning_rate': 0.0081, 'step': 77, 'train_nelbo': 6.913010597229004}, {'grad_norm': 0.3175899088382721, 'learning_rate': 0.0081, 'step': 84, 'train_nelbo': 6.817212104797363}, {'grad_norm': 0.2015853375196457, 'learning_rate': 0.0081, 'step': 91, 'train_nelbo': 6.904661178588867}, {'grad_norm': 0.35937440395355225, 'learning_rate': 0.0081, 'step': 98, 'train_nelbo': 6.658839225769043}, {'grad_norm': 0.32520154118537903, 'learning_rate': 0.0081, 'step': 105, 'train_nelbo': 7.105698585510254}, {'grad_norm': 0.1771186739206314, 'learning_rate': 0.0081, 'step': 112, 'train_nelbo': 6.95503568649292}, {'grad_norm': 0.21899832785129547, 'learning_rate': 0.0081, 'step': 119, 'train_nelbo': 6.958385467529297}, {'grad_norm': 0.15828227996826172, 'learning_rate': 0.006942857142857143, 'step': 126, 'train_nelbo': 6.851715087890625}, {'grad_norm': 0.30729228258132935, 'learning_rate': 0.004242857142857143, 'step': 133, 'train_nelbo': 6.842438697814941}, {'grad_norm': 0.25577491521835327, 'learning_rate': 0.0015428571428571427, 'step': 140, 'train_nelbo': 7.406920909881592}, {'grad_norm': 0.21735210716724396, 'learning_rate': 0.0, 'step': 144, 'train_nelbo': 6.895717620849609}]",9.568310373462737,27934368,4,100000000000000.0,4718592,dense_dual_stream_attention_v1,0.002937670928795123,6.787330627441406,6.895717620849609,0.0081,1985536,True,0.5,99670705569792,/root/shakespeare-dLM/scale_to_climbmix/results_curriculum/runs/1e14/2M/p_ar_0p5/result.json,1337,256,True,1,2M,complete,288,6.874493286013603,6.90815469622612,0.1
7.232455891557038,1915,338,2253,1920192,64,0.022158433027959556,5256,"[{'grad_norm': 33.81013107299805, 'learning_rate': 1.0266159695817491e-05, 'step': 1, 'train_nelbo': 8.366456031799316}, {'grad_norm': 3.7737879753112793, 'learning_rate': 0.0026897338403041827, 'step': 262, 'train_nelbo': 6.328663349151611}, {'grad_norm': 1.8306344747543335, 'learning_rate': 0.0027, 'step': 524, 'train_nelbo': 6.183838844299316}, {'grad_norm': 1.2174139022827148, 'learning_rate': 0.0027, 'step': 786, 'train_nelbo': 5.651691436767578}, {'grad_norm': 1.5479538440704346, 'learning_rate': 0.0027, 'step': 1048, 'train_nelbo': 5.831589221954346}, {'grad_norm': 1.3603266477584839, 'learning_rate': 0.0027, 'step': 1310, 'train_nelbo': 5.603815078735352}, {'grad_norm': 4.289487361907959, 'learning_rate': 0.0027, 'step': 1572, 'train_nelbo': 4.1451005935668945}, {'grad_norm': 1.6372929811477661, 'learning_rate': 0.0027, 'step': 1834, 'train_nelbo': 5.82034969329834}, {'grad_norm': 1.3305027484893799, 'learning_rate': 0.0027, 'step': 2096, 'train_nelbo': 5.6741533279418945}, {'grad_norm': 1.2528752088546753, 'learning_rate': 0.0027, 'step': 2358, 'train_nelbo': 5.783545970916748}, {'grad_norm': 1.2175567150115967, 'learning_rate': 0.0027, 'step': 2620, 'train_nelbo': 5.764989852905273}, {'grad_norm': 1.3513262271881104, 'learning_rate': 0.0027, 'step': 2882, 'train_nelbo': 5.579959392547607}, {'grad_norm': 1.784862995147705, 'learning_rate': 0.0027, 'step': 3144, 'train_nelbo': 5.744231700897217}, {'grad_norm': 1.0615406036376953, 'learning_rate': 0.0027, 'step': 3406, 'train_nelbo': 5.4692840576171875}, {'grad_norm': 1.2131898403167725, 'learning_rate': 0.0027, 'step': 3668, 'train_nelbo': 5.443172454833984}, {'grad_norm': 1.256696105003357, 'learning_rate': 0.0027, 'step': 3930, 'train_nelbo': 5.639308929443359}, {'grad_norm': 1.1932077407836914, 'learning_rate': 0.0027, 'step': 4192, 'train_nelbo': 5.619021415710449}, {'grad_norm': 1.7700624465942383, 'learning_rate': 0.0027, 'step': 4454, 'train_nelbo': 5.860820293426514}, {'grad_norm': 1.0677825212478638, 'learning_rate': 0.001852604828462516, 'step': 4716, 'train_nelbo': 5.4974236488342285}, {'grad_norm': 1.2112321853637695, 'learning_rate': 0.0009537484116899619, 'step': 4978, 'train_nelbo': 5.447726249694824}, {'grad_norm': 1.0754879713058472, 'learning_rate': 5.489199491740775e-05, 'step': 5240, 'train_nelbo': 5.364453315734863}, {'grad_norm': 1.2861720323562622, 'learning_rate': 0.0, 'step': 5256, 'train_nelbo': 5.39101505279541}]",116.46472399495542,2660544,4,300000000000000.0,123027456,dense_dual_stream_attention_v1,0.07659364932056452,5.057661056518555,5.39101505279541,0.0027,287424,True,0.3,299991233986560,/root/shakespeare-dLM/scale_to_climbmix/results_curriculum/runs/3e14/0.29M/p_ar_0p3/result.json,1337,256,True,35,0.29M,complete,7509,5.471488401293755,5.452507928013802,0.1
17.35908161662519,4213,744,4957,1920192,64,0.021549478995210106,3304,"[{'grad_norm': 60.824928283691406, 'learning_rate': 1.6363636363636366e-05, 'step': 1, 'train_nelbo': 8.617521286010742}, {'grad_norm': 2.369940996170044, 'learning_rate': 0.0027, 'step': 165, 'train_nelbo': 5.987295150756836}, {'grad_norm': 2.52185320854187, 'learning_rate': 0.0027, 'step': 330, 'train_nelbo': 5.750565528869629}, {'grad_norm': 1.613925576210022, 'learning_rate': 0.0027, 'step': 495, 'train_nelbo': 5.641152381896973}, {'grad_norm': 1.9360393285751343, 'learning_rate': 0.0027, 'step': 660, 'train_nelbo': 5.769579887390137}, {'grad_norm': 3.97637677192688, 'learning_rate': 0.0027, 'step': 825, 'train_nelbo': 6.563714981079102}, {'grad_norm': 1.5269455909729004, 'learning_rate': 0.0027, 'step': 990, 'train_nelbo': 5.743381500244141}, {'grad_norm': 1.402025580406189, 'learning_rate': 0.0027, 'step': 1155, 'train_nelbo': 5.600005149841309}, {'grad_norm': 1.7933626174926758, 'learning_rate': 0.0027, 'step': 1320, 'train_nelbo': 5.664693355560303}, {'grad_norm': 1.1117146015167236, 'learning_rate': 0.0027, 'step': 1485, 'train_nelbo': 5.683169841766357}, {'grad_norm': 1.3494871854782104, 'learning_rate': 0.0027, 'step': 1650, 'train_nelbo': 5.625875473022461}, {'grad_norm': 1.7818735837936401, 'learning_rate': 0.0027, 'step': 1815, 'train_nelbo': 5.689589023590088}, {'grad_norm': 1.477372407913208, 'learning_rate': 0.0027, 'step': 1980, 'train_nelbo': 5.579410552978516}, {'grad_norm': 2.0394856929779053, 'learning_rate': 0.0027, 'step': 2145, 'train_nelbo': 5.726534366607666}, {'grad_norm': 1.2493737936019897, 'learning_rate': 0.0027, 'step': 2310, 'train_nelbo': 5.600424766540527}, {'grad_norm': 1.3787062168121338, 'learning_rate': 0.0027, 'step': 2475, 'train_nelbo': 5.842994213104248}, {'grad_norm': 1.5613270998001099, 'learning_rate': 0.0027, 'step': 2640, 'train_nelbo': 5.736495494842529}, {'grad_norm': 1.497881531715393, 'learning_rate': 0.0027, 'step': 2805, 'train_nelbo': 5.443098545074463}, {'grad_norm': 1.2107115983963013, 'learning_rate': 0.001821818181818182, 'step': 2970, 'train_nelbo': 5.506537437438965}, {'grad_norm': 1.9071458578109741, 'learning_rate': 0.0009218181818181819, 'step': 3135, 'train_nelbo': 5.564658164978027}, {'grad_norm': 1.0420255661010742, 'learning_rate': 2.181818181818196e-05, 'step': 3300, 'train_nelbo': 5.413712024688721}, {'grad_norm': 1.6515032052993774, 'learning_rate': 0.0, 'step': 3304, 'train_nelbo': 5.3977203369140625}]",71.19947860017419,2660544,4,300000000000000.0,135348224,dense_dual_stream_attention_v1,0.08426423452352956,4.8668341636657715,5.3977203369140625,0.0027,287424,True,0.6,299971856302080,/root/shakespeare-dLM/scale_to_climbmix/results_curriculum/runs/3e14/0.29M/p_ar_0p6/result.json,1337,256,True,35,0.29M,complete,8261,5.479276090860367,5.456180691719055,0.1
5.366441044956446,1238,219,1457,1920192,64,0.022196939009949436,5830,"[{'grad_norm': 29.997356414794922, 'learning_rate': 9.246575342465753e-06, 'step': 1, 'train_nelbo': 8.414497375488281}, {'grad_norm': 2.1210179328918457, 'learning_rate': 0.0026907534246575346, 'step': 291, 'train_nelbo': 6.128821849822998}, {'grad_norm': 1.5905699729919434, 'learning_rate': 0.0027, 'step': 582, 'train_nelbo': 5.839797019958496}, {'grad_norm': 1.3591892719268799, 'learning_rate': 0.0027, 'step': 873, 'train_nelbo': 5.686610698699951}, {'grad_norm': 1.4492979049682617, 'learning_rate': 0.0027, 'step': 1164, 'train_nelbo': 5.778891563415527}, {'grad_norm': 1.24441659450531, 'learning_rate': 0.0027, 'step': 1455, 'train_nelbo': 5.655185222625732}, {'grad_norm': 1.2808324098587036, 'learning_rate': 0.0027, 'step': 1746, 'train_nelbo': 5.438406467437744}, {'grad_norm': 1.2181957960128784, 'learning_rate': 0.0027, 'step': 2037, 'train_nelbo': 5.755276679992676}, {'grad_norm': 1.7542948722839355, 'learning_rate': 0.0027, 'step': 2328, 'train_nelbo': 5.776261329650879}, {'grad_norm': 1.346725583076477, 'learning_rate': 0.0027, 'step': 2619, 'train_nelbo': 5.572307586669922}, {'grad_norm': 1.3817797899246216, 'learning_rate': 0.0027, 'step': 2910, 'train_nelbo': 5.696315765380859}, {'grad_norm': 1.3931455612182617, 'learning_rate': 0.0027, 'step': 3201, 'train_nelbo': 5.71829891204834}, {'grad_norm': 2.1614181995391846, 'learning_rate': 0.0027, 'step': 3492, 'train_nelbo': 5.87861442565918}, {'grad_norm': 1.4796161651611328, 'learning_rate': 0.0027, 'step': 3783, 'train_nelbo': 5.741364479064941}, {'grad_norm': 1.314418911933899, 'learning_rate': 0.0027, 'step': 4074, 'train_nelbo': 5.525102138519287}, {'grad_norm': 1.8838335275650024, 'learning_rate': 0.0027, 'step': 4365, 'train_nelbo': 5.775995254516602}, {'grad_norm': 1.1950281858444214, 'learning_rate': 0.0027, 'step': 4656, 'train_nelbo': 5.418540954589844}, {'grad_norm': 1.205786943435669, 'learning_rate': 0.0027, 'step': 4947, 'train_nelbo': 5.568020820617676}, {'grad_norm': 1.2643288373947144, 'learning_rate': 0.0018309278350515466, 'step': 5238, 'train_nelbo': 5.591096878051758}, {'grad_norm': 1.0190516710281372, 'learning_rate': 0.0009309278350515465, 'step': 5529, 'train_nelbo': 5.396801471710205}, {'grad_norm': 1.0435725450515747, 'learning_rate': 3.0927835051546286e-05, 'step': 5820, 'train_nelbo': 5.505795955657959}, {'grad_norm': 1.157691240310669, 'learning_rate': 0.0, 'step': 5830, 'train_nelbo': 5.451198577880859}]",129.40815442800522,2660544,4,300000000000000.0,119390208,dense_dual_stream_attention_v1,0.07432919464628494,5.090506553649902,5.451198577880859,0.0027,287424,True,0.2,299969597669376,/root/shakespeare-dLM/scale_to_climbmix/results_curriculum/runs/3e14/0.29M/p_ar_0p2/result.json,1337,256,True,35,0.29M,complete,7287,5.464577555656433,5.446224674582481,0.1
2.7456821277737617,602,106,708,1920192,64,0.022166347733547195,6371,"[{'grad_norm': 22.456499099731445, 'learning_rate': 8.463949843260189e-06, 'step': 1, 'train_nelbo': 8.01053237915039}, {'grad_norm': 1.6208373308181763, 'learning_rate': 0.00269153605015674, 'step': 318, 'train_nelbo': 6.021148204803467}, {'grad_norm': 1.874160885810852, 'learning_rate': 0.0027, 'step': 636, 'train_nelbo': 5.856612682342529}, {'grad_norm': 1.813917636871338, 'learning_rate': 0.0027, 'step': 954, 'train_nelbo': 5.757777214050293}, {'grad_norm': 1.461017370223999, 'learning_rate': 0.0027, 'step': 1272, 'train_nelbo': 5.76857852935791}, {'grad_norm': 1.438950538635254, 'learning_rate': 0.0027, 'step': 1590, 'train_nelbo': 5.822016716003418}, {'grad_norm': 1.1754322052001953, 'learning_rate': 0.0027, 'step': 1908, 'train_nelbo': 5.761398792266846}, {'grad_norm': 1.171621561050415, 'learning_rate': 0.0027, 'step': 2226, 'train_nelbo': 5.818410396575928}, {'grad_norm': 1.323612928390503, 'learning_rate': 0.0027, 'step': 2544, 'train_nelbo': 5.936175346374512}, {'grad_norm': 1.7075344324111938, 'learning_rate': 0.0027, 'step': 2862, 'train_nelbo': 5.55159854888916}, {'grad_norm': 1.2257448434829712, 'learning_rate': 0.0027, 'step': 3180, 'train_nelbo': 5.717566967010498}, {'grad_norm': 1.2296687364578247, 'learning_rate': 0.0027, 'step': 3498, 'train_nelbo': 5.731809139251709}, {'grad_norm': 1.0239839553833008, 'learning_rate': 0.0027, 'step': 3816, 'train_nelbo': 5.596484184265137}, {'grad_norm': 1.2624151706695557, 'learning_rate': 0.0027, 'step': 4134, 'train_nelbo': 5.768884658813477}, {'grad_norm': 1.2162703275680542, 'learning_rate': 0.0027, 'step': 4452, 'train_nelbo': 5.576783180236816}, {'grad_norm': 2.115511655807495, 'learning_rate': 0.0027, 'step': 4770, 'train_nelbo': 5.697789192199707}, {'grad_norm': 1.256203532218933, 'learning_rate': 0.0027, 'step': 5088, 'train_nelbo': 5.645301342010498}, {'grad_norm': 1.2572731971740723, 'learning_rate': 0.0027, 'step': 5406, 'train_nelbo': 5.457282066345215}, {'grad_norm': 1.4752565622329712, 'learning_rate': 0.0018292146596858637, 'step': 5724, 'train_nelbo': 5.533768653869629}, {'grad_norm': 1.0332283973693848, 'learning_rate': 0.0009301570680628271, 'step': 6042, 'train_nelbo': 5.387417316436768}, {'grad_norm': 1.1168982982635498, 'learning_rate': 3.109947643979052e-05, 'step': 6360, 'train_nelbo': 5.570425987243652}, {'grad_norm': 1.0845870971679688, 'learning_rate': 0.0, 'step': 6371, 'train_nelbo': 5.50032901763916}]",141.22180141042918,2660544,4,300000000000000.0,115982336,dense_dual_stream_attention_v1,0.0722075434199329,5.3358612060546875,5.50032901763916,0.0027,287424,True,0.1,299988119715840,/root/shakespeare-dLM/scale_to_climbmix/results_curriculum/runs/3e14/0.29M/p_ar_0p1/result.json,1337,256,True,35,0.29M,complete,7079,5.47000415623188,5.448989197611809,0.1
9.921954536810517,2633,465,3098,1920192,64,0.022505819991758567,4646,"[{'grad_norm': 78.52204895019531, 'learning_rate': 1.163793103448276e-05, 'step': 1, 'train_nelbo': 8.942955017089844}, {'grad_norm': 4.649544715881348, 'learning_rate': 0.0027, 'step': 232, 'train_nelbo': 6.352319240570068}, {'grad_norm': 1.4027760028839111, 'learning_rate': 0.0027, 'step': 464, 'train_nelbo': 5.645112037658691}, {'grad_norm': 2.209383010864258, 'learning_rate': 0.0027, 'step': 696, 'train_nelbo': 6.061413764953613}, {'grad_norm': 1.5414159297943115, 'learning_rate': 0.0027, 'step': 928, 'train_nelbo': 5.820047855377197}, {'grad_norm': 1.8588359355926514, 'learning_rate': 0.0027, 'step': 1160, 'train_nelbo': 5.9375152587890625}, {'grad_norm': 1.2460954189300537, 'learning_rate': 0.0027, 'step': 1392, 'train_nelbo': 5.689628601074219}, {'grad_norm': 1.4401350021362305, 'learning_rate': 0.0027, 'step': 1624, 'train_nelbo': 5.956048488616943}, {'grad_norm': 1.0924568176269531, 'learning_rate': 0.0027, 'step': 1856, 'train_nelbo': 5.576964378356934}, {'grad_norm': 1.3581985235214233, 'learning_rate': 0.0027, 'step': 2088, 'train_nelbo': 5.692875862121582}, {'grad_norm': 1.0623950958251953, 'learning_rate': 0.0027, 'step': 2320, 'train_nelbo': 5.467709541320801}, {'grad_norm': 1.2144296169281006, 'learning_rate': 0.0027, 'step': 2552, 'train_nelbo': 5.496642589569092}, {'grad_norm': 2.1980879306793213, 'learning_rate': 0.0027, 'step': 2784, 'train_nelbo': 5.7155961990356445}, {'grad_norm': 1.7302056550979614, 'learning_rate': 0.0027, 'step': 3016, 'train_nelbo': 5.802804946899414}, {'grad_norm': 1.4745526313781738, 'learning_rate': 0.0027, 'step': 3248, 'train_nelbo': 5.8473286628723145}, {'grad_norm': 1.0421456098556519, 'learning_rate': 0.0027, 'step': 3480, 'train_nelbo': 5.4141693115234375}, {'grad_norm': 1.2173792123794556, 'learning_rate': 0.0027, 'step': 3712, 'train_nelbo': 5.546000003814697}, {'grad_norm': 1.5531977415084839, 'learning_rate': 0.0027, 'step': 3944, 'train_nelbo': 5.850602149963379}, {'grad_norm': 1.1470606327056885, 'learning_rate': 0.0018232758620689658, 'step': 4176, 'train_nelbo': 5.55525541305542}, {'grad_norm': 1.3015692234039307, 'learning_rate': 0.0009232758620689656, 'step': 4408, 'train_nelbo': 5.497352123260498}, {'grad_norm': 1.1799081563949585, 'learning_rate': 2.3275862068965414e-05, 'step': 4640, 'train_nelbo': 5.47696590423584}, {'grad_norm': 1.0339970588684082, 'learning_rate': 0.0, 'step': 4646, 'train_nelbo': 5.249779224395752}]",104.5620396817103,2660544,4,300000000000000.0,126877696,dense_dual_stream_attention_v1,0.0789907071964911,4.853829383850098,5.249779224395752,0.0027,287424,True,0.4,299985178460160,/root/shakespeare-dLM/scale_to_climbmix/results_curriculum/runs/3e14/0.29M/p_ar_0p4/result.json,1337,256,True,35,0.29M,complete,7744,5.472424492239952,5.448525235056877,0.1
13.908728898502886,3397,600,3997,1920192,64,0.022644704582916668,3997,"[{'grad_norm': 63.84482192993164, 'learning_rate': 1.3500000000000001e-05, 'step': 1, 'train_nelbo': 8.653141021728516}, {'grad_norm': 2.7263572216033936, 'learning_rate': 0.0026865, 'step': 199, 'train_nelbo': 6.21513557434082}, {'grad_norm': 1.958932876586914, 'learning_rate': 0.0027, 'step': 398, 'train_nelbo': 5.651994705200195}, {'grad_norm': 1.5470566749572754, 'learning_rate': 0.0027, 'step': 597, 'train_nelbo': 5.641511917114258}, {'grad_norm': 1.3136714696884155, 'learning_rate': 0.0027, 'step': 796, 'train_nelbo': 5.871862411499023}, {'grad_norm': 1.700621485710144, 'learning_rate': 0.0027, 'step': 995, 'train_nelbo': 5.809345245361328}, {'grad_norm': 1.4137120246887207, 'learning_rate': 0.0027, 'step': 1194, 'train_nelbo': 5.6290364265441895}, {'grad_norm': 1.2584835290908813, 'learning_rate': 0.0027, 'step': 1393, 'train_nelbo': 5.8034443855285645}, {'grad_norm': 1.299091100692749, 'learning_rate': 0.0027, 'step': 1592, 'train_nelbo': 5.843503952026367}, {'grad_norm': 1.9892303943634033, 'learning_rate': 0.0027, 'step': 1791, 'train_nelbo': 5.651878356933594}, {'grad_norm': 1.4316346645355225, 'learning_rate': 0.0027, 'step': 1990, 'train_nelbo': 5.543689727783203}, {'grad_norm': 1.5300345420837402, 'learning_rate': 0.0027, 'step': 2189, 'train_nelbo': 5.695136070251465}, {'grad_norm': 1.1720229387283325, 'learning_rate': 0.0027, 'step': 2388, 'train_nelbo': 5.752305507659912}, {'grad_norm': 1.6384438276290894, 'learning_rate': 0.0027, 'step': 2587, 'train_nelbo': 5.660098075866699}, {'grad_norm': 1.213423728942871, 'learning_rate': 0.0027, 'step': 2786, 'train_nelbo': 5.515442848205566}, {'grad_norm': 2.387622833251953, 'learning_rate': 0.0027, 'step': 2985, 'train_nelbo': 5.7108659744262695}, {'grad_norm': 1.3855301141738892, 'learning_rate': 0.0027, 'step': 3184, 'train_nelbo': 5.639681339263916}, {'grad_norm': 1.8131083250045776, 'learning_rate': 0.0027, 'step': 3383, 'train_nelbo': 5.600879669189453}, {'grad_norm': 1.3741936683654785, 'learning_rate': 0.0018706176961602672, 'step': 3582, 'train_nelbo': 5.580446243286133}, {'grad_norm': 1.0333995819091797, 'learning_rate': 0.0009736227045075126, 'step': 3781, 'train_nelbo': 5.4896240234375}, {'grad_norm': 1.316613793373108, 'learning_rate': 7.662771285475793e-05, 'step': 3980, 'train_nelbo': 5.798155784606934}, {'grad_norm': 2.0786445140838623, 'learning_rate': 0.0, 'step': 3997, 'train_nelbo': 5.421571731567383}]",90.51088421791792,2660544,4,300000000000000.0,130973696,dense_dual_stream_attention_v1,0.08154076876662575,4.944200038909912,5.421571731567383,0.0027,287424,True,0.5,299977962160128,/root/shakespeare-dLM/scale_to_climbmix/results_curriculum/runs/3e14/0.29M/p_ar_0p5/result.json,1337,256,True,35,0.29M,complete,7994,5.4790486842393875,5.45672807097435,0.1
4.24701910931617,878,155,1033,3612960,64,0.03453493065172548,2411,"[{'grad_norm': 14.241461753845215, 'learning_rate': 2.231404958677686e-05, 'step': 1, 'train_nelbo': 7.710641860961914}, {'grad_norm': 1.8997787237167358, 'learning_rate': 0.0026776859504132233, 'step': 120, 'train_nelbo': 5.885706424713135}, {'grad_norm': 1.460747241973877, 'learning_rate': 0.0027, 'step': 240, 'train_nelbo': 5.892733573913574}, {'grad_norm': 1.2264567613601685, 'learning_rate': 0.0027, 'step': 360, 'train_nelbo': 5.430697917938232}, {'grad_norm': 1.313564658164978, 'learning_rate': 0.0027, 'step': 480, 'train_nelbo': 5.758657932281494}, {'grad_norm': 1.028911828994751, 'learning_rate': 0.0027, 'step': 600, 'train_nelbo': 5.650764465332031}, {'grad_norm': 1.1297974586486816, 'learning_rate': 0.0027, 'step': 720, 'train_nelbo': 5.722467422485352}, {'grad_norm': 1.9925090074539185, 'learning_rate': 0.0027, 'step': 840, 'train_nelbo': 6.027135848999023}, {'grad_norm': 1.2206010818481445, 'learning_rate': 0.0027, 'step': 960, 'train_nelbo': 5.723504066467285}, {'grad_norm': 0.9890353679656982, 'learning_rate': 0.0027, 'step': 1080, 'train_nelbo': 5.567924976348877}, {'grad_norm': 1.0990239381790161, 'learning_rate': 0.0027, 'step': 1200, 'train_nelbo': 5.434880256652832}, {'grad_norm': 0.9383447766304016, 'learning_rate': 0.0027, 'step': 1320, 'train_nelbo': 5.396618843078613}, {'grad_norm': 0.955247700214386, 'learning_rate': 0.0027, 'step': 1440, 'train_nelbo': 5.546228408813477}, {'grad_norm': 1.5353236198425293, 'learning_rate': 0.0027, 'step': 1560, 'train_nelbo': 5.499180793762207}, {'grad_norm': 1.3859786987304688, 'learning_rate': 0.0027, 'step': 1680, 'train_nelbo': 5.448976516723633}, {'grad_norm': 0.969032883644104, 'learning_rate': 0.0027, 'step': 1800, 'train_nelbo': 5.179415702819824}, {'grad_norm': 1.027520775794983, 'learning_rate': 0.0027, 'step': 1920, 'train_nelbo': 5.519967555999756}, {'grad_norm': 1.0214043855667114, 'learning_rate': 0.0027, 'step': 2040, 'train_nelbo': 5.463445663452148}, {'grad_norm': 0.9608758687973022, 'learning_rate': 0.001877285318559557, 'step': 2160, 'train_nelbo': 5.5658721923828125}, {'grad_norm': 1.0170602798461914, 'learning_rate': 0.0009797783933518005, 'step': 2280, 'train_nelbo': 5.251919746398926}, {'grad_norm': 0.9110733270645142, 'learning_rate': 8.227146814404444e-05, 'step': 2400, 'train_nelbo': 5.340409278869629}, {'grad_norm': 0.7742869257926941, 'learning_rate': 0.0, 'step': 2411, 'train_nelbo': 5.288516044616699}]",83.26371780131012,6045984,4,300000000000000.0,56426496,dense_dual_stream_attention_v1,0.035129648190175014,5.088643550872803,5.288516044616699,0.0027,504288,True,0.3,299975558823936,/root/shakespeare-dLM/scale_to_climbmix/results_curriculum/runs/3e14/0.5M/p_ar_0p3/result.json,1337,256,True,16,0.5M,complete,3444,5.2925735861063,5.273543402552605,0.1
8.595940155908465,2036,359,2395,3612960,64,0.035034505428213326,1597,"[{'grad_norm': 17.0333309173584, 'learning_rate': 3.375e-05, 'step': 1, 'train_nelbo': 7.576785087585449}, {'grad_norm': 2.072002649307251, 'learning_rate': 0.0026662500000000002, 'step': 79, 'train_nelbo': 5.806268215179443}, {'grad_norm': 1.9111374616622925, 'learning_rate': 0.0027, 'step': 158, 'train_nelbo': 5.948026657104492}, {'grad_norm': 1.5027633905410767, 'learning_rate': 0.0027, 'step': 237, 'train_nelbo': 5.854945182800293}, {'grad_norm': 1.9464595317840576, 'learning_rate': 0.0027, 'step': 316, 'train_nelbo': 5.551150321960449}, {'grad_norm': 1.5338144302368164, 'learning_rate': 0.0027, 'step': 395, 'train_nelbo': 5.62015438079834}, {'grad_norm': 1.2279601097106934, 'learning_rate': 0.0027, 'step': 474, 'train_nelbo': 5.5119123458862305}, {'grad_norm': 1.3179943561553955, 'learning_rate': 0.0027, 'step': 553, 'train_nelbo': 5.760115623474121}, {'grad_norm': 1.208519458770752, 'learning_rate': 0.0027, 'step': 632, 'train_nelbo': 5.691781997680664}, {'grad_norm': 1.1059679985046387, 'learning_rate': 0.0027, 'step': 711, 'train_nelbo': 5.554553985595703}, {'grad_norm': 1.1616357564926147, 'learning_rate': 0.0027, 'step': 790, 'train_nelbo': 5.514042854309082}, {'grad_norm': 1.3393911123275757, 'learning_rate': 0.0027, 'step': 869, 'train_nelbo': 5.681274890899658}, {'grad_norm': 1.1524126529693604, 'learning_rate': 0.0027, 'step': 948, 'train_nelbo': 5.404366970062256}, {'grad_norm': 1.0392496585845947, 'learning_rate': 0.0027, 'step': 1027, 'train_nelbo': 5.3691511154174805}, {'grad_norm': 1.029599666595459, 'learning_rate': 0.0027, 'step': 1106, 'train_nelbo': 5.635210990905762}, {'grad_norm': 1.01084303855896, 'learning_rate': 0.0027, 'step': 1185, 'train_nelbo': 5.332385063171387}, {'grad_norm': 1.1143362522125244, 'learning_rate': 0.0027, 'step': 1264, 'train_nelbo': 5.457241535186768}, {'grad_norm': 2.1029629707336426, 'learning_rate': 0.0027, 'step': 1343, 'train_nelbo': 6.269733428955078}, {'grad_norm': 0.9854458570480347, 'learning_rate': 0.0019769874476987448, 'step': 1422, 'train_nelbo': 5.430407524108887}, {'grad_norm': 1.623012900352478, 'learning_rate': 0.001084518828451883, 'step': 1501, 'train_nelbo': 5.442156791687012}, {'grad_norm': 1.2450717687606812, 'learning_rate': 0.000192050209205021, 'step': 1580, 'train_nelbo': 5.410475254058838}, {'grad_norm': 1.0331639051437378, 'learning_rate': 0.0, 'step': 1597, 'train_nelbo': 5.257728099822998}]",55.95010516885668,6045984,4,300000000000000.0,65404928,dense_dual_stream_attention_v1,0.040719383151910184,4.764927864074707,5.257728099822998,0.0027,504288,True,0.6,299966065016832,/root/shakespeare-dLM/scale_to_climbmix/results_curriculum/runs/3e14/0.5M/p_ar_0p6/result.json,1337,256,True,16,0.5M,complete,3992,5.3220034539699554,5.296982645988464,0.1
2.831429892219603,560,99,659,3612960,64,0.03347438441069009,2634,"[{'grad_norm': 8.71168041229248, 'learning_rate': 2.0454545454545454e-05, 'step': 1, 'train_nelbo': 7.569942474365234}, {'grad_norm': 2.108259439468384, 'learning_rate': 0.002679545454545455, 'step': 131, 'train_nelbo': 6.277099609375}, {'grad_norm': 2.244593381881714, 'learning_rate': 0.0027, 'step': 262, 'train_nelbo': 6.174925327301025}, {'grad_norm': 1.0936377048492432, 'learning_rate': 0.0027, 'step': 393, 'train_nelbo': 5.856054306030273}, {'grad_norm': 1.7263282537460327, 'learning_rate': 0.0027, 'step': 524, 'train_nelbo': 5.996089935302734}, {'grad_norm': 1.1705793142318726, 'learning_rate': 0.0027, 'step': 655, 'train_nelbo': 5.5120697021484375}, {'grad_norm': 0.904668390750885, 'learning_rate': 0.0027, 'step': 786, 'train_nelbo': 5.75659704208374}, {'grad_norm': 1.2667486667633057, 'learning_rate': 0.0027, 'step': 917, 'train_nelbo': 5.751713752746582}, {'grad_norm': 1.4904022216796875, 'learning_rate': 0.0027, 'step': 1048, 'train_nelbo': 5.728250980377197}, {'grad_norm': 2.0303103923797607, 'learning_rate': 0.0027, 'step': 1179, 'train_nelbo': 5.935222148895264}, {'grad_norm': 1.0072578191757202, 'learning_rate': 0.0027, 'step': 1310, 'train_nelbo': 5.656959533691406}, {'grad_norm': 0.9669828414916992, 'learning_rate': 0.0027, 'step': 1441, 'train_nelbo': 5.639323711395264}, {'grad_norm': 1.0447278022766113, 'learning_rate': 0.0027, 'step': 1572, 'train_nelbo': 5.609492301940918}, {'grad_norm': 1.035133719444275, 'learning_rate': 0.0027, 'step': 1703, 'train_nelbo': 5.612394332885742}, {'grad_norm': 1.2326924800872803, 'learning_rate': 0.0027, 'step': 1834, 'train_nelbo': 5.501778602600098}, {'grad_norm': 0.9991676807403564, 'learning_rate': 0.0027, 'step': 1965, 'train_nelbo': 5.47050142288208}, {'grad_norm': 0.8532770276069641, 'learning_rate': 0.0027, 'step': 2096, 'train_nelbo': 5.366077423095703}, {'grad_norm': 0.9351827502250671, 'learning_rate': 0.0027, 'step': 2227, 'train_nelbo': 5.310779571533203}, {'grad_norm': 1.0710132122039795, 'learning_rate': 0.0018913705583756346, 'step': 2358, 'train_nelbo': 5.516528606414795}, {'grad_norm': 1.8566867113113403, 'learning_rate': 0.0009936548223350257, 'step': 2489, 'train_nelbo': 5.3519792556762695}, {'grad_norm': 1.1605422496795654, 'learning_rate': 9.593908629441624e-05, 'step': 2620, 'train_nelbo': 4.977996826171875}, {'grad_norm': 1.0541588068008423, 'learning_rate': 0.0, 'step': 2634, 'train_nelbo': 5.345105171203613}]",88.1715285377577,6045984,4,300000000000000.0,53952512,dense_dual_stream_attention_v1,0.03358941100181368,5.094502925872803,5.345105171203613,0.0027,504288,True,0.2,299926527934464,/root/shakespeare-dLM/scale_to_climbmix/results_curriculum/runs/3e14/0.5M/p_ar_0p2/result.json,1337,256,True,16,0.5M,complete,3293,5.292686223983765,5.272565573453903,0.1
0.9637576136738062,269,47,316,3612960,64,0.03248959740767516,2839,"[{'grad_norm': 7.868773460388184, 'learning_rate': 1.9014084507042255e-05, 'step': 1, 'train_nelbo': 7.460995674133301}, {'grad_norm': 1.6686270236968994, 'learning_rate': 0.0026809859154929582, 'step': 141, 'train_nelbo': 6.13438606262207}, {'grad_norm': 1.4131685495376587, 'learning_rate': 0.0027, 'step': 282, 'train_nelbo': 5.793822765350342}, {'grad_norm': 1.5314439535140991, 'learning_rate': 0.0027, 'step': 423, 'train_nelbo': 6.198128700256348}, {'grad_norm': 1.12754487991333, 'learning_rate': 0.0027, 'step': 564, 'train_nelbo': 5.7923173904418945}, {'grad_norm': 1.309760332107544, 'learning_rate': 0.0027, 'step': 705, 'train_nelbo': 5.778569221496582}, {'grad_norm': 0.8520687818527222, 'learning_rate': 0.0027, 'step': 846, 'train_nelbo': 5.617238998413086}, {'grad_norm': 0.9707517027854919, 'learning_rate': 0.0027, 'step': 987, 'train_nelbo': 5.65036153793335}, {'grad_norm': 0.913212239742279, 'learning_rate': 0.0027, 'step': 1128, 'train_nelbo': 5.719919204711914}, {'grad_norm': 1.076648473739624, 'learning_rate': 0.0027, 'step': 1269, 'train_nelbo': 5.832363128662109}, {'grad_norm': 1.056792140007019, 'learning_rate': 0.0027, 'step': 1410, 'train_nelbo': 5.602502346038818}, {'grad_norm': 1.4378200769424438, 'learning_rate': 0.0027, 'step': 1551, 'train_nelbo': 5.730379104614258}, {'grad_norm': 1.6215331554412842, 'learning_rate': 0.0027, 'step': 1692, 'train_nelbo': 5.595480918884277}, {'grad_norm': 1.101367473602295, 'learning_rate': 0.0027, 'step': 1833, 'train_nelbo': 5.643343925476074}, {'grad_norm': 1.0427894592285156, 'learning_rate': 0.0027, 'step': 1974, 'train_nelbo': 5.531919479370117}, {'grad_norm': 1.4733980894088745, 'learning_rate': 0.0027, 'step': 2115, 'train_nelbo': 5.541004657745361}, {'grad_norm': 1.2578692436218262, 'learning_rate': 0.0027, 'step': 2256, 'train_nelbo': 5.595733642578125}, {'grad_norm': 1.0292378664016724, 'learning_rate': 0.0027, 'step': 2397, 'train_nelbo': 5.247413635253906}, {'grad_norm': 0.8358016014099121, 'learning_rate': 0.001912235294117647, 'step': 2538, 'train_nelbo': 5.400399208068848}, {'grad_norm': 0.8062061071395874, 'learning_rate': 0.0010164705882352942, 'step': 2679, 'train_nelbo': 5.416731834411621}, {'grad_norm': 1.5396887063980103, 'learning_rate': 0.00012070588235294111, 'step': 2820, 'train_nelbo': 5.40471076965332}, {'grad_norm': 0.875701904296875, 'learning_rate': 0.0, 'step': 2839, 'train_nelbo': 5.388528823852539}]",92.23796704038978,6045984,4,300000000000000.0,51691520,dense_dual_stream_attention_v1,0.032181777015099354,5.647192478179932,5.388528823852539,0.0027,504288,True,0.1,299929500647424,/root/shakespeare-dLM/scale_to_climbmix/results_curriculum/runs/3e14/0.5M/p_ar_0p1/result.json,1337,256,True,16,0.5M,complete,3155,5.289773032069206,5.283082216978073,0.1
7.687632815912366,1227,217,1444,3612960,64,0.034803511327515434,2165,"[{'grad_norm': 15.25292682647705, 'learning_rate': 2.5e-05, 'step': 1, 'train_nelbo': 7.782132148742676}, {'grad_norm': 1.8398617506027222, 'learning_rate': 0.0027, 'step': 108, 'train_nelbo': 5.90273380279541}, {'grad_norm': 1.7320940494537354, 'learning_rate': 0.0027, 'step': 216, 'train_nelbo': 5.8453569412231445}, {'grad_norm': 1.3490028381347656, 'learning_rate': 0.0027, 'step': 324, 'train_nelbo': 5.66240119934082}, {'grad_norm': 1.5762338638305664, 'learning_rate': 0.0027, 'step': 432, 'train_nelbo': 5.6773152351379395}, {'grad_norm': 1.2307970523834229, 'learning_rate': 0.0027, 'step': 540, 'train_nelbo': 5.6941938400268555}, {'grad_norm': 1.183568000793457, 'learning_rate': 0.0027, 'step': 648, 'train_nelbo': 5.467874526977539}, {'grad_norm': 1.2389733791351318, 'learning_rate': 0.0027, 'step': 756, 'train_nelbo': 5.537057399749756}, {'grad_norm': 1.545506477355957, 'learning_rate': 0.0027, 'step': 864, 'train_nelbo': 5.755331039428711}, {'grad_norm': 1.0735630989074707, 'learning_rate': 0.0027, 'step': 972, 'train_nelbo': 5.4083147048950195}, {'grad_norm': 1.3114967346191406, 'learning_rate': 0.0027, 'step': 1080, 'train_nelbo': 5.748540878295898}, {'grad_norm': 1.2363120317459106, 'learning_rate': 0.0027, 'step': 1188, 'train_nelbo': 5.297623634338379}, {'grad_norm': 1.0064404010772705, 'learning_rate': 0.0027, 'step': 1296, 'train_nelbo': 5.562508583068848}, {'grad_norm': 1.1289111375808716, 'learning_rate': 0.0027, 'step': 1404, 'train_nelbo': 5.508725166320801}, {'grad_norm': 0.9105807542800903, 'learning_rate': 0.0027, 'step': 1512, 'train_nelbo': 5.413365364074707}, {'grad_norm': 0.9457845091819763, 'learning_rate': 0.0027, 'step': 1620, 'train_nelbo': 5.330092430114746}, {'grad_norm': 1.206375241279602, 'learning_rate': 0.0027, 'step': 1728, 'train_nelbo': 5.378711700439453}, {'grad_norm': 1.020082950592041, 'learning_rate': 0.0027, 'step': 1836, 'train_nelbo': 5.386100769042969}, {'grad_norm': 0.9796944856643677, 'learning_rate': 0.0018416666666666666, 'step': 1944, 'train_nelbo': 5.154795169830322}, {'grad_norm': 1.0013914108276367, 'learning_rate': 0.0009416666666666667, 'step': 2052, 'train_nelbo': 5.47859001159668}, {'grad_norm': 0.9502065777778625, 'learning_rate': 4.166666666666656e-05, 'step': 2160, 'train_nelbo': 5.488585472106934}, {'grad_norm': 0.8434498310089111, 'learning_rate': 0.0, 'step': 2165, 'train_nelbo': 5.02119255065918}]",75.34960202407092,6045984,4,300000000000000.0,59129856,dense_dual_stream_attention_v1,0.03681268882646389,4.84623908996582,5.02119255065918,0.0027,504288,True,0.4,299936474726400,/root/shakespeare-dLM/scale_to_climbmix/results_curriculum/runs/3e14/0.5M/p_ar_0p4/result.json,1337,256,True,16,0.5M,complete,3609,5.303288161754608,5.289076030254364,0.1
5.265222333371639,1612,284,1896,3612960,64,0.03373161166228138,1895,"[{'grad_norm': 19.269872665405273, 'learning_rate': 2.842105263157895e-05, 'step': 1, 'train_nelbo': 7.682218074798584}, {'grad_norm': 2.103189706802368, 'learning_rate': 0.0026715789473684215, 'step': 94, 'train_nelbo': 5.99165678024292}, {'grad_norm': 1.3317638635635376, 'learning_rate': 0.0027, 'step': 188, 'train_nelbo': 5.982559680938721}, {'grad_norm': 1.0665521621704102, 'learning_rate': 0.0027, 'step': 282, 'train_nelbo': 5.486252784729004}, {'grad_norm': 1.3053616285324097, 'learning_rate': 0.0027, 'step': 376, 'train_nelbo': 5.649744987487793}, {'grad_norm': 1.206510305404663, 'learning_rate': 0.0027, 'step': 470, 'train_nelbo': 5.786553382873535}, {'grad_norm': 1.0737671852111816, 'learning_rate': 0.0027, 'step': 564, 'train_nelbo': 5.377386093139648}, {'grad_norm': 1.0970637798309326, 'learning_rate': 0.0027, 'step': 658, 'train_nelbo': 5.626016139984131}, {'grad_norm': 1.2953678369522095, 'learning_rate': 0.0027, 'step': 752, 'train_nelbo': 5.607969284057617}, {'grad_norm': 0.946182131767273, 'learning_rate': 0.0027, 'step': 846, 'train_nelbo': 5.423225402832031}, {'grad_norm': 1.2764509916305542, 'learning_rate': 0.0027, 'step': 940, 'train_nelbo': 5.644781112670898}, {'grad_norm': 0.9695612192153931, 'learning_rate': 0.0027, 'step': 1034, 'train_nelbo': 5.352566242218018}, {'grad_norm': 2.8496978282928467, 'learning_rate': 0.0027, 'step': 1128, 'train_nelbo': 5.9701714515686035}, {'grad_norm': 1.4371520280838013, 'learning_rate': 0.0027, 'step': 1222, 'train_nelbo': 5.615781784057617}, {'grad_norm': 0.9435835480690002, 'learning_rate': 0.0027, 'step': 1316, 'train_nelbo': 5.376222610473633}, {'grad_norm': 1.383915662765503, 'learning_rate': 0.0027, 'step': 1410, 'train_nelbo': 5.628753662109375}, {'grad_norm': 1.139276385307312, 'learning_rate': 0.0027, 'step': 1504, 'train_nelbo': 5.413974761962891}, {'grad_norm': 1.078268051147461, 'learning_rate': 0.0027, 'step': 1598, 'train_nelbo': 5.325252056121826}, {'grad_norm': 1.3570183515548706, 'learning_rate': 0.001936749116607774, 'step': 1692, 'train_nelbo': 5.437912940979004}, {'grad_norm': 0.9239026308059692, 'learning_rate': 0.001039929328621908, 'step': 1786, 'train_nelbo': 5.098781585693359}, {'grad_norm': 0.9306856989860535, 'learning_rate': 0.00014310954063604254, 'step': 1880, 'train_nelbo': 5.412762641906738}, {'grad_norm': 0.8806023001670837, 'learning_rate': 0.0, 'step': 1895, 'train_nelbo': 5.297248840332031}]",63.92140410002321,6045984,4,300000000000000.0,62111744,dense_dual_stream_attention_v1,0.03866913364952192,4.8823723793029785,5.297248840332031,0.0027,504288,True,0.5,299946997186560,/root/shakespeare-dLM/scale_to_climbmix/results_curriculum/runs/3e14/0.5M/p_ar_0p5/result.json,1337,256,True,16,0.5M,complete,3791,5.29903370141983,5.279514253139496,0.1
1.9489276623353362,461,81,542,6774240,64,0.03967191025420068,1263,"[{'grad_norm': 8.543983459472656, 'learning_rate': 4.2857142857142856e-05, 'step': 1, 'train_nelbo': 7.418015480041504}, {'grad_norm': 1.1866382360458374, 'learning_rate': 0.0027, 'step': 63, 'train_nelbo': 6.246518135070801}, {'grad_norm': 0.8329843878746033, 'learning_rate': 0.0027, 'step': 126, 'train_nelbo': 5.917325973510742}, {'grad_norm': 1.6199588775634766, 'learning_rate': 0.0027, 'step': 189, 'train_nelbo': 6.470711708068848}, {'grad_norm': 1.6665599346160889, 'learning_rate': 0.0027, 'step': 252, 'train_nelbo': 6.033524513244629}, {'grad_norm': 0.7568609714508057, 'learning_rate': 0.0027, 'step': 315, 'train_nelbo': 6.022808074951172}, {'grad_norm': 0.8126271367073059, 'learning_rate': 0.0027, 'step': 378, 'train_nelbo': 5.715273380279541}, {'grad_norm': 0.6793015599250793, 'learning_rate': 0.0027, 'step': 441, 'train_nelbo': 5.7348480224609375}, {'grad_norm': 0.8136675357818604, 'learning_rate': 0.0027, 'step': 504, 'train_nelbo': 5.655296325683594}, {'grad_norm': 0.7177659273147583, 'learning_rate': 0.0027, 'step': 567, 'train_nelbo': 5.757327079772949}, {'grad_norm': 0.6572874188423157, 'learning_rate': 0.0027, 'step': 630, 'train_nelbo': 5.796046733856201}, {'grad_norm': 0.5949498414993286, 'learning_rate': 0.0027, 'step': 693, 'train_nelbo': 5.726316452026367}, {'grad_norm': 0.6475061774253845, 'learning_rate': 0.0027, 'step': 756, 'train_nelbo': 5.522983551025391}, {'grad_norm': 0.6145047545433044, 'learning_rate': 0.0027, 'step': 819, 'train_nelbo': 5.9100446701049805}, {'grad_norm': 0.5960195660591125, 'learning_rate': 0.0027, 'step': 882, 'train_nelbo': 5.537889003753662}, {'grad_norm': 1.446318507194519, 'learning_rate': 0.0027, 'step': 945, 'train_nelbo': 5.562373161315918}, {'grad_norm': 0.5396023988723755, 'learning_rate': 0.0027, 'step': 1008, 'train_nelbo': 5.435808181762695}, {'grad_norm': 0.6424134373664856, 'learning_rate': 0.0027, 'step': 1071, 'train_nelbo': 5.5115275382995605}, {'grad_norm': 0.5715703368186951, 'learning_rate': 0.0018526595744680853, 'step': 1134, 'train_nelbo': 5.398692607879639}, {'grad_norm': 0.5320308208465576, 'learning_rate': 0.0009478723404255319, 'step': 1197, 'train_nelbo': 5.215569019317627}, {'grad_norm': 0.5489956140518188, 'learning_rate': 4.308510638297871e-05, 'step': 1260, 'train_nelbo': 5.2815446853637695}, {'grad_norm': 0.6623889207839966, 'learning_rate': 0.0, 'step': 1263, 'train_nelbo': 5.109699249267578}]",50.105622651055455,11581920,4,300000000000000.0,29573120,dense_dual_stream_attention_v1,0.018411444536372213,5.149106979370117,5.109699249267578,0.0027,965920,True,0.3,299820696207360,/root/shakespeare-dLM/scale_to_climbmix/results_curriculum/runs/3e14/1M/p_ar_0p3/result.json,1337,256,True,8,1M,complete,1805,5.335418671369553,5.317942216992378,0.1
6.77483285497874,1074,189,1263,6774240,64,0.04384805653531839,842,"[{'grad_norm': 10.552703857421875, 'learning_rate': 6.428571428571429e-05, 'step': 1, 'train_nelbo': 7.516231536865234}, {'grad_norm': 1.1021418571472168, 'learning_rate': 0.0027, 'step': 42, 'train_nelbo': 6.2665205001831055}, {'grad_norm': 0.9319278001785278, 'learning_rate': 0.0027, 'step': 84, 'train_nelbo': 5.754673004150391}, {'grad_norm': 0.748189389705658, 'learning_rate': 0.0027, 'step': 126, 'train_nelbo': 5.578526496887207}, {'grad_norm': 0.8248129487037659, 'learning_rate': 0.0027, 'step': 168, 'train_nelbo': 5.853198051452637}, {'grad_norm': 0.9669280052185059, 'learning_rate': 0.0027, 'step': 210, 'train_nelbo': 5.509910583496094}, {'grad_norm': 1.5805624723434448, 'learning_rate': 0.0027, 'step': 252, 'train_nelbo': 5.9486284255981445}, {'grad_norm': 0.7032519578933716, 'learning_rate': 0.0027, 'step': 294, 'train_nelbo': 5.463924407958984}, {'grad_norm': 0.7402607798576355, 'learning_rate': 0.0027, 'step': 336, 'train_nelbo': 5.527536869049072}, {'grad_norm': 0.8492430448532104, 'learning_rate': 0.0027, 'step': 378, 'train_nelbo': 5.688565731048584}, {'grad_norm': 1.001953125, 'learning_rate': 0.0027, 'step': 420, 'train_nelbo': 5.732574462890625}, {'grad_norm': 0.8731392025947571, 'learning_rate': 0.0027, 'step': 462, 'train_nelbo': 5.573868751525879}, {'grad_norm': 0.978046715259552, 'learning_rate': 0.0027, 'step': 504, 'train_nelbo': 5.5637311935424805}, {'grad_norm': 0.9338777661323547, 'learning_rate': 0.0027, 'step': 546, 'train_nelbo': 5.720060348510742}, {'grad_norm': 0.7140336632728577, 'learning_rate': 0.0027, 'step': 588, 'train_nelbo': 5.443654537200928}, {'grad_norm': 0.8945672512054443, 'learning_rate': 0.0027, 'step': 630, 'train_nelbo': 5.636386394500732}, {'grad_norm': 1.1158682107925415, 'learning_rate': 0.0027, 'step': 672, 'train_nelbo': 5.486596584320068}, {'grad_norm': 0.7260299921035767, 'learning_rate': 0.0027, 'step': 714, 'train_nelbo': 5.504260540008545}, {'grad_norm': 0.6546798944473267, 'learning_rate': 0.0018576, 'step': 756, 'train_nelbo': 5.331676483154297}, {'grad_norm': 0.6496498584747314, 'learning_rate': 0.0009504, 'step': 798, 'train_nelbo': 5.167318820953369}, {'grad_norm': 0.6500117778778076, 'learning_rate': 4.320000000000004e-05, 'step': 840, 'train_nelbo': 5.359123706817627}, {'grad_norm': 0.828234851360321, 'learning_rate': 0.0, 'step': 842, 'train_nelbo': 5.274486541748047}]",36.92006360273808,11581920,4,300000000000000.0,34488320,dense_dual_stream_attention_v1,0.0214715184205338,4.912032127380371,5.274486541748047,0.0027,965920,True,0.6,299955679395840,/root/shakespeare-dLM/scale_to_climbmix/results_curriculum/runs/3e14/1M/p_ar_0p6/result.json,1337,256,True,8,1M,complete,2105,5.34075203537941,5.326693594455719,0.1
2.285882377065718,293,52,345,6774240,64,0.043255988148495586,1379,"[{'grad_norm': 7.470005512237549, 'learning_rate': 3.91304347826087e-05, 'step': 1, 'train_nelbo': 7.514686584472656}, {'grad_norm': 0.8246148824691772, 'learning_rate': 0.0026608695652173913, 'step': 68, 'train_nelbo': 5.978235244750977}, {'grad_norm': 0.774925172328949, 'learning_rate': 0.0027, 'step': 136, 'train_nelbo': 6.411364555358887}, {'grad_norm': 0.6995626091957092, 'learning_rate': 0.0027, 'step': 204, 'train_nelbo': 6.015732288360596}, {'grad_norm': 0.6545151472091675, 'learning_rate': 0.0027, 'step': 272, 'train_nelbo': 6.075791358947754}, {'grad_norm': 0.7542331218719482, 'learning_rate': 0.0027, 'step': 340, 'train_nelbo': 6.027441024780273}, {'grad_norm': 0.5773723721504211, 'learning_rate': 0.0027, 'step': 408, 'train_nelbo': 5.744135856628418}, {'grad_norm': 0.5698131322860718, 'learning_rate': 0.0027, 'step': 476, 'train_nelbo': 5.649232864379883}, {'grad_norm': 0.7244296669960022, 'learning_rate': 0.0027, 'step': 544, 'train_nelbo': 5.58186674118042}, {'grad_norm': 0.6078549027442932, 'learning_rate': 0.0027, 'step': 612, 'train_nelbo': 5.74760627746582}, {'grad_norm': 0.625188410282135, 'learning_rate': 0.0027, 'step': 680, 'train_nelbo': 5.690694808959961}, {'grad_norm': 0.8804371953010559, 'learning_rate': 0.0027, 'step': 748, 'train_nelbo': 5.4017720222473145}, {'grad_norm': 0.6619802713394165, 'learning_rate': 0.0027, 'step': 816, 'train_nelbo': 5.791956901550293}, {'grad_norm': 1.267614483833313, 'learning_rate': 0.0027, 'step': 884, 'train_nelbo': 5.47701358795166}, {'grad_norm': 0.5547707080841064, 'learning_rate': 0.0027, 'step': 952, 'train_nelbo': 5.410805702209473}, {'grad_norm': 0.5539381504058838, 'learning_rate': 0.0027, 'step': 1020, 'train_nelbo': 5.5993475914001465}, {'grad_norm': 0.7703008055686951, 'learning_rate': 0.0027, 'step': 1088, 'train_nelbo': 5.748411655426025}, {'grad_norm': 0.9860801696777344, 'learning_rate': 0.0027, 'step': 1156, 'train_nelbo': 5.636782646179199}, {'grad_norm': 0.47873470187187195, 'learning_rate': 0.0020315533980582523, 'step': 1224, 'train_nelbo': 5.396888256072998}, {'grad_norm': 0.5290791988372803, 'learning_rate': 0.0011402912621359224, 'step': 1292, 'train_nelbo': 5.433163642883301}, {'grad_norm': 0.6876128315925598, 'learning_rate': 0.00024902912621359215, 'step': 1360, 'train_nelbo': 5.420976161956787}, {'grad_norm': 0.49998682737350464, 'learning_rate': 0.0, 'step': 1379, 'train_nelbo': 5.357587814331055}]",59.650007656775415,11581920,4,300000000000000.0,28246016,dense_dual_stream_attention_v1,0.017585224587648586,5.5324482917785645,5.357587814331055,0.0027,965920,True,0.2,299967782584320,/root/shakespeare-dLM/scale_to_climbmix/results_curriculum/runs/3e14/1M/p_ar_0p2/result.json,1337,256,True,8,1M,complete,1724,5.37920568883419,5.367498904466629,0.1
1.1399457305669785,140,25,165,6774240,64,0.042661179595117296,1484,"[{'grad_norm': 8.79916000366211, 'learning_rate': 3.648648648648649e-05, 'step': 1, 'train_nelbo': 7.66950798034668}, {'grad_norm': 0.773098886013031, 'learning_rate': 0.0027, 'step': 74, 'train_nelbo': 6.318205833435059}, {'grad_norm': 0.6787659525871277, 'learning_rate': 0.0027, 'step': 148, 'train_nelbo': 6.194537162780762}, {'grad_norm': 0.6198890805244446, 'learning_rate': 0.0027, 'step': 222, 'train_nelbo': 6.231653213500977}, {'grad_norm': 0.8285647630691528, 'learning_rate': 0.0027, 'step': 296, 'train_nelbo': 6.391213893890381}, {'grad_norm': 0.8402761220932007, 'learning_rate': 0.0027, 'step': 370, 'train_nelbo': 6.215654373168945}, {'grad_norm': 0.8904845118522644, 'learning_rate': 0.0027, 'step': 444, 'train_nelbo': 6.2757487297058105}, {'grad_norm': 0.6002812385559082, 'learning_rate': 0.0027, 'step': 518, 'train_nelbo': 5.840351104736328}, {'grad_norm': 0.7582931518554688, 'learning_rate': 0.0027, 'step': 592, 'train_nelbo': 6.124349117279053}, {'grad_norm': 0.5251621007919312, 'learning_rate': 0.0027, 'step': 666, 'train_nelbo': 5.832114219665527}, {'grad_norm': 0.8515158295631409, 'learning_rate': 0.0027, 'step': 740, 'train_nelbo': 6.007465362548828}, {'grad_norm': 0.4826098084449768, 'learning_rate': 0.0027, 'step': 814, 'train_nelbo': 5.630061149597168}, {'grad_norm': 0.5723511576652527, 'learning_rate': 0.0027, 'step': 888, 'train_nelbo': 5.814370632171631}, {'grad_norm': 0.5732360482215881, 'learning_rate': 0.0027, 'step': 962, 'train_nelbo': 5.6886067390441895}, {'grad_norm': 0.5850026607513428, 'learning_rate': 0.0027, 'step': 1036, 'train_nelbo': 5.523802757263184}, {'grad_norm': 0.505673348903656, 'learning_rate': 0.0027, 'step': 1110, 'train_nelbo': 5.298152923583984}, {'grad_norm': 0.6640334129333496, 'learning_rate': 0.0027, 'step': 1184, 'train_nelbo': 5.76123046875}, {'grad_norm': 0.5467849969863892, 'learning_rate': 0.0027, 'step': 1258, 'train_nelbo': 5.649630546569824}, {'grad_norm': 0.49463197588920593, 'learning_rate': 0.0018486486486486487, 'step': 1332, 'train_nelbo': 5.42134428024292}, {'grad_norm': 0.5710864067077637, 'learning_rate': 0.0009486486486486486, 'step': 1406, 'train_nelbo': 5.914237976074219}, {'grad_norm': 0.5733574628829956, 'learning_rate': 4.8648648648648756e-05, 'step': 1480, 'train_nelbo': 5.706094741821289}, {'grad_norm': 0.447122722864151, 'learning_rate': 0.0, 'step': 1484, 'train_nelbo': 5.398774147033691}]",63.30919051915407,11581920,4,300000000000000.0,27017216,dense_dual_stream_attention_v1,0.01682020611660819,6.145760536193848,5.398774147033691,0.0027,965920,True,0.1,299914344529920,/root/shakespeare-dLM/scale_to_climbmix/results_curriculum/runs/3e14/1M/p_ar_0p1/result.json,1337,256,True,8,1M,complete,1649,5.461524680256844,5.45486119389534,0.1
3.732241505756974,644,114,758,6774240,64,0.0409825145141627,1137,"[{'grad_norm': 10.1514253616333, 'learning_rate': 4.736842105263158e-05, 'step': 1, 'train_nelbo': 7.6151885986328125}, {'grad_norm': 2.084946393966675, 'learning_rate': 0.0026526315789473683, 'step': 56, 'train_nelbo': 6.823573112487793}, {'grad_norm': 1.0887778997421265, 'learning_rate': 0.0027, 'step': 112, 'train_nelbo': 6.107536315917969}, {'grad_norm': 1.1987849473953247, 'learning_rate': 0.0027, 'step': 168, 'train_nelbo': 6.007765293121338}, {'grad_norm': 0.7207537293434143, 'learning_rate': 0.0027, 'step': 224, 'train_nelbo': 5.645054817199707}, {'grad_norm': 0.8084198236465454, 'learning_rate': 0.0027, 'step': 280, 'train_nelbo': 5.970184326171875}, {'grad_norm': 0.7506019473075867, 'learning_rate': 0.0027, 'step': 336, 'train_nelbo': 5.597202301025391}, {'grad_norm': 1.0573469400405884, 'learning_rate': 0.0027, 'step': 392, 'train_nelbo': 5.70687198638916}, {'grad_norm': 0.7145658731460571, 'learning_rate': 0.0027, 'step': 448, 'train_nelbo': 5.597568035125732}, {'grad_norm': 0.9077751636505127, 'learning_rate': 0.0027, 'step': 504, 'train_nelbo': 5.664926052093506}, {'grad_norm': 0.7462981939315796, 'learning_rate': 0.0027, 'step': 560, 'train_nelbo': 5.6764445304870605}, {'grad_norm': 0.7207894325256348, 'learning_rate': 0.0027, 'step': 616, 'train_nelbo': 5.480888366699219}, {'grad_norm': 0.6364508867263794, 'learning_rate': 0.0027, 'step': 672, 'train_nelbo': 5.567829132080078}, {'grad_norm': 0.7805997133255005, 'learning_rate': 0.0027, 'step': 728, 'train_nelbo': 5.609568119049072}, {'grad_norm': 0.8286553025245667, 'learning_rate': 0.0027, 'step': 784, 'train_nelbo': 5.430470943450928}, {'grad_norm': 0.6123244762420654, 'learning_rate': 0.0027, 'step': 840, 'train_nelbo': 5.423101425170898}, {'grad_norm': 0.6653249263763428, 'learning_rate': 0.0027, 'step': 896, 'train_nelbo': 5.578151226043701}, {'grad_norm': 0.7943787574768066, 'learning_rate': 0.0027, 'step': 952, 'train_nelbo': 5.613125801086426}, {'grad_norm': 0.5631753206253052, 'learning_rate': 0.002048823529411765, 'step': 1008, 'train_nelbo': 5.40293550491333}, {'grad_norm': 0.7056160569190979, 'learning_rate': 0.0011594117647058825, 'step': 1064, 'train_nelbo': 5.351600646972656}, {'grad_norm': 0.6970760822296143, 'learning_rate': 0.00026999999999999995, 'step': 1120, 'train_nelbo': 5.316253662109375}, {'grad_norm': 0.6401921510696411, 'learning_rate': 0.0, 'step': 1137, 'train_nelbo': 5.328822135925293}]",46.597119002602994,11581920,4,300000000000000.0,31047680,dense_dual_stream_attention_v1,0.01932946670162069,5.093270301818848,5.328822135925293,0.0027,965920,True,0.4,299884821872640,/root/shakespeare-dLM/scale_to_climbmix/results_curriculum/runs/3e14/1M/p_ar_0p4/result.json,1337,256,True,8,1M,complete,1895,5.326531961560249,5.316854774951935,0.1
5.146809341385961,848,150,998,6774240,64,0.042846276104420336,997,"[{'grad_norm': 11.660216331481934, 'learning_rate': 5.4000000000000005e-05, 'step': 1, 'train_nelbo': 7.619943618774414}, {'grad_norm': 1.1849557161331177, 'learning_rate': 0.002646, 'step': 49, 'train_nelbo': 6.330114364624023}, {'grad_norm': 0.8142403960227966, 'learning_rate': 0.0027, 'step': 98, 'train_nelbo': 5.827918529510498}, {'grad_norm': 0.844038724899292, 'learning_rate': 0.0027, 'step': 147, 'train_nelbo': 5.736459732055664}, {'grad_norm': 0.7431129813194275, 'learning_rate': 0.0027, 'step': 196, 'train_nelbo': 5.861098289489746}, {'grad_norm': 0.7649132013320923, 'learning_rate': 0.0027, 'step': 245, 'train_nelbo': 5.747315406799316}, {'grad_norm': 0.7132744193077087, 'learning_rate': 0.0027, 'step': 294, 'train_nelbo': 5.5321550369262695}, {'grad_norm': 1.0459619760513306, 'learning_rate': 0.0027, 'step': 343, 'train_nelbo': 5.688973426818848}, {'grad_norm': 1.1757794618606567, 'learning_rate': 0.0027, 'step': 392, 'train_nelbo': 5.673748970031738}, {'grad_norm': 0.8268933296203613, 'learning_rate': 0.0027, 'step': 441, 'train_nelbo': 5.692239761352539}, {'grad_norm': 0.8960429430007935, 'learning_rate': 0.0027, 'step': 490, 'train_nelbo': 5.622691631317139}, {'grad_norm': 0.6753982901573181, 'learning_rate': 0.0027, 'step': 539, 'train_nelbo': 5.281827449798584}, {'grad_norm': 0.6196971535682678, 'learning_rate': 0.0027, 'step': 588, 'train_nelbo': 5.297913551330566}, {'grad_norm': 0.7747013568878174, 'learning_rate': 0.0027, 'step': 637, 'train_nelbo': 5.539602279663086}, {'grad_norm': 0.6835829615592957, 'learning_rate': 0.0027, 'step': 686, 'train_nelbo': 5.637613296508789}, {'grad_norm': 0.8965321779251099, 'learning_rate': 0.0027, 'step': 735, 'train_nelbo': 5.995373725891113}, {'grad_norm': 0.851445734500885, 'learning_rate': 0.0027, 'step': 784, 'train_nelbo': 5.382205486297607}, {'grad_norm': 0.8548716306686401, 'learning_rate': 0.0027, 'step': 833, 'train_nelbo': 5.529648303985596}, {'grad_norm': 0.798852801322937, 'learning_rate': 0.0020838926174496647, 'step': 882, 'train_nelbo': 5.52033805847168}, {'grad_norm': 0.8693992495536804, 'learning_rate': 0.0011959731543624162, 'step': 931, 'train_nelbo': 5.472047805786133}, {'grad_norm': 0.7157079577445984, 'learning_rate': 0.00030805369127516767, 'step': 980, 'train_nelbo': 5.331361293792725}, {'grad_norm': 0.5407921671867371, 'learning_rate': 0.0, 'step': 997, 'train_nelbo': 5.229205131530762}]",42.71773727610707,11581920,4,300000000000000.0,32686080,dense_dual_stream_attention_v1,0.020349491329674552,4.770745754241943,5.229205131530762,0.0027,965920,True,0.5,299956072611840,/root/shakespeare-dLM/scale_to_climbmix/results_curriculum/runs/3e14/1M/p_ar_0p5/result.json,1337,256,True,8,1M,complete,1995,5.338089823722839,5.321422562003136,0.1
14.742795362137258,4028,711,4739,924768,64,0.021515001295990363,11057,"[{'grad_norm': 116.63838195800781, 'learning_rate': 1.4647377938517178e-05, 'step': 1, 'train_nelbo': 8.165555953979492}, {'grad_norm': 1.7385755777359009, 'learning_rate': 0.008085352622061483, 'step': 552, 'train_nelbo': 6.468018531799316}, {'grad_norm': 1.0255359411239624, 'learning_rate': 0.0081, 'step': 1104, 'train_nelbo': 6.2936601638793945}, {'grad_norm': 1.1017718315124512, 'learning_rate': 0.0081, 'step': 1656, 'train_nelbo': 6.2054901123046875}, {'grad_norm': 1.0652432441711426, 'learning_rate': 0.0081, 'step': 2208, 'train_nelbo': 5.797152519226074}, {'grad_norm': 1.7073147296905518, 'learning_rate': 0.0081, 'step': 2760, 'train_nelbo': 6.467095375061035}, {'grad_norm': 1.0826789140701294, 'learning_rate': 0.0081, 'step': 3312, 'train_nelbo': 6.126056671142578}, {'grad_norm': 1.0382570028305054, 'learning_rate': 0.0081, 'step': 3864, 'train_nelbo': 6.26144552230835}, {'grad_norm': 0.8012683987617493, 'learning_rate': 0.0081, 'step': 4416, 'train_nelbo': 5.944803714752197}, {'grad_norm': 0.9321891665458679, 'learning_rate': 0.0081, 'step': 4968, 'train_nelbo': 6.222597122192383}, {'grad_norm': 0.8302724361419678, 'learning_rate': 0.0081, 'step': 5520, 'train_nelbo': 6.000060558319092}, {'grad_norm': 1.608052134513855, 'learning_rate': 0.0081, 'step': 6072, 'train_nelbo': 6.253299236297607}, {'grad_norm': 1.9976806640625, 'learning_rate': 0.0081, 'step': 6624, 'train_nelbo': 6.125669002532959}, {'grad_norm': 1.2812658548355103, 'learning_rate': 0.0081, 'step': 7176, 'train_nelbo': 5.870838165283203}, {'grad_norm': 1.4536182880401611, 'learning_rate': 0.0081, 'step': 7728, 'train_nelbo': 5.941434860229492}, {'grad_norm': 1.4312220811843872, 'learning_rate': 0.0081, 'step': 8280, 'train_nelbo': 6.403204441070557}, {'grad_norm': 1.1255053281784058, 'learning_rate': 0.0081, 'step': 8832, 'train_nelbo': 6.288970947265625}, {'grad_norm': 1.4589036703109741, 'learning_rate': 0.0081, 'step': 9384, 'train_nelbo': 6.044835567474365}, {'grad_norm': 1.8645750284194946, 'learning_rate': 0.0054765379975874546, 'step': 9936, 'train_nelbo': 6.4085001945495605}, {'grad_norm': 1.215279459953308, 'learning_rate': 0.0027797949336550057, 'step': 10488, 'train_nelbo': 5.881897449493408}, {'grad_norm': 1.194490671157837, 'learning_rate': 8.305186972255759e-05, 'step': 11040, 'train_nelbo': 5.775741100311279}, {'grad_norm': 1.0029515027999878, 'learning_rate': 0.0, 'step': 11057, 'train_nelbo': 5.705171585083008}]",237.89136932976544,1259616,4,300000000000000.0,258801664,dense_dual_stream_attention_v1,0.16112309024738808,5.272871017456055,5.705171585083008,0.0081,137824,True,0.3,299991853694976,/root/shakespeare-dLM/scale_to_climbmix/results_curriculum/runs/3e14/0.14M/p_ar_0p3/result.json,1337,256,True,75,0.14M,complete,15796,5.842640668153763,5.833098724484444,0.1
32.133267691358924,8820,1557,10377,924768,64,0.021787891233214438,6918,"[{'grad_norm': 417.1430358886719, 'learning_rate': 2.3410404624277454e-05, 'step': 1, 'train_nelbo': 8.00587272644043}, {'grad_norm': 1.70895254611969, 'learning_rate': 0.008076589595375721, 'step': 345, 'train_nelbo': 6.43384313583374}, {'grad_norm': 0.9678772687911987, 'learning_rate': 0.0081, 'step': 690, 'train_nelbo': 5.828712463378906}, {'grad_norm': 0.9379274845123291, 'learning_rate': 0.0081, 'step': 1035, 'train_nelbo': 6.105965614318848}, {'grad_norm': 1.222137451171875, 'learning_rate': 0.0081, 'step': 1380, 'train_nelbo': 5.862212181091309}, {'grad_norm': 1.418558120727539, 'learning_rate': 0.0081, 'step': 1725, 'train_nelbo': 5.915464401245117}, {'grad_norm': 1.0396091938018799, 'learning_rate': 0.0081, 'step': 2070, 'train_nelbo': 5.959578514099121}, {'grad_norm': 1.0172182321548462, 'learning_rate': 0.0081, 'step': 2415, 'train_nelbo': 6.162916660308838}, {'grad_norm': 2.6698739528656006, 'learning_rate': 0.0081, 'step': 2760, 'train_nelbo': 6.191527366638184}, {'grad_norm': 0.8437250256538391, 'learning_rate': 0.0081, 'step': 3105, 'train_nelbo': 5.999713897705078}, {'grad_norm': 1.2543727159500122, 'learning_rate': 0.0081, 'step': 3450, 'train_nelbo': 6.177199363708496}, {'grad_norm': 0.7981343269348145, 'learning_rate': 0.0081, 'step': 3795, 'train_nelbo': 6.0576677322387695}, {'grad_norm': 1.1200766563415527, 'learning_rate': 0.0081, 'step': 4140, 'train_nelbo': 6.30157995223999}, {'grad_norm': 1.220077633857727, 'learning_rate': 0.0081, 'step': 4485, 'train_nelbo': 6.035371780395508}, {'grad_norm': 0.8187442421913147, 'learning_rate': 0.0081, 'step': 4830, 'train_nelbo': 5.933921813964844}, {'grad_norm': 1.047724962234497, 'learning_rate': 0.0081, 'step': 5175, 'train_nelbo': 5.917895793914795}, {'grad_norm': 1.0505491495132446, 'learning_rate': 0.0081, 'step': 5520, 'train_nelbo': 5.909470081329346}, {'grad_norm': 1.5799678564071655, 'learning_rate': 0.0081, 'step': 5865, 'train_nelbo': 6.068751335144043}, {'grad_norm': 1.1900856494903564, 'learning_rate': 0.005530183220829316, 'step': 6210, 'train_nelbo': 5.741698741912842}, {'grad_norm': 0.9140276908874512, 'learning_rate': 0.0028353905496624875, 'step': 6555, 'train_nelbo': 5.646435260772705}, {'grad_norm': 0.9374657869338989, 'learning_rate': 0.00014059787849566012, 'step': 6900, 'train_nelbo': 5.993196487426758}, {'grad_norm': 1.0174616575241089, 'learning_rate': 0.0, 'step': 6918, 'train_nelbo': 5.875151634216309}]",150.72863155137748,1259616,4,300000000000000.0,283361280,dense_dual_stream_attention_v1,0.17641325942191546,5.3971781730651855,5.875151634216309,0.0081,137824,True,0.6,299996627337216,/root/shakespeare-dLM/scale_to_climbmix/results_curriculum/runs/3e14/0.14M/p_ar_0p6/result.json,1337,256,True,75,0.14M,complete,17295,5.8569739162921906,5.848076447844505,0.1
10.406249282881618,2610,460,3070,924768,64,0.021289504790216674,12282,"[{'grad_norm': 93.23435974121094, 'learning_rate': 1.3192182410423451e-05, 'step': 1, 'train_nelbo': 7.903118133544922}, {'grad_norm': 1.6291612386703491, 'learning_rate': 0.0081, 'step': 614, 'train_nelbo': 6.050829887390137}, {'grad_norm': 0.9370809197425842, 'learning_rate': 0.0081, 'step': 1228, 'train_nelbo': 5.996000289916992}, {'grad_norm': 0.9065736532211304, 'learning_rate': 0.0081, 'step': 1842, 'train_nelbo': 5.914839744567871}, {'grad_norm': 1.0113365650177002, 'learning_rate': 0.0081, 'step': 2456, 'train_nelbo': 6.049259662628174}, {'grad_norm': 1.1837881803512573, 'learning_rate': 0.0081, 'step': 3070, 'train_nelbo': 6.127284049987793}, {'grad_norm': 1.2044126987457275, 'learning_rate': 0.0081, 'step': 3684, 'train_nelbo': 6.077548980712891}, {'grad_norm': 1.175255537033081, 'learning_rate': 0.0081, 'step': 4298, 'train_nelbo': 5.913285255432129}, {'grad_norm': 0.9112157821655273, 'learning_rate': 0.0081, 'step': 4912, 'train_nelbo': 6.152115821838379}, {'grad_norm': 1.32162606716156, 'learning_rate': 0.0081, 'step': 5526, 'train_nelbo': 6.170524597167969}, {'grad_norm': 0.9728259444236755, 'learning_rate': 0.0081, 'step': 6140, 'train_nelbo': 6.088479042053223}, {'grad_norm': 1.0714884996414185, 'learning_rate': 0.0081, 'step': 6754, 'train_nelbo': 6.084889888763428}, {'grad_norm': 0.9284653663635254, 'learning_rate': 0.0081, 'step': 7368, 'train_nelbo': 5.931264400482178}, {'grad_norm': 0.9302063584327698, 'learning_rate': 0.0081, 'step': 7982, 'train_nelbo': 6.068037033081055}, {'grad_norm': 1.0156370401382446, 'learning_rate': 0.0081, 'step': 8596, 'train_nelbo': 5.99045467376709}, {'grad_norm': 1.3167393207550049, 'learning_rate': 0.0081, 'step': 9210, 'train_nelbo': 5.886390209197998}, {'grad_norm': 0.909346878528595, 'learning_rate': 0.0081, 'step': 9824, 'train_nelbo': 5.910523414611816}, {'grad_norm': 0.8080188632011414, 'learning_rate': 0.0081, 'step': 10438, 'train_nelbo': 5.912834167480469}, {'grad_norm': 1.0110517740249634, 'learning_rate': 0.005411732753938077, 'step': 11052, 'train_nelbo': 6.399212837219238}, {'grad_norm': 1.516698956489563, 'learning_rate': 0.002710266159695817, 'step': 11666, 'train_nelbo': 5.581618309020996}, {'grad_norm': 0.962141215801239, 'learning_rate': 8.799565453557667e-06, 'step': 12280, 'train_nelbo': 5.65580940246582}, {'grad_norm': 0.7550723552703857, 'learning_rate': 0.0, 'step': 12282, 'train_nelbo': 5.767808437347412}]",261.4776978334412,1259616,4,300000000000000.0,251527168,dense_dual_stream_attention_v1,0.15659418089882893,5.336208343505859,5.767808437347412,0.0081,137824,True,0.2,299985165877248,/root/shakespeare-dLM/scale_to_climbmix/results_curriculum/runs/3e14/0.14M/p_ar_0p2/result.json,1337,256,True,75,0.14M,complete,15352,5.839210703969002,5.828261643648148,0.1
4.883563999086618,1269,224,1493,924768,64,0.021188711559946005,13440,"[{'grad_norm': 13.880353927612305, 'learning_rate': 1.2053571428571427e-05, 'step': 1, 'train_nelbo': 7.612238883972168}, {'grad_norm': 1.3507599830627441, 'learning_rate': 0.0081, 'step': 672, 'train_nelbo': 6.08016300201416}, {'grad_norm': 1.3092403411865234, 'learning_rate': 0.0081, 'step': 1344, 'train_nelbo': 6.4906907081604}, {'grad_norm': 1.0677244663238525, 'learning_rate': 0.0081, 'step': 2016, 'train_nelbo': 5.954714775085449}, {'grad_norm': 1.2482753992080688, 'learning_rate': 0.0081, 'step': 2688, 'train_nelbo': 6.112606048583984}, {'grad_norm': 0.9264833927154541, 'learning_rate': 0.0081, 'step': 3360, 'train_nelbo': 5.797344207763672}, {'grad_norm': 1.155143141746521, 'learning_rate': 0.0081, 'step': 4032, 'train_nelbo': 6.1323652267456055}, {'grad_norm': 0.9544206261634827, 'learning_rate': 0.0081, 'step': 4704, 'train_nelbo': 5.92819881439209}, {'grad_norm': 1.187564492225647, 'learning_rate': 0.0081, 'step': 5376, 'train_nelbo': 6.2631754875183105}, {'grad_norm': 1.2457572221755981, 'learning_rate': 0.0081, 'step': 6048, 'train_nelbo': 6.128425598144531}, {'grad_norm': 1.1768112182617188, 'learning_rate': 0.0081, 'step': 6720, 'train_nelbo': 6.066757678985596}, {'grad_norm': 0.9099400639533997, 'learning_rate': 0.0081, 'step': 7392, 'train_nelbo': 6.072226524353027}, {'grad_norm': 1.666617512702942, 'learning_rate': 0.0081, 'step': 8064, 'train_nelbo': 5.951568603515625}, {'grad_norm': 0.8387160301208496, 'learning_rate': 0.0081, 'step': 8736, 'train_nelbo': 5.852202892303467}, {'grad_norm': 1.0587040185928345, 'learning_rate': 0.0081, 'step': 9408, 'train_nelbo': 6.036375045776367}, {'grad_norm': 1.0719714164733887, 'learning_rate': 0.0081, 'step': 10080, 'train_nelbo': 5.975712776184082}, {'grad_norm': 1.4150985479354858, 'learning_rate': 0.0081, 'step': 10752, 'train_nelbo': 6.193078994750977}, {'grad_norm': 1.9871968030929565, 'learning_rate': 0.0081, 'step': 11424, 'train_nelbo': 6.144516944885254}, {'grad_norm': 1.1953577995300293, 'learning_rate': 0.005402679900744416, 'step': 12096, 'train_nelbo': 6.155252933502197}, {'grad_norm': 2.808659791946411, 'learning_rate': 0.002701339950372208, 'step': 12768, 'train_nelbo': 6.451360702514648}, {'grad_norm': 0.9435007572174072, 'learning_rate': 0.0, 'step': 13440, 'train_nelbo': 5.788176536560059}]",284.7762833656743,1259616,4,300000000000000.0,244662272,dense_dual_stream_attention_v1,0.15232027770728324,5.456882953643799,5.788176536560059,0.0081,137824,True,0.1,299989691006976,/root/shakespeare-dLM/scale_to_climbmix/results_curriculum/runs/3e14/0.14M/p_ar_0p1/result.json,1337,256,True,75,0.14M,complete,14933,5.839621499180794,5.842571094632149,0.1
21.374765595421195,5530,976,6506,924768,64,0.021680987964395708,9760,"[{'grad_norm': 73.50109100341797, 'learning_rate': 1.6598360655737702e-05, 'step': 1, 'train_nelbo': 7.877284049987793}, {'grad_norm': 2.1680026054382324, 'learning_rate': 0.0081, 'step': 488, 'train_nelbo': 6.4341936111450195}, {'grad_norm': 0.9321542382240295, 'learning_rate': 0.0081, 'step': 976, 'train_nelbo': 5.974966526031494}, {'grad_norm': 1.5051943063735962, 'learning_rate': 0.0081, 'step': 1464, 'train_nelbo': 5.96653938293457}, {'grad_norm': 0.7944519519805908, 'learning_rate': 0.0081, 'step': 1952, 'train_nelbo': 5.9866623878479}, {'grad_norm': 1.0540982484817505, 'learning_rate': 0.0081, 'step': 2440, 'train_nelbo': 6.098567008972168}, {'grad_norm': 1.3780826330184937, 'learning_rate': 0.0081, 'step': 2928, 'train_nelbo': 6.132766246795654}, {'grad_norm': 1.2550963163375854, 'learning_rate': 0.0081, 'step': 3416, 'train_nelbo': 5.942573547363281}, {'grad_norm': 1.5303151607513428, 'learning_rate': 0.0081, 'step': 3904, 'train_nelbo': 6.2302446365356445}, {'grad_norm': 1.1488733291625977, 'learning_rate': 0.0081, 'step': 4392, 'train_nelbo': 5.870684623718262}, {'grad_norm': 1.2137991189956665, 'learning_rate': 0.0081, 'step': 4880, 'train_nelbo': 6.185455322265625}, {'grad_norm': 0.9985407590866089, 'learning_rate': 0.0081, 'step': 5368, 'train_nelbo': 5.907058238983154}, {'grad_norm': 0.9958561062812805, 'learning_rate': 0.0081, 'step': 5856, 'train_nelbo': 5.969053268432617}, {'grad_norm': 1.042118787765503, 'learning_rate': 0.0081, 'step': 6344, 'train_nelbo': 6.185568809509277}, {'grad_norm': 0.8692830801010132, 'learning_rate': 0.0081, 'step': 6832, 'train_nelbo': 5.905669689178467}, {'grad_norm': 1.0441060066223145, 'learning_rate': 0.0081, 'step': 7320, 'train_nelbo': 5.891404151916504}, {'grad_norm': 1.3209116458892822, 'learning_rate': 0.0081, 'step': 7808, 'train_nelbo': 5.990477561950684}, {'grad_norm': 1.5582072734832764, 'learning_rate': 0.0081, 'step': 8296, 'train_nelbo': 6.00479793548584}, {'grad_norm': 1.535588264465332, 'learning_rate': 0.005403691045796309, 'step': 8784, 'train_nelbo': 5.983898162841797}, {'grad_norm': 1.0056568384170532, 'learning_rate': 0.0027018455228981545, 'step': 9272, 'train_nelbo': 5.831147193908691}, {'grad_norm': 0.7128554582595825, 'learning_rate': 0.0, 'step': 9760, 'train_nelbo': 5.547151565551758}]",211.60644253250211,1259616,4,300000000000000.0,266502144,dense_dual_stream_attention_v1,0.16591720599924123,5.332283020019531,5.547151565551758,0.0081,137824,True,0.4,299997475110912,/root/shakespeare-dLM/scale_to_climbmix/results_curriculum/runs/3e14/0.14M/p_ar_0p4/result.json,1337,256,True,75,0.14M,complete,16266,5.8436112105846405,5.831515148282051,0.1
24.57057389151305,7125,1257,8382,924768,64,0.021633806287868124,8382,"[{'grad_norm': 146.03482055664062, 'learning_rate': 1.9331742243436752e-05, 'step': 1, 'train_nelbo': 8.119940757751465}, {'grad_norm': 2.024495840072632, 'learning_rate': 0.0081, 'step': 419, 'train_nelbo': 6.152419567108154}, {'grad_norm': 1.4492554664611816, 'learning_rate': 0.0081, 'step': 838, 'train_nelbo': 6.21560001373291}, {'grad_norm': 1.6455748081207275, 'learning_rate': 0.0081, 'step': 1257, 'train_nelbo': 6.254678726196289}, {'grad_norm': 1.7675291299819946, 'learning_rate': 0.0081, 'step': 1676, 'train_nelbo': 6.199243545532227}, {'grad_norm': 1.5115575790405273, 'learning_rate': 0.0081, 'step': 2095, 'train_nelbo': 5.929818153381348}, {'grad_norm': 0.9501128196716309, 'learning_rate': 0.0081, 'step': 2514, 'train_nelbo': 6.269570350646973}, {'grad_norm': 1.2274500131607056, 'learning_rate': 0.0081, 'step': 2933, 'train_nelbo': 6.149631500244141}, {'grad_norm': 1.0998791456222534, 'learning_rate': 0.0081, 'step': 3352, 'train_nelbo': 6.027120113372803}, {'grad_norm': 1.3517282009124756, 'learning_rate': 0.0081, 'step': 3771, 'train_nelbo': 6.26151180267334}, {'grad_norm': 0.8682586550712585, 'learning_rate': 0.0081, 'step': 4190, 'train_nelbo': 6.025559425354004}, {'grad_norm': 1.079944133758545, 'learning_rate': 0.0081, 'step': 4609, 'train_nelbo': 6.109216213226318}, {'grad_norm': 1.215489387512207, 'learning_rate': 0.0081, 'step': 5028, 'train_nelbo': 6.026946544647217}, {'grad_norm': 0.8913763165473938, 'learning_rate': 0.0081, 'step': 5447, 'train_nelbo': 6.085751533508301}, {'grad_norm': 1.1676416397094727, 'learning_rate': 0.0081, 'step': 5866, 'train_nelbo': 6.196979522705078}, {'grad_norm': 1.6562635898590088, 'learning_rate': 0.0081, 'step': 6285, 'train_nelbo': 6.317032337188721}, {'grad_norm': 1.0788917541503906, 'learning_rate': 0.0081, 'step': 6704, 'train_nelbo': 6.032662391662598}, {'grad_norm': 1.0738357305526733, 'learning_rate': 0.0081, 'step': 7123, 'train_nelbo': 5.935333251953125}, {'grad_norm': 1.1822277307510376, 'learning_rate': 0.0054171974522292995, 'step': 7542, 'train_nelbo': 6.186914443969727}, {'grad_norm': 1.0181061029434204, 'learning_rate': 0.0027150477707006365, 'step': 7961, 'train_nelbo': 5.919360637664795}, {'grad_norm': 0.8639124035835266, 'learning_rate': 1.2898089171974969e-05, 'step': 8380, 'train_nelbo': 5.7592363357543945}, {'grad_norm': 1.3107409477233887, 'learning_rate': 0.0, 'step': 8382, 'train_nelbo': 6.119527816772461}]",181.3345643049106,1259616,4,300000000000000.0,274661376,dense_dual_stream_attention_v1,0.17099692864694946,5.44618034362793,6.119527816772461,0.0081,137824,True,0.5,299982957576192,/root/shakespeare-dLM/scale_to_climbmix/results_curriculum/runs/3e14/0.14M/p_ar_0p5/result.json,1337,256,True,75,0.14M,complete,16764,5.848620727658272,5.840889438986778,0.1
1.6643024533987045,94,16,110,28367712,64,0.12888450851189157,255,"[{'grad_norm': 1.8239041566848755, 'learning_rate': 6.923076923076922e-05, 'step': 1, 'train_nelbo': 7.135383605957031}, {'grad_norm': 1.0298534631729126, 'learning_rate': 0.0008307692307692308, 'step': 12, 'train_nelbo': 7.19523811340332}, {'grad_norm': 1.4321221113204956, 'learning_rate': 0.0009, 'step': 24, 'train_nelbo': 7.277925491333008}, {'grad_norm': 0.6137785911560059, 'learning_rate': 0.0009, 'step': 36, 'train_nelbo': 7.339361190795898}, {'grad_norm': 0.4923785328865051, 'learning_rate': 0.0009, 'step': 48, 'train_nelbo': 7.3573102951049805}, {'grad_norm': 0.855941891670227, 'learning_rate': 0.0009, 'step': 60, 'train_nelbo': 7.155629634857178}, {'grad_norm': 0.5400466322898865, 'learning_rate': 0.0009, 'step': 72, 'train_nelbo': 6.819479942321777}, {'grad_norm': 0.7684367299079895, 'learning_rate': 0.0009, 'step': 84, 'train_nelbo': 6.723771572113037}, {'grad_norm': 0.8270841836929321, 'learning_rate': 0.0009, 'step': 96, 'train_nelbo': 6.950321674346924}, {'grad_norm': 0.46702858805656433, 'learning_rate': 0.0009, 'step': 108, 'train_nelbo': 7.073201656341553}, {'grad_norm': 0.474001944065094, 'learning_rate': 0.0009, 'step': 120, 'train_nelbo': 6.66641902923584}, {'grad_norm': 0.7693926095962524, 'learning_rate': 0.0009, 'step': 132, 'train_nelbo': 6.49407958984375}, {'grad_norm': 0.5187845230102539, 'learning_rate': 0.0009, 'step': 144, 'train_nelbo': 6.5430402755737305}, {'grad_norm': 0.630518913269043, 'learning_rate': 0.0009, 'step': 156, 'train_nelbo': 6.713059425354004}, {'grad_norm': 0.5843570828437805, 'learning_rate': 0.0009, 'step': 168, 'train_nelbo': 6.811376571655273}, {'grad_norm': 0.4415957033634186, 'learning_rate': 0.0009, 'step': 180, 'train_nelbo': 6.56453275680542}, {'grad_norm': 0.6686249375343323, 'learning_rate': 0.0009, 'step': 192, 'train_nelbo': 6.62265682220459}, {'grad_norm': 0.6241151690483093, 'learning_rate': 0.0009, 'step': 204, 'train_nelbo': 6.337664604187012}, {'grad_norm': 0.4834448993206024, 'learning_rate': 0.0009, 'step': 216, 'train_nelbo': 6.379528045654297}, {'grad_norm': 0.43719282746315, 'learning_rate': 0.0006567567567567567, 'step': 228, 'train_nelbo': 6.390180587768555}, {'grad_norm': 0.652131199836731, 'learning_rate': 0.00036486486486486485, 'step': 240, 'train_nelbo': 6.5875959396362305}, {'grad_norm': 0.8372305035591125, 'learning_rate': 7.297297297297292e-05, 'step': 252, 'train_nelbo': 6.747125625610352}, {'grad_norm': 0.6420385241508484, 'learning_rate': 0.0, 'step': 255, 'train_nelbo': 6.4584527015686035}]",32.865549670532346,59388768,4,300000000000000.0,5980160,dense_dual_stream_attention_v1,0.0037230898923965973,6.656129837036133,6.4584527015686035,0.0009,3920256,True,0.3,299246946877440,/root/shakespeare-dLM/scale_to_climbmix/results_curriculum/runs/3e14/4M/p_ar_0p3/result.json,1337,256,True,2,4M,complete,365,6.431341767311096,6.467081651091576,0.1
3.8505171881988645,229,40,269,28367712,64,0.13600750146277624,179,"[{'grad_norm': 7.081791400909424, 'learning_rate': 9.999999999999999e-05, 'step': 1, 'train_nelbo': 7.714315891265869}, {'grad_norm': 1.3167645931243896, 'learning_rate': 0.0007999999999999999, 'step': 8, 'train_nelbo': 6.7239603996276855}, {'grad_norm': 1.6361464262008667, 'learning_rate': 0.0009, 'step': 16, 'train_nelbo': 6.7601776123046875}, {'grad_norm': 0.7125759124755859, 'learning_rate': 0.0009, 'step': 24, 'train_nelbo': 6.700037002563477}, {'grad_norm': 1.0229912996292114, 'learning_rate': 0.0009, 'step': 32, 'train_nelbo': 6.453132629394531}, {'grad_norm': 0.706819474697113, 'learning_rate': 0.0009, 'step': 40, 'train_nelbo': 6.661197185516357}, {'grad_norm': 0.8463693261146545, 'learning_rate': 0.0009, 'step': 48, 'train_nelbo': 6.547048568725586}, {'grad_norm': 1.6278553009033203, 'learning_rate': 0.0009, 'step': 56, 'train_nelbo': 7.132529258728027}, {'grad_norm': 0.8541202545166016, 'learning_rate': 0.0009, 'step': 64, 'train_nelbo': 6.700546741485596}, {'grad_norm': 0.7372164726257324, 'learning_rate': 0.0009, 'step': 72, 'train_nelbo': 6.254249572753906}, {'grad_norm': 0.5507439374923706, 'learning_rate': 0.0009, 'step': 80, 'train_nelbo': 6.418569564819336}, {'grad_norm': 0.7249804139137268, 'learning_rate': 0.0009, 'step': 88, 'train_nelbo': 6.324749946594238}, {'grad_norm': 0.8787150382995605, 'learning_rate': 0.0009, 'step': 96, 'train_nelbo': 6.708584785461426}, {'grad_norm': 0.5881084203720093, 'learning_rate': 0.0009, 'step': 104, 'train_nelbo': 6.356962203979492}, {'grad_norm': 0.9334626197814941, 'learning_rate': 0.0009, 'step': 112, 'train_nelbo': 6.50745964050293}, {'grad_norm': 0.5904762744903564, 'learning_rate': 0.0009, 'step': 120, 'train_nelbo': 6.354305744171143}, {'grad_norm': 0.6059116125106812, 'learning_rate': 0.0009, 'step': 128, 'train_nelbo': 6.256684303283691}, {'grad_norm': 0.6109196543693542, 'learning_rate': 0.0009, 'step': 136, 'train_nelbo': 6.30375862121582}, {'grad_norm': 0.6342108249664307, 'learning_rate': 0.0009, 'step': 144, 'train_nelbo': 6.138512134552002}, {'grad_norm': 0.7105584740638733, 'learning_rate': 0.0009, 'step': 152, 'train_nelbo': 6.387139797210693}, {'grad_norm': 0.6262471675872803, 'learning_rate': 0.0006576923076923077, 'step': 160, 'train_nelbo': 6.353713035583496}, {'grad_norm': 0.59282386302948, 'learning_rate': 0.0003807692307692308, 'step': 168, 'train_nelbo': 6.389457702636719}, {'grad_norm': 0.46995997428894043, 'learning_rate': 0.00010384615384615387, 'step': 176, 'train_nelbo': 6.079721450805664}, {'grad_norm': 0.5880733728408813, 'learning_rate': 0.0, 'step': 179, 'train_nelbo': 6.422372817993164}]",24.345342761836946,59388768,4,300000000000000.0,7340032,dense_dual_stream_attention_v1,0.0045697103336813025,5.954662799835205,6.422372817993164,0.0009,3920256,True,0.6,299196481536000,/root/shakespeare-dLM/scale_to_climbmix/results_curriculum/runs/3e14/4M/p_ar_0p6/result.json,1337,256,True,2,4M,complete,448,6.223584815859795,6.257771521806717,0.1
1.3217290006577969,59,10,69,28367712,64,0.12868637858128007,275,"[{'grad_norm': 1.0439783334732056, 'learning_rate': 6.428571428571429e-05, 'step': 1, 'train_nelbo': 7.148532867431641}, {'grad_norm': 0.6411917805671692, 'learning_rate': 0.0008357142857142858, 'step': 13, 'train_nelbo': 7.594873905181885}, {'grad_norm': 0.32775676250457764, 'learning_rate': 0.0009, 'step': 26, 'train_nelbo': 7.3056182861328125}, {'grad_norm': 0.3107523024082184, 'learning_rate': 0.0009, 'step': 39, 'train_nelbo': 7.081062316894531}, {'grad_norm': 0.5118852257728577, 'learning_rate': 0.0009, 'step': 52, 'train_nelbo': 7.116701602935791}, {'grad_norm': 0.44356080889701843, 'learning_rate': 0.0009, 'step': 65, 'train_nelbo': 7.195712089538574}, {'grad_norm': 0.5338881015777588, 'learning_rate': 0.0009, 'step': 78, 'train_nelbo': 7.318086624145508}, {'grad_norm': 0.527476966381073, 'learning_rate': 0.0009, 'step': 91, 'train_nelbo': 6.917032718658447}, {'grad_norm': 0.5261595249176025, 'learning_rate': 0.0009, 'step': 104, 'train_nelbo': 6.974616050720215}, {'grad_norm': 0.5267754197120667, 'learning_rate': 0.0009, 'step': 117, 'train_nelbo': 7.013698577880859}, {'grad_norm': 0.9050385355949402, 'learning_rate': 0.0009, 'step': 130, 'train_nelbo': 7.127168655395508}, {'grad_norm': 0.4518624246120453, 'learning_rate': 0.0009, 'step': 143, 'train_nelbo': 6.84705924987793}, {'grad_norm': 0.5644822716712952, 'learning_rate': 0.0009, 'step': 156, 'train_nelbo': 6.924781322479248}, {'grad_norm': 0.6931381225585938, 'learning_rate': 0.0009, 'step': 169, 'train_nelbo': 6.956995964050293}, {'grad_norm': 0.5086329579353333, 'learning_rate': 0.0009, 'step': 182, 'train_nelbo': 6.611536979675293}, {'grad_norm': 0.590739905834198, 'learning_rate': 0.0009, 'step': 195, 'train_nelbo': 6.614222049713135}, {'grad_norm': 0.5669577717781067, 'learning_rate': 0.0009, 'step': 208, 'train_nelbo': 6.58479642868042}, {'grad_norm': 0.5473101139068604, 'learning_rate': 0.0009, 'step': 221, 'train_nelbo': 6.632987976074219}, {'grad_norm': 0.5181643962860107, 'learning_rate': 0.0009, 'step': 234, 'train_nelbo': 6.546335220336914}, {'grad_norm': 0.5934129357337952, 'learning_rate': 0.0006299999999999999, 'step': 247, 'train_nelbo': 6.594393730163574}, {'grad_norm': 0.5324046611785889, 'learning_rate': 0.0003375, 'step': 260, 'train_nelbo': 6.467329025268555}, {'grad_norm': 0.6613585948944092, 'learning_rate': 4.500000000000004e-05, 'step': 273, 'train_nelbo': 6.501376152038574}, {'grad_norm': 0.47179102897644043, 'learning_rate': 0.0, 'step': 275, 'train_nelbo': 6.528510093688965}]",35.388754109852016,59388768,4,300000000000000.0,5636096,dense_dual_stream_attention_v1,0.003508884720505286,7.017462253570557,6.528510093688965,0.0009,3920256,True,0.2,299651618045952,/root/shakespeare-dLM/scale_to_climbmix/results_curriculum/runs/3e14/4M/p_ar_0p2/result.json,1337,256,True,2,4M,complete,344,6.5272000432014465,6.566199570894241,0.1
0.8980828523635864,27,5,32,28367712,64,0.12838497998529835,293,"[{'grad_norm': 0.5429414510726929, 'learning_rate': 6e-05, 'step': 1, 'train_nelbo': 7.160290718078613}, {'grad_norm': 0.37905457615852356, 'learning_rate': 0.00084, 'step': 14, 'train_nelbo': 7.610432147979736}, {'grad_norm': 0.3053205907344818, 'learning_rate': 0.0009, 'step': 28, 'train_nelbo': 7.171436309814453}, {'grad_norm': 0.4288432002067566, 'learning_rate': 0.0009, 'step': 42, 'train_nelbo': 7.2307820320129395}, {'grad_norm': 0.8948413133621216, 'learning_rate': 0.0009, 'step': 56, 'train_nelbo': 7.7236175537109375}, {'grad_norm': 0.3324572443962097, 'learning_rate': 0.0009, 'step': 70, 'train_nelbo': 7.097009658813477}, {'grad_norm': 0.33637136220932007, 'learning_rate': 0.0009, 'step': 84, 'train_nelbo': 7.075701713562012}, {'grad_norm': 0.8551353216171265, 'learning_rate': 0.0009, 'step': 98, 'train_nelbo': 8.228850364685059}, {'grad_norm': 0.45736414194107056, 'learning_rate': 0.0009, 'step': 112, 'train_nelbo': 7.322997093200684}, {'grad_norm': 0.4417267441749573, 'learning_rate': 0.0009, 'step': 126, 'train_nelbo': 7.1139631271362305}, {'grad_norm': 0.402336061000824, 'learning_rate': 0.0009, 'step': 140, 'train_nelbo': 7.624591827392578}, {'grad_norm': 0.5847343802452087, 'learning_rate': 0.0009, 'step': 154, 'train_nelbo': 7.193561553955078}, {'grad_norm': 1.2562994956970215, 'learning_rate': 0.0009, 'step': 168, 'train_nelbo': 7.198918342590332}, {'grad_norm': 0.5986382365226746, 'learning_rate': 0.0009, 'step': 182, 'train_nelbo': 6.689693450927734}, {'grad_norm': 0.44149866700172424, 'learning_rate': 0.0009, 'step': 196, 'train_nelbo': 7.005862236022949}, {'grad_norm': 1.1569780111312866, 'learning_rate': 0.0009, 'step': 210, 'train_nelbo': 6.53673791885376}, {'grad_norm': 0.7547705769538879, 'learning_rate': 0.0009, 'step': 224, 'train_nelbo': 6.901665687561035}, {'grad_norm': 0.7595189213752747, 'learning_rate': 0.0009, 'step': 238, 'train_nelbo': 7.233247756958008}, {'grad_norm': 1.6340581178665161, 'learning_rate': 0.0008581395348837209, 'step': 252, 'train_nelbo': 7.350102424621582}, {'grad_norm': 1.582123041152954, 'learning_rate': 0.0005651162790697675, 'step': 266, 'train_nelbo': 7.007998466491699}, {'grad_norm': 0.47776520252227783, 'learning_rate': 0.00027209302325581394, 'step': 280, 'train_nelbo': 6.858453273773193}, {'grad_norm': 0.6237568259239197, 'learning_rate': 0.0, 'step': 293, 'train_nelbo': 6.498067855834961}]",37.61679913569242,59388768,4,300000000000000.0,5324800,dense_dual_stream_attention_v1,0.0033150800411750523,7.380047798156738,6.498067855834961,0.0009,3920256,True,0.1,299969344438272,/root/shakespeare-dLM/scale_to_climbmix/results_curriculum/runs/3e14/4M/p_ar_0p1/result.json,1337,256,True,2,4M,complete,325,6.789777100086212,6.838745981454849,0.1
2.158368512056768,133,23,156,28367712,64,0.1295885147902587,233,"[{'grad_norm': 5.507661819458008, 'learning_rate': 7.5e-05, 'step': 1, 'train_nelbo': 7.256645202636719}, {'grad_norm': 1.4296153783798218, 'learning_rate': 0.0008249999999999999, 'step': 11, 'train_nelbo': 7.079042434692383}, {'grad_norm': 1.338234782218933, 'learning_rate': 0.0009, 'step': 22, 'train_nelbo': 7.393171310424805}, {'grad_norm': 0.8754988312721252, 'learning_rate': 0.0009, 'step': 33, 'train_nelbo': 6.885171890258789}, {'grad_norm': 0.9370200634002686, 'learning_rate': 0.0009, 'step': 44, 'train_nelbo': 6.806960105895996}, {'grad_norm': 0.4795645475387573, 'learning_rate': 0.0009, 'step': 55, 'train_nelbo': 6.640841007232666}, {'grad_norm': 0.5253207683563232, 'learning_rate': 0.0009, 'step': 66, 'train_nelbo': 6.758613586425781}, {'grad_norm': 0.4931063950061798, 'learning_rate': 0.0009, 'step': 77, 'train_nelbo': 6.70252799987793}, {'grad_norm': 0.7756751179695129, 'learning_rate': 0.0009, 'step': 88, 'train_nelbo': 6.608504295349121}, {'grad_norm': 0.8609312772750854, 'learning_rate': 0.0009, 'step': 99, 'train_nelbo': 6.467296600341797}, {'grad_norm': 0.6721841096878052, 'learning_rate': 0.0009, 'step': 110, 'train_nelbo': 6.656247615814209}, {'grad_norm': 0.7446597218513489, 'learning_rate': 0.0009, 'step': 121, 'train_nelbo': 6.556532859802246}, {'grad_norm': 0.5866485834121704, 'learning_rate': 0.0009, 'step': 132, 'train_nelbo': 6.653118133544922}, {'grad_norm': 0.44544360041618347, 'learning_rate': 0.0009, 'step': 143, 'train_nelbo': 6.305170059204102}, {'grad_norm': 0.5773866176605225, 'learning_rate': 0.0009, 'step': 154, 'train_nelbo': 6.515417575836182}, {'grad_norm': 0.6740336418151855, 'learning_rate': 0.0009, 'step': 165, 'train_nelbo': 6.556621551513672}, {'grad_norm': 0.4503832757472992, 'learning_rate': 0.0009, 'step': 176, 'train_nelbo': 6.271313190460205}, {'grad_norm': 0.614414632320404, 'learning_rate': 0.0009, 'step': 187, 'train_nelbo': 6.32030725479126}, {'grad_norm': 0.5551250576972961, 'learning_rate': 0.0009, 'step': 198, 'train_nelbo': 6.499491214752197}, {'grad_norm': 0.7890946269035339, 'learning_rate': 0.0006352941176470588, 'step': 209, 'train_nelbo': 6.470860481262207}, {'grad_norm': 0.44320231676101685, 'learning_rate': 0.00034411764705882347, 'step': 220, 'train_nelbo': 6.320827960968018}, {'grad_norm': 0.6030736565589905, 'learning_rate': 5.2941176470588244e-05, 'step': 231, 'train_nelbo': 6.027052879333496}, {'grad_norm': 0.593290388584137, 'learning_rate': 0.0, 'step': 233, 'train_nelbo': 6.355402946472168}]",30.194123946130276,59388768,4,300000000000000.0,6373376,dense_dual_stream_attention_v1,0.003967895803129524,6.3625922203063965,6.355402946472168,0.0009,3920256,True,0.4,299220107526144,/root/shakespeare-dLM/scale_to_climbmix/results_curriculum/runs/3e14/4M/p_ar_0p4/result.json,1337,256,True,2,4M,complete,389,6.3438720703125,6.382896989583969,0.1
2.525527687743306,177,31,208,28367712,64,0.1336246413187697,208,"[{'grad_norm': 5.375702857971191, 'learning_rate': 8.999999999999999e-05, 'step': 1, 'train_nelbo': 7.440897464752197}, {'grad_norm': 2.6143698692321777, 'learning_rate': 0.0009, 'step': 10, 'train_nelbo': 7.150060653686523}, {'grad_norm': 1.356304407119751, 'learning_rate': 0.0009, 'step': 20, 'train_nelbo': 6.730220794677734}, {'grad_norm': 1.0343716144561768, 'learning_rate': 0.0009, 'step': 30, 'train_nelbo': 6.9204254150390625}, {'grad_norm': 1.3100560903549194, 'learning_rate': 0.0009, 'step': 40, 'train_nelbo': 6.6849446296691895}, {'grad_norm': 0.5178656578063965, 'learning_rate': 0.0009, 'step': 50, 'train_nelbo': 6.391345977783203}, {'grad_norm': 0.6398009657859802, 'learning_rate': 0.0009, 'step': 60, 'train_nelbo': 6.824400901794434}, {'grad_norm': 0.5868260264396667, 'learning_rate': 0.0009, 'step': 70, 'train_nelbo': 6.454657554626465}, {'grad_norm': 0.8914212584495544, 'learning_rate': 0.0009, 'step': 80, 'train_nelbo': 6.407486915588379}, {'grad_norm': 0.6868122816085815, 'learning_rate': 0.0009, 'step': 90, 'train_nelbo': 6.555235385894775}, {'grad_norm': 0.8577409982681274, 'learning_rate': 0.0009, 'step': 100, 'train_nelbo': 6.470475673675537}, {'grad_norm': 1.161001443862915, 'learning_rate': 0.0009, 'step': 110, 'train_nelbo': 6.539517402648926}, {'grad_norm': 0.5032104849815369, 'learning_rate': 0.0009, 'step': 120, 'train_nelbo': 6.302764892578125}, {'grad_norm': 0.565487802028656, 'learning_rate': 0.0009, 'step': 130, 'train_nelbo': 6.484033584594727}, {'grad_norm': 0.7915900349617004, 'learning_rate': 0.0009, 'step': 140, 'train_nelbo': 6.902355670928955}, {'grad_norm': 0.7578220963478088, 'learning_rate': 0.0009, 'step': 150, 'train_nelbo': 6.305393218994141}, {'grad_norm': 0.8122525811195374, 'learning_rate': 0.0009, 'step': 160, 'train_nelbo': 6.254144668579102}, {'grad_norm': 0.9369397163391113, 'learning_rate': 0.0009, 'step': 170, 'train_nelbo': 6.515247344970703}, {'grad_norm': 0.6452147364616394, 'learning_rate': 0.00084, 'step': 180, 'train_nelbo': 6.277645111083984}, {'grad_norm': 0.7506381273269653, 'learning_rate': 0.00054, 'step': 190, 'train_nelbo': 6.368149757385254}, {'grad_norm': 0.5628848671913147, 'learning_rate': 0.00024000000000000003, 'step': 200, 'train_nelbo': 6.237857818603516}, {'grad_norm': 0.5913373231887817, 'learning_rate': 0.0, 'step': 208, 'train_nelbo': 6.346354007720947}]",27.793925394304097,59388768,4,300000000000000.0,6815744,dense_dual_stream_attention_v1,0.004243302452704067,6.086064338684082,6.346354007720947,0.0009,3920256,True,0.5,299062851010560,/root/shakespeare-dLM/scale_to_climbmix/results_curriculum/runs/3e14/4M/p_ar_0p5/result.json,1337,256,True,2,4M,complete,416,6.278762385249138,6.3136778473854065,0.1
1.3687776681035757,48,8,56,55512288,64,0.1960384439677,130,"[{'grad_norm': 2.855468273162842, 'learning_rate': 0.00015, 'step': 1, 'train_nelbo': 7.330622673034668}, {'grad_norm': 0.6032018065452576, 'learning_rate': 0.0009000000000000001, 'step': 6, 'train_nelbo': 7.292038917541504}, {'grad_norm': 0.4511438012123108, 'learning_rate': 0.0009, 'step': 12, 'train_nelbo': 7.271688461303711}, {'grad_norm': 0.5014357566833496, 'learning_rate': 0.0009, 'step': 18, 'train_nelbo': 7.5577239990234375}, {'grad_norm': 0.4536917507648468, 'learning_rate': 0.0009, 'step': 24, 'train_nelbo': 7.366289138793945}, {'grad_norm': 0.4801064133644104, 'learning_rate': 0.0009, 'step': 30, 'train_nelbo': 7.268377304077148}, {'grad_norm': 0.3740867078304291, 'learning_rate': 0.0009, 'step': 36, 'train_nelbo': 7.57044792175293}, {'grad_norm': 0.6806972026824951, 'learning_rate': 0.0009, 'step': 42, 'train_nelbo': 7.2534708976745605}, {'grad_norm': 0.47246164083480835, 'learning_rate': 0.0009, 'step': 48, 'train_nelbo': 7.233110427856445}, {'grad_norm': 0.35063284635543823, 'learning_rate': 0.0009, 'step': 54, 'train_nelbo': 7.113949775695801}, {'grad_norm': 0.42168471217155457, 'learning_rate': 0.0009, 'step': 60, 'train_nelbo': 7.301046371459961}, {'grad_norm': 0.4810813367366791, 'learning_rate': 0.0009, 'step': 66, 'train_nelbo': 7.196270942687988}, {'grad_norm': 0.6720262169837952, 'learning_rate': 0.0009, 'step': 72, 'train_nelbo': 7.027375221252441}, {'grad_norm': 0.5598552823066711, 'learning_rate': 0.0009, 'step': 78, 'train_nelbo': 7.321312427520752}, {'grad_norm': 0.3863832354545593, 'learning_rate': 0.0009, 'step': 84, 'train_nelbo': 6.910378932952881}, {'grad_norm': 0.7132988572120667, 'learning_rate': 0.0009, 'step': 90, 'train_nelbo': 7.08980131149292}, {'grad_norm': 0.9637553095817566, 'learning_rate': 0.0009, 'step': 96, 'train_nelbo': 7.262233734130859}, {'grad_norm': 1.0305805206298828, 'learning_rate': 0.0009, 'step': 102, 'train_nelbo': 7.302438259124756}, {'grad_norm': 0.8904802799224854, 'learning_rate': 0.0009, 'step': 108, 'train_nelbo': 7.333408832550049}, {'grad_norm': 0.9415071606636047, 'learning_rate': 0.0007578947368421052, 'step': 114, 'train_nelbo': 6.999118804931641}, {'grad_norm': 1.391829490661621, 'learning_rate': 0.0004736842105263159, 'step': 120, 'train_nelbo': 6.960466384887695}, {'grad_norm': 0.364197701215744, 'learning_rate': 0.0001894736842105263, 'step': 126, 'train_nelbo': 6.88509464263916}, {'grad_norm': 0.5532204508781433, 'learning_rate': 0.0, 'step': 130, 'train_nelbo': 7.18508243560791}]",25.484997715801,116135136,4,300000000000000.0,3047424,dense_dual_stream_attention_v1,0.0018972458081801837,7.175894737243652,7.18508243560791,0.0009,7979296,True,0.3,298291295158272,/root/shakespeare-dLM/scale_to_climbmix/results_curriculum/runs/3e14/8M/p_ar_0p3/result.json,1337,256,True,1,8M,complete,186,6.9779123812913895,7.0217111855745316,0.1
2.0102174216881394,116,21,137,55512288,64,0.18755605034327702,92,"[{'grad_norm': 3.7341837882995605, 'learning_rate': 0.00017999999999999998, 'step': 1, 'train_nelbo': 7.394125938415527}, {'grad_norm': 4.500168323516846, 'learning_rate': 0.0007199999999999999, 'step': 4, 'train_nelbo': 7.120581150054932}, {'grad_norm': 6.233759880065918, 'learning_rate': 0.0009, 'step': 8, 'train_nelbo': 6.986703395843506}, {'grad_norm': 0.636868953704834, 'learning_rate': 0.0009, 'step': 12, 'train_nelbo': 7.111712455749512}, {'grad_norm': 2.301241636276245, 'learning_rate': 0.0009, 'step': 16, 'train_nelbo': 7.055285453796387}, {'grad_norm': 0.659446120262146, 'learning_rate': 0.0009, 'step': 20, 'train_nelbo': 6.839934349060059}, {'grad_norm': 0.9973700046539307, 'learning_rate': 0.0009, 'step': 24, 'train_nelbo': 7.068452835083008}, {'grad_norm': 0.5625330805778503, 'learning_rate': 0.0009, 'step': 28, 'train_nelbo': 6.961429595947266}, {'grad_norm': 0.5231541395187378, 'learning_rate': 0.0009, 'step': 32, 'train_nelbo': 6.68452262878418}, {'grad_norm': 0.5990707278251648, 'learning_rate': 0.0009, 'step': 36, 'train_nelbo': 7.235054016113281}, {'grad_norm': 0.5427138209342957, 'learning_rate': 0.0009, 'step': 40, 'train_nelbo': 6.956250190734863}, {'grad_norm': 0.8075253367424011, 'learning_rate': 0.0009, 'step': 44, 'train_nelbo': 6.930551528930664}, {'grad_norm': 0.6714590787887573, 'learning_rate': 0.0009, 'step': 48, 'train_nelbo': 6.886927604675293}, {'grad_norm': 0.7989743947982788, 'learning_rate': 0.0009, 'step': 52, 'train_nelbo': 6.840382099151611}, {'grad_norm': 0.9723803997039795, 'learning_rate': 0.0009, 'step': 56, 'train_nelbo': 7.259064197540283}, {'grad_norm': 0.729889452457428, 'learning_rate': 0.0009, 'step': 60, 'train_nelbo': 6.950428009033203}, {'grad_norm': 0.7570401430130005, 'learning_rate': 0.0009, 'step': 64, 'train_nelbo': 7.074286460876465}, {'grad_norm': 0.6911631226539612, 'learning_rate': 0.0009, 'step': 68, 'train_nelbo': 6.768184661865234}, {'grad_norm': 0.6103761792182922, 'learning_rate': 0.0009, 'step': 72, 'train_nelbo': 6.554592132568359}, {'grad_norm': 0.437369167804718, 'learning_rate': 0.0009, 'step': 76, 'train_nelbo': 6.747412204742432}, {'grad_norm': 0.38870343565940857, 'learning_rate': 0.0008307692307692308, 'step': 80, 'train_nelbo': 6.630784034729004}, {'grad_norm': 0.48815831542015076, 'learning_rate': 0.0005538461538461539, 'step': 84, 'train_nelbo': 6.561720371246338}, {'grad_norm': 0.4322658181190491, 'learning_rate': 0.00027692307692307695, 'step': 88, 'train_nelbo': 6.880688667297363}, {'grad_norm': 0.4477446675300598, 'learning_rate': 0.0, 'step': 92, 'train_nelbo': 6.569796562194824}]",17.255156631581485,116135136,4,300000000000000.0,3751936,dense_dual_stream_attention_v1,0.0023358563982433444,6.508088111877441,6.569796562194824,0.0009,7979296,True,0.6,299657068019712,/root/shakespeare-dLM/scale_to_climbmix/results_curriculum/runs/3e14/8M/p_ar_0p6/result.json,1337,256,True,1,8M,complete,229,6.743715345859528,6.772668704390526,0.1
1.1620606482028961,30,5,35,55512288,64,0.1845328497434301,140,"[{'grad_norm': 0.5119225978851318, 'learning_rate': 0.00012857142857142858, 'step': 1, 'train_nelbo': 7.2527971267700195}, {'grad_norm': 0.3746320903301239, 'learning_rate': 0.0009, 'step': 7, 'train_nelbo': 6.964412689208984}, {'grad_norm': 0.5095307230949402, 'learning_rate': 0.0009, 'step': 14, 'train_nelbo': 7.496119976043701}, {'grad_norm': 0.3727608919143677, 'learning_rate': 0.0009, 'step': 21, 'train_nelbo': 7.295515060424805}, {'grad_norm': 0.37711164355278015, 'learning_rate': 0.0009, 'step': 28, 'train_nelbo': 7.267784118652344}, {'grad_norm': 0.40317386388778687, 'learning_rate': 0.0009, 'step': 35, 'train_nelbo': 7.1196465492248535}, {'grad_norm': 0.7451825141906738, 'learning_rate': 0.0009, 'step': 42, 'train_nelbo': 6.903281211853027}, {'grad_norm': 0.6161215901374817, 'learning_rate': 0.0009, 'step': 49, 'train_nelbo': 7.504518508911133}, {'grad_norm': 0.919575572013855, 'learning_rate': 0.0009, 'step': 56, 'train_nelbo': 7.958894729614258}, {'grad_norm': 0.4894702136516571, 'learning_rate': 0.0009, 'step': 63, 'train_nelbo': 7.071239471435547}, {'grad_norm': 0.5206137895584106, 'learning_rate': 0.0009, 'step': 70, 'train_nelbo': 7.148740768432617}, {'grad_norm': 0.3487699627876282, 'learning_rate': 0.0009, 'step': 77, 'train_nelbo': 7.038570404052734}, {'grad_norm': 0.38198980689048767, 'learning_rate': 0.0009, 'step': 84, 'train_nelbo': 7.088320255279541}, {'grad_norm': 0.604576587677002, 'learning_rate': 0.0009, 'step': 91, 'train_nelbo': 6.977062702178955}, {'grad_norm': 0.41445767879486084, 'learning_rate': 0.0009, 'step': 98, 'train_nelbo': 7.08740758895874}, {'grad_norm': 0.49663764238357544, 'learning_rate': 0.0009, 'step': 105, 'train_nelbo': 7.249811172485352}, {'grad_norm': 0.8655515909194946, 'learning_rate': 0.0009, 'step': 112, 'train_nelbo': 7.305615425109863}, {'grad_norm': 0.5180423259735107, 'learning_rate': 0.0009, 'step': 119, 'train_nelbo': 7.076440811157227}, {'grad_norm': 0.4480511546134949, 'learning_rate': 0.0006299999999999999, 'step': 126, 'train_nelbo': 7.004096031188965}, {'grad_norm': 0.5556557774543762, 'learning_rate': 0.00031499999999999996, 'step': 133, 'train_nelbo': 6.848330497741699}, {'grad_norm': 0.5713174939155579, 'learning_rate': 0.0, 'step': 140, 'train_nelbo': 7.2161784172058105}]",25.834598964080215,116135136,4,300000000000000.0,2867200,dense_dual_stream_attention_v1,0.0017850430990942589,7.308816909790039,7.2161784172058105,0.0009,7979296,True,0.2,298219095982080,/root/shakespeare-dLM/scale_to_climbmix/results_curriculum/runs/3e14/8M/p_ar_0p2/result.json,1337,256,True,1,8M,complete,175,7.018689766526222,7.068868488073349,0.1
0.9598669176921248,14,3,17,55512288,64,0.18804189994081155,149,"[{'grad_norm': 0.875278890132904, 'learning_rate': 0.00012857142857142858, 'step': 1, 'train_nelbo': 7.388280391693115}, {'grad_norm': 0.5736864805221558, 'learning_rate': 0.0009, 'step': 7, 'train_nelbo': 7.179131031036377}, {'grad_norm': 0.4702734649181366, 'learning_rate': 0.0009, 'step': 14, 'train_nelbo': 7.502034664154053}, {'grad_norm': 0.46973249316215515, 'learning_rate': 0.0009, 'step': 21, 'train_nelbo': 7.327611923217773}, {'grad_norm': 0.4197171926498413, 'learning_rate': 0.0009, 'step': 28, 'train_nelbo': 7.363414764404297}, {'grad_norm': 0.36906468868255615, 'learning_rate': 0.0009, 'step': 35, 'train_nelbo': 7.335680961608887}, {'grad_norm': 0.4638029932975769, 'learning_rate': 0.0009, 'step': 42, 'train_nelbo': 7.253421306610107}, {'grad_norm': 0.4448787569999695, 'learning_rate': 0.0009, 'step': 49, 'train_nelbo': 7.442173957824707}, {'grad_norm': 0.9291691184043884, 'learning_rate': 0.0009, 'step': 56, 'train_nelbo': 7.986820220947266}, {'grad_norm': 0.4676303267478943, 'learning_rate': 0.0009, 'step': 63, 'train_nelbo': 7.286650657653809}, {'grad_norm': 0.3747158646583557, 'learning_rate': 0.0009, 'step': 70, 'train_nelbo': 7.205371856689453}, {'grad_norm': 0.3298147916793823, 'learning_rate': 0.0009, 'step': 77, 'train_nelbo': 7.12661600112915}, {'grad_norm': 0.49191609025001526, 'learning_rate': 0.0009, 'step': 84, 'train_nelbo': 7.145315170288086}, {'grad_norm': 0.3804086148738861, 'learning_rate': 0.0009, 'step': 91, 'train_nelbo': 6.876347541809082}, {'grad_norm': 0.584922730922699, 'learning_rate': 0.0009, 'step': 98, 'train_nelbo': 7.216188430786133}, {'grad_norm': 0.4007355570793152, 'learning_rate': 0.0009, 'step': 105, 'train_nelbo': 7.228116989135742}, {'grad_norm': 0.8159353733062744, 'learning_rate': 0.0009, 'step': 112, 'train_nelbo': 7.145908832550049}, {'grad_norm': 0.558414101600647, 'learning_rate': 0.0009, 'step': 119, 'train_nelbo': 7.190532207489014}, {'grad_norm': 1.3663020133972168, 'learning_rate': 0.0009, 'step': 126, 'train_nelbo': 6.953157424926758}, {'grad_norm': 0.8502202033996582, 'learning_rate': 0.0006857142857142857, 'step': 133, 'train_nelbo': 6.949819564819336}, {'grad_norm': 0.6358492970466614, 'learning_rate': 0.0003857142857142857, 'step': 140, 'train_nelbo': 7.279720306396484}, {'grad_norm': 0.3836495578289032, 'learning_rate': 8.571428571428571e-05, 'step': 147, 'train_nelbo': 6.969038963317871}, {'grad_norm': 0.5815686583518982, 'learning_rate': 0.0, 'step': 149, 'train_nelbo': 7.172810077667236}]",28.01824309118092,116135136,4,300000000000000.0,2719744,dense_dual_stream_attention_v1,0.0016932408825694114,7.6699700355529785,7.172810077667236,0.0009,7979296,True,0.1,298972678717440,/root/shakespeare-dLM/scale_to_climbmix/results_curriculum/runs/3e14/8M/p_ar_0p1/result.json,1337,256,True,1,8M,complete,166,7.0367466658353806,7.085677415132523,0.1
1.8400956122204661,68,12,80,55512288,64,0.2042373101375684,119,"[{'grad_norm': 3.472696304321289, 'learning_rate': 0.00015, 'step': 1, 'train_nelbo': 7.325469493865967}, {'grad_norm': 0.4434290826320648, 'learning_rate': 0.0007499999999999999, 'step': 5, 'train_nelbo': 7.300682067871094}, {'grad_norm': 0.3950631320476532, 'learning_rate': 0.0009, 'step': 10, 'train_nelbo': 7.255853176116943}, {'grad_norm': 0.39850443601608276, 'learning_rate': 0.0009, 'step': 15, 'train_nelbo': 7.153586387634277}, {'grad_norm': 1.547561764717102, 'learning_rate': 0.0009, 'step': 20, 'train_nelbo': 7.331644058227539}, {'grad_norm': 0.5886695384979248, 'learning_rate': 0.0009, 'step': 25, 'train_nelbo': 7.353612899780273}, {'grad_norm': 1.917240023612976, 'learning_rate': 0.0009, 'step': 30, 'train_nelbo': 7.256912708282471}, {'grad_norm': 0.8936731815338135, 'learning_rate': 0.0009, 'step': 35, 'train_nelbo': 7.2883076667785645}, {'grad_norm': 0.6637008190155029, 'learning_rate': 0.0009, 'step': 40, 'train_nelbo': 7.371703624725342}, {'grad_norm': 0.6994211077690125, 'learning_rate': 0.0009, 'step': 45, 'train_nelbo': 7.192872524261475}, {'grad_norm': 1.1537063121795654, 'learning_rate': 0.0009, 'step': 50, 'train_nelbo': 7.869264125823975}, {'grad_norm': 1.5187889337539673, 'learning_rate': 0.0009, 'step': 55, 'train_nelbo': 6.818577289581299}, {'grad_norm': 0.7306669354438782, 'learning_rate': 0.0009, 'step': 60, 'train_nelbo': 7.309630393981934}, {'grad_norm': 0.8066263794898987, 'learning_rate': 0.0009, 'step': 65, 'train_nelbo': 6.985274314880371}, {'grad_norm': 1.136244773864746, 'learning_rate': 0.0009, 'step': 70, 'train_nelbo': 7.008991241455078}, {'grad_norm': 0.6761435270309448, 'learning_rate': 0.0009, 'step': 75, 'train_nelbo': 7.098763465881348}, {'grad_norm': 0.8781263828277588, 'learning_rate': 0.0009, 'step': 80, 'train_nelbo': 6.880415916442871}, {'grad_norm': 0.9741807579994202, 'learning_rate': 0.0009, 'step': 85, 'train_nelbo': 6.965383529663086}, {'grad_norm': 1.29535973072052, 'learning_rate': 0.0009, 'step': 90, 'train_nelbo': 6.918010711669922}, {'grad_norm': 3.527510643005371, 'learning_rate': 0.0009, 'step': 95, 'train_nelbo': 7.006133556365967}, {'grad_norm': 0.9432029128074646, 'learning_rate': 0.0009, 'step': 100, 'train_nelbo': 6.79489803314209}, {'grad_norm': 0.984904408454895, 'learning_rate': 0.0007411764705882352, 'step': 105, 'train_nelbo': 6.931719779968262}, {'grad_norm': 0.775610625743866, 'learning_rate': 0.00047647058823529413, 'step': 110, 'train_nelbo': 7.085309028625488}, {'grad_norm': 0.7001933455467224, 'learning_rate': 0.00021176470588235298, 'step': 115, 'train_nelbo': 6.836438179016113}, {'grad_norm': 1.2290313243865967, 'learning_rate': 0.0, 'step': 119, 'train_nelbo': 7.010623931884766}]",24.30423990637064,116135136,4,300000000000000.0,3260416,dense_dual_stream_attention_v1,0.0020298490098271857,6.957241535186768,7.010623931884766,0.0009,7979296,True,0.4,299189276246016,/root/shakespeare-dLM/scale_to_climbmix/results_curriculum/runs/3e14/8M/p_ar_0p4/result.json,1337,256,True,1,8M,complete,199,6.857321858406067,6.883664861321449,0.1
1.3289477778598666,90,16,106,55512288,64,0.16337424271546727,106,"[{'grad_norm': 1.7228920459747314, 'learning_rate': 0.00017999999999999998, 'step': 1, 'train_nelbo': 7.372737884521484}, {'grad_norm': 5.023787975311279, 'learning_rate': 0.0009, 'step': 5, 'train_nelbo': 7.362461090087891}, {'grad_norm': 0.6240694522857666, 'learning_rate': 0.0009, 'step': 10, 'train_nelbo': 7.178858757019043}, {'grad_norm': 0.6818281412124634, 'learning_rate': 0.0009, 'step': 15, 'train_nelbo': 7.116787433624268}, {'grad_norm': 1.6043462753295898, 'learning_rate': 0.0009, 'step': 20, 'train_nelbo': 7.127194404602051}, {'grad_norm': 1.6970406770706177, 'learning_rate': 0.0009, 'step': 25, 'train_nelbo': 7.237512588500977}, {'grad_norm': 0.5932441353797913, 'learning_rate': 0.0009, 'step': 30, 'train_nelbo': 7.149048805236816}, {'grad_norm': 0.795994758605957, 'learning_rate': 0.0009, 'step': 35, 'train_nelbo': 6.96817684173584}, {'grad_norm': 0.8488523364067078, 'learning_rate': 0.0009, 'step': 40, 'train_nelbo': 7.090400218963623}, {'grad_norm': 0.7140184044837952, 'learning_rate': 0.0009, 'step': 45, 'train_nelbo': 7.200363636016846}, {'grad_norm': 0.8081094026565552, 'learning_rate': 0.0009, 'step': 50, 'train_nelbo': 6.731555938720703}, {'grad_norm': 0.660941481590271, 'learning_rate': 0.0009, 'step': 55, 'train_nelbo': 6.864068031311035}, {'grad_norm': 0.5732035040855408, 'learning_rate': 0.0009, 'step': 60, 'train_nelbo': 7.171753406524658}, {'grad_norm': 1.1283214092254639, 'learning_rate': 0.0009, 'step': 65, 'train_nelbo': 7.075958251953125}, {'grad_norm': 0.44241923093795776, 'learning_rate': 0.0009, 'step': 70, 'train_nelbo': 6.860970973968506}, {'grad_norm': 1.1925742626190186, 'learning_rate': 0.0009, 'step': 75, 'train_nelbo': 6.830619812011719}, {'grad_norm': 0.4738413989543915, 'learning_rate': 0.0009, 'step': 80, 'train_nelbo': 6.906768798828125}, {'grad_norm': 0.7115646600723267, 'learning_rate': 0.0009, 'step': 85, 'train_nelbo': 6.642682075500488}, {'grad_norm': 0.818289041519165, 'learning_rate': 0.0009, 'step': 90, 'train_nelbo': 6.959905624389648}, {'grad_norm': 0.5514014363288879, 'learning_rate': 0.00066, 'step': 95, 'train_nelbo': 6.870153903961182}, {'grad_norm': 0.5111071467399597, 'learning_rate': 0.00036, 'step': 100, 'train_nelbo': 6.746964454650879}, {'grad_norm': 0.5692048668861389, 'learning_rate': 5.999999999999999e-05, 'step': 105, 'train_nelbo': 6.887115478515625}, {'grad_norm': 0.3854449391365051, 'learning_rate': 0.0, 'step': 106, 'train_nelbo': 6.628996849060059}]",17.31766972783953,116135136,4,300000000000000.0,3473408,dense_dual_stream_attention_v1,0.002162452211474188,6.693493843078613,6.628996849060059,0.0009,7979296,True,0.5,298100767850496,/root/shakespeare-dLM/scale_to_climbmix/results_curriculum/runs/3e14/8M/p_ar_0p5/result.json,1337,256,True,1,8M,complete,212,6.78719799220562,6.820399418473244,0.1
1.9336615577340126,196,34,230,14311584,64,0.07585361542516636,537,"[{'grad_norm': 3.6327388286590576, 'learning_rate': 0.0001, 'step': 1, 'train_nelbo': 7.294487953186035}, {'grad_norm': 10.891161918640137, 'learning_rate': 0.0026, 'step': 26, 'train_nelbo': 7.015844345092773}, {'grad_norm': 0.6840672492980957, 'learning_rate': 0.0027, 'step': 52, 'train_nelbo': 6.533135890960693}, {'grad_norm': 0.6598906517028809, 'learning_rate': 0.0027, 'step': 78, 'train_nelbo': 6.73524808883667}, {'grad_norm': 0.7412261962890625, 'learning_rate': 0.0027, 'step': 104, 'train_nelbo': 6.616380214691162}, {'grad_norm': 0.5829708576202393, 'learning_rate': 0.0027, 'step': 130, 'train_nelbo': 6.62964391708374}, {'grad_norm': 0.6488674283027649, 'learning_rate': 0.0027, 'step': 156, 'train_nelbo': 6.486325263977051}, {'grad_norm': 0.44579067826271057, 'learning_rate': 0.0027, 'step': 182, 'train_nelbo': 6.29172420501709}, {'grad_norm': 0.7262080907821655, 'learning_rate': 0.0027, 'step': 208, 'train_nelbo': 6.306169509887695}, {'grad_norm': 0.47162365913391113, 'learning_rate': 0.0027, 'step': 234, 'train_nelbo': 6.3070573806762695}, {'grad_norm': 0.386877179145813, 'learning_rate': 0.0027, 'step': 260, 'train_nelbo': 6.242432594299316}, {'grad_norm': 0.408904105424881, 'learning_rate': 0.0027, 'step': 286, 'train_nelbo': 6.218268394470215}, {'grad_norm': 0.5373753309249878, 'learning_rate': 0.0027, 'step': 312, 'train_nelbo': 6.143703937530518}, {'grad_norm': 0.4508711099624634, 'learning_rate': 0.0027, 'step': 338, 'train_nelbo': 6.344570159912109}, {'grad_norm': 0.8142324090003967, 'learning_rate': 0.0027, 'step': 364, 'train_nelbo': 6.5439653396606445}, {'grad_norm': 0.5013535618782043, 'learning_rate': 0.0027, 'step': 390, 'train_nelbo': 6.247035026550293}, {'grad_norm': 0.7490931153297424, 'learning_rate': 0.0027, 'step': 416, 'train_nelbo': 6.551302909851074}, {'grad_norm': 0.41155174374580383, 'learning_rate': 0.0027, 'step': 442, 'train_nelbo': 6.264974594116211}, {'grad_norm': 0.46208488941192627, 'learning_rate': 0.00232875, 'step': 468, 'train_nelbo': 6.078266143798828}, {'grad_norm': 0.4505718946456909, 'learning_rate': 0.00145125, 'step': 494, 'train_nelbo': 6.139270305633545}, {'grad_norm': 0.3586392104625702, 'learning_rate': 0.00057375, 'step': 520, 'train_nelbo': 6.045078277587891}, {'grad_norm': 0.37164801359176636, 'learning_rate': 0.0, 'step': 537, 'train_nelbo': 6.027519226074219}]",40.733391483314335,27934368,4,300000000000000.0,12566528,dense_dual_stream_attention_v1,0.007823588897173123,6.202424049377441,6.027519226074219,0.0027,1985536,True,0.3,299703008231424,/root/shakespeare-dLM/scale_to_climbmix/results_curriculum/runs/3e14/2M/p_ar_0p3/result.json,1337,256,True,3,2M,complete,767,6.018794283270836,6.0427317172288895,0.1
3.5825705705210567,473,83,556,14311584,64,0.07863052536708277,370,"[{'grad_norm': 5.329503536224365, 'learning_rate': 0.00015000000000000001, 'step': 1, 'train_nelbo': 7.3409037590026855}, {'grad_norm': 1.0842221975326538, 'learning_rate': 0.0027, 'step': 18, 'train_nelbo': 6.700700759887695}, {'grad_norm': 1.7287992238998413, 'learning_rate': 0.0027, 'step': 36, 'train_nelbo': 6.45131778717041}, {'grad_norm': 0.8431780934333801, 'learning_rate': 0.0027, 'step': 54, 'train_nelbo': 6.3705949783325195}, {'grad_norm': 0.6169607639312744, 'learning_rate': 0.0027, 'step': 72, 'train_nelbo': 6.25830078125}, {'grad_norm': 1.4867230653762817, 'learning_rate': 0.0027, 'step': 90, 'train_nelbo': 6.6655683517456055}, {'grad_norm': 0.8647438287734985, 'learning_rate': 0.0027, 'step': 108, 'train_nelbo': 6.324006080627441}, {'grad_norm': 0.5432058572769165, 'learning_rate': 0.0027, 'step': 126, 'train_nelbo': 6.042889595031738}, {'grad_norm': 0.5886310338973999, 'learning_rate': 0.0027, 'step': 144, 'train_nelbo': 6.046360969543457}, {'grad_norm': 0.5721479654312134, 'learning_rate': 0.0027, 'step': 162, 'train_nelbo': 6.144879341125488}, {'grad_norm': 1.0971345901489258, 'learning_rate': 0.0027, 'step': 180, 'train_nelbo': 5.969455718994141}, {'grad_norm': 0.5623555779457092, 'learning_rate': 0.0027, 'step': 198, 'train_nelbo': 6.175079345703125}, {'grad_norm': 0.6244860291481018, 'learning_rate': 0.0027, 'step': 216, 'train_nelbo': 6.094472885131836}, {'grad_norm': 0.6543484926223755, 'learning_rate': 0.0027, 'step': 234, 'train_nelbo': 6.038527488708496}, {'grad_norm': 1.0525367259979248, 'learning_rate': 0.0027, 'step': 252, 'train_nelbo': 6.468049049377441}, {'grad_norm': 0.44501546025276184, 'learning_rate': 0.0027, 'step': 270, 'train_nelbo': 5.84890079498291}, {'grad_norm': 0.47639238834381104, 'learning_rate': 0.0027, 'step': 288, 'train_nelbo': 5.931206703186035}, {'grad_norm': 0.46951425075531006, 'learning_rate': 0.0027, 'step': 306, 'train_nelbo': 5.970468997955322}, {'grad_norm': 0.5745626091957092, 'learning_rate': 0.0022581818181818185, 'step': 324, 'train_nelbo': 6.070159912109375}, {'grad_norm': 0.6568714380264282, 'learning_rate': 0.0013745454545454545, 'step': 342, 'train_nelbo': 5.981490135192871}, {'grad_norm': 0.4378442168235779, 'learning_rate': 0.0004909090909090908, 'step': 360, 'train_nelbo': 5.760080337524414}, {'grad_norm': 0.7661957144737244, 'learning_rate': 0.0, 'step': 370, 'train_nelbo': 5.965322017669678}]",29.093294385820627,27934368,4,300000000000000.0,15171584,dense_dual_stream_attention_v1,0.009445428055778764,5.477982521057129,5.965322017669678,0.0027,1985536,True,0.6,299711805259776,/root/shakespeare-dLM/scale_to_climbmix/results_curriculum/runs/3e14/2M/p_ar_0p6/result.json,1337,256,True,3,2M,complete,926,5.802706390619278,5.821960553526878,0.1
1.1119912024587393,123,22,145,14311584,64,0.07409843190279813,581,"[{'grad_norm': 4.138795375823975, 'learning_rate': 9.310344827586207e-05, 'step': 1, 'train_nelbo': 7.32453727722168}, {'grad_norm': 1.1892329454421997, 'learning_rate': 0.0027, 'step': 29, 'train_nelbo': 7.1541547775268555}, {'grad_norm': 0.8388904333114624, 'learning_rate': 0.0027, 'step': 58, 'train_nelbo': 6.746813774108887}, {'grad_norm': 0.45813193917274475, 'learning_rate': 0.0027, 'step': 87, 'train_nelbo': 6.824682235717773}, {'grad_norm': 1.2360880374908447, 'learning_rate': 0.0027, 'step': 116, 'train_nelbo': 6.5977702140808105}, {'grad_norm': 1.1218059062957764, 'learning_rate': 0.0027, 'step': 145, 'train_nelbo': 6.6544928550720215}, {'grad_norm': 0.7527979612350464, 'learning_rate': 0.0027, 'step': 174, 'train_nelbo': 6.531405448913574}, {'grad_norm': 0.6541614532470703, 'learning_rate': 0.0027, 'step': 203, 'train_nelbo': 6.645651817321777}, {'grad_norm': 0.8723980784416199, 'learning_rate': 0.0027, 'step': 232, 'train_nelbo': 6.7488884925842285}, {'grad_norm': 0.6704964637756348, 'learning_rate': 0.0027, 'step': 261, 'train_nelbo': 6.546194553375244}, {'grad_norm': 0.7325607538223267, 'learning_rate': 0.0027, 'step': 290, 'train_nelbo': 6.141384124755859}, {'grad_norm': 0.6243776082992554, 'learning_rate': 0.0027, 'step': 319, 'train_nelbo': 6.268206596374512}, {'grad_norm': 0.6933171153068542, 'learning_rate': 0.0027, 'step': 348, 'train_nelbo': 6.174256324768066}, {'grad_norm': 0.7924700975418091, 'learning_rate': 0.0027, 'step': 377, 'train_nelbo': 6.390162467956543}, {'grad_norm': 0.5619800686836243, 'learning_rate': 0.0027, 'step': 406, 'train_nelbo': 6.330253601074219}, {'grad_norm': 0.5498539805412292, 'learning_rate': 0.0027, 'step': 435, 'train_nelbo': 6.3565993309021}, {'grad_norm': 0.6567145586013794, 'learning_rate': 0.0027, 'step': 464, 'train_nelbo': 6.338908672332764}, {'grad_norm': 0.6198089122772217, 'learning_rate': 0.0027, 'step': 493, 'train_nelbo': 6.181385040283203}, {'grad_norm': 0.4955596923828125, 'learning_rate': 0.001852325581395349, 'step': 522, 'train_nelbo': 6.111189842224121}, {'grad_norm': 0.4367474317550659, 'learning_rate': 0.000941860465116279, 'step': 551, 'train_nelbo': 5.940620422363281}, {'grad_norm': 0.3624333143234253, 'learning_rate': 3.139534883720936e-05, 'step': 580, 'train_nelbo': 5.790840148925781}, {'grad_norm': 0.41051021218299866, 'learning_rate': 0.0, 'step': 581, 'train_nelbo': 6.102560997009277}]",43.051188935525715,27934368,4,300000000000000.0,11894784,dense_dual_stream_attention_v1,0.00740537879967104,6.324448585510254,6.102560997009277,0.0027,1985536,True,0.2,299909898043392,/root/shakespeare-dLM/scale_to_climbmix/results_curriculum/runs/3e14/2M/p_ar_0p2/result.json,1337,256,True,3,2M,complete,726,6.082864478230476,6.11978480219841,0.1
0.9186002183705568,59,10,69,14311584,64,0.06781417018012895,620,"[{'grad_norm': 1.6100879907608032, 'learning_rate': 8.709677419354839e-05, 'step': 1, 'train_nelbo': 7.214007377624512}, {'grad_norm': 0.957603931427002, 'learning_rate': 0.0027, 'step': 31, 'train_nelbo': 7.120116233825684}, {'grad_norm': 3.0720767974853516, 'learning_rate': 0.0027, 'step': 62, 'train_nelbo': 7.198129177093506}, {'grad_norm': 0.7609744668006897, 'learning_rate': 0.0027, 'step': 93, 'train_nelbo': 6.93618106842041}, {'grad_norm': 0.8683987259864807, 'learning_rate': 0.0027, 'step': 124, 'train_nelbo': 6.945359230041504}, {'grad_norm': 0.6962488293647766, 'learning_rate': 0.0027, 'step': 155, 'train_nelbo': 6.852178573608398}, {'grad_norm': 1.5631210803985596, 'learning_rate': 0.0027, 'step': 186, 'train_nelbo': 6.822348594665527}, {'grad_norm': 0.5494375228881836, 'learning_rate': 0.0027, 'step': 217, 'train_nelbo': 6.81158447265625}, {'grad_norm': 0.590904951095581, 'learning_rate': 0.0027, 'step': 248, 'train_nelbo': 6.663121700286865}, {'grad_norm': 2.0290377140045166, 'learning_rate': 0.0027, 'step': 279, 'train_nelbo': 6.796987533569336}, {'grad_norm': 0.9259753227233887, 'learning_rate': 0.0027, 'step': 310, 'train_nelbo': 6.365467548370361}, {'grad_norm': 1.1944993734359741, 'learning_rate': 0.0027, 'step': 341, 'train_nelbo': 6.335260391235352}, {'grad_norm': 1.2470839023590088, 'learning_rate': 0.0027, 'step': 372, 'train_nelbo': 6.762353897094727}, {'grad_norm': 0.9901192784309387, 'learning_rate': 0.0027, 'step': 403, 'train_nelbo': 6.220795631408691}, {'grad_norm': 0.9167758822441101, 'learning_rate': 0.0027, 'step': 434, 'train_nelbo': 6.272850036621094}, {'grad_norm': 1.040105938911438, 'learning_rate': 0.0027, 'step': 465, 'train_nelbo': 6.344577789306641}, {'grad_norm': 0.9911710023880005, 'learning_rate': 0.0027, 'step': 496, 'train_nelbo': 5.987574100494385}, {'grad_norm': 0.9198780655860901, 'learning_rate': 0.0027, 'step': 527, 'train_nelbo': 6.448023796081543}, {'grad_norm': 0.7171227335929871, 'learning_rate': 0.0018195652173913044, 'step': 558, 'train_nelbo': 6.448028087615967}, {'grad_norm': 0.8818170428276062, 'learning_rate': 0.0009097826086956524, 'step': 589, 'train_nelbo': 6.190752983093262}, {'grad_norm': 0.44149839878082275, 'learning_rate': 0.0, 'step': 620, 'train_nelbo': 6.138291835784912}]",42.04478551167995,27934368,4,300000000000000.0,11288576,dense_dual_stream_attention_v1,0.0070279696872911105,6.888395309448242,6.138291835784912,0.0027,1985536,True,0.1,299938733359104,/root/shakespeare-dLM/scale_to_climbmix/results_curriculum/runs/3e14/2M/p_ar_0p1/result.json,1337,256,True,3,2M,complete,689,6.120325416326523,6.140187114477158,0.1
3.031907245516777,277,49,326,14311584,64,0.07704398959691895,488,"[{'grad_norm': 4.1649956703186035, 'learning_rate': 0.00011250000000000001, 'step': 1, 'train_nelbo': 7.282142639160156}, {'grad_norm': 2.632897138595581, 'learning_rate': 0.0026999999999999997, 'step': 24, 'train_nelbo': 6.693289756774902}, {'grad_norm': 0.6147619485855103, 'learning_rate': 0.0027, 'step': 48, 'train_nelbo': 6.685545921325684}, {'grad_norm': 0.8883405327796936, 'learning_rate': 0.0027, 'step': 72, 'train_nelbo': 6.3974714279174805}, {'grad_norm': 0.45889919996261597, 'learning_rate': 0.0027, 'step': 96, 'train_nelbo': 6.742700576782227}, {'grad_norm': 0.9096984267234802, 'learning_rate': 0.0027, 'step': 120, 'train_nelbo': 6.241623878479004}, {'grad_norm': 0.7544714212417603, 'learning_rate': 0.0027, 'step': 144, 'train_nelbo': 6.4940996170043945}, {'grad_norm': 0.5248249769210815, 'learning_rate': 0.0027, 'step': 168, 'train_nelbo': 6.301501274108887}, {'grad_norm': 0.6177424192428589, 'learning_rate': 0.0027, 'step': 192, 'train_nelbo': 6.427111625671387}, {'grad_norm': 0.4674912691116333, 'learning_rate': 0.0027, 'step': 216, 'train_nelbo': 6.056537628173828}, {'grad_norm': 0.4397139251232147, 'learning_rate': 0.0027, 'step': 240, 'train_nelbo': 6.103140830993652}, {'grad_norm': 0.6523422002792358, 'learning_rate': 0.0027, 'step': 264, 'train_nelbo': 6.038647174835205}, {'grad_norm': 0.5074660181999207, 'learning_rate': 0.0027, 'step': 288, 'train_nelbo': 6.252828598022461}, {'grad_norm': 0.4581747055053711, 'learning_rate': 0.0027, 'step': 312, 'train_nelbo': 6.086346626281738}, {'grad_norm': 0.4891372621059418, 'learning_rate': 0.0027, 'step': 336, 'train_nelbo': 6.064953327178955}, {'grad_norm': 0.47790977358818054, 'learning_rate': 0.0027, 'step': 360, 'train_nelbo': 6.001782417297363}, {'grad_norm': 0.5120010375976562, 'learning_rate': 0.0027, 'step': 384, 'train_nelbo': 6.236227989196777}, {'grad_norm': 0.5329985022544861, 'learning_rate': 0.0027, 'step': 408, 'train_nelbo': 5.941375732421875}, {'grad_norm': 0.7101407647132874, 'learning_rate': 0.0021000000000000003, 'step': 432, 'train_nelbo': 6.377146244049072}, {'grad_norm': 0.4280933737754822, 'learning_rate': 0.0012, 'step': 456, 'train_nelbo': 5.945725440979004}, {'grad_norm': 0.47417566180229187, 'learning_rate': 0.00030000000000000014, 'step': 480, 'train_nelbo': 6.132128715515137}, {'grad_norm': 0.5676499605178833, 'learning_rate': 0.0, 'step': 488, 'train_nelbo': 6.210193634033203}]",37.59746692329645,27934368,4,300000000000000.0,13336576,dense_dual_stream_attention_v1,0.008303000472358438,5.913850784301758,6.210193634033203,0.0027,1985536,True,0.4,299787025907712,/root/shakespeare-dLM/scale_to_climbmix/results_curriculum/runs/3e14/2M/p_ar_0p4/result.json,1337,256,True,3,2M,complete,814,5.946492403745651,5.975297331809998,0.1
2.04691288433969,368,65,433,14311584,64,0.07099116339152528,433,"[{'grad_norm': 4.8911261558532715, 'learning_rate': 0.00012272727272727272, 'step': 1, 'train_nelbo': 7.253279685974121}, {'grad_norm': 0.7452288269996643, 'learning_rate': 0.002577272727272727, 'step': 21, 'train_nelbo': 6.539224624633789}, {'grad_norm': 0.8354230523109436, 'learning_rate': 0.0027, 'step': 42, 'train_nelbo': 6.451955795288086}, {'grad_norm': 0.5261902213096619, 'learning_rate': 0.0027, 'step': 63, 'train_nelbo': 6.41364049911499}, {'grad_norm': 0.7298514246940613, 'learning_rate': 0.0027, 'step': 84, 'train_nelbo': 6.156743049621582}, {'grad_norm': 0.6690071225166321, 'learning_rate': 0.0027, 'step': 105, 'train_nelbo': 6.221390247344971}, {'grad_norm': 0.5266771912574768, 'learning_rate': 0.0027, 'step': 126, 'train_nelbo': 6.188872337341309}, {'grad_norm': 0.7111963629722595, 'learning_rate': 0.0027, 'step': 147, 'train_nelbo': 6.305015563964844}, {'grad_norm': 0.600422739982605, 'learning_rate': 0.0027, 'step': 168, 'train_nelbo': 6.4039998054504395}, {'grad_norm': 1.4331209659576416, 'learning_rate': 0.0027, 'step': 189, 'train_nelbo': 6.774213790893555}, {'grad_norm': 0.5987076759338379, 'learning_rate': 0.0027, 'step': 210, 'train_nelbo': 5.958904266357422}, {'grad_norm': 0.5541810989379883, 'learning_rate': 0.0027, 'step': 231, 'train_nelbo': 6.032296180725098}, {'grad_norm': 0.8478575348854065, 'learning_rate': 0.0027, 'step': 252, 'train_nelbo': 6.3636064529418945}, {'grad_norm': 0.6304097175598145, 'learning_rate': 0.0027, 'step': 273, 'train_nelbo': 6.091423034667969}, {'grad_norm': 0.44906094670295715, 'learning_rate': 0.0027, 'step': 294, 'train_nelbo': 5.901564598083496}, {'grad_norm': 0.43388277292251587, 'learning_rate': 0.0027, 'step': 315, 'train_nelbo': 6.032936096191406}, {'grad_norm': 0.5284761190414429, 'learning_rate': 0.0027, 'step': 336, 'train_nelbo': 6.031354904174805}, {'grad_norm': 0.7098349332809448, 'learning_rate': 0.0027, 'step': 357, 'train_nelbo': 6.1623921394348145}, {'grad_norm': 0.5481605529785156, 'learning_rate': 0.0023203125000000003, 'step': 378, 'train_nelbo': 6.087018966674805}, {'grad_norm': 0.4204060733318329, 'learning_rate': 0.001434375, 'step': 399, 'train_nelbo': 6.006318092346191}, {'grad_norm': 0.46948057413101196, 'learning_rate': 0.0005484375, 'step': 420, 'train_nelbo': 5.912456512451172}, {'grad_norm': 0.9060977697372437, 'learning_rate': 0.0, 'step': 433, 'train_nelbo': 6.056743621826172}]",30.739173748530447,27934368,4,300000000000000.0,14188544,dense_dual_stream_attention_v1,0.008833413278946448,5.760321617126465,6.056743621826172,0.0027,1985536,True,0.5,299704274386944,/root/shakespeare-dLM/scale_to_climbmix/results_curriculum/runs/3e14/2M/p_ar_0p5/result.json,1337,256,True,3,2M,complete,866,5.868333175778389,5.880062073469162,0.1
24.692743101157248,6383,1126,7509,1920192,64,0.022978062799237517,17521,"[{'grad_norm': 43.11512756347656, 'learning_rate': 3.082191780821918e-06, 'step': 1, 'train_nelbo': 8.462676048278809}, {'grad_norm': 1.9185031652450562, 'learning_rate': 0.0027, 'step': 876, 'train_nelbo': 5.802194595336914}, {'grad_norm': 1.8933863639831543, 'learning_rate': 0.0027, 'step': 1752, 'train_nelbo': 5.937129974365234}, {'grad_norm': 1.5733789205551147, 'learning_rate': 0.0027, 'step': 2628, 'train_nelbo': 5.584054946899414}, {'grad_norm': 2.5113706588745117, 'learning_rate': 0.0027, 'step': 3504, 'train_nelbo': 5.517036437988281}, {'grad_norm': 1.3680684566497803, 'learning_rate': 0.0027, 'step': 4380, 'train_nelbo': 5.539147853851318}, {'grad_norm': 1.465697169303894, 'learning_rate': 0.0027, 'step': 5256, 'train_nelbo': 5.532835006713867}, {'grad_norm': 1.5108646154403687, 'learning_rate': 0.0027, 'step': 6132, 'train_nelbo': 5.619586944580078}, {'grad_norm': 1.7690320014953613, 'learning_rate': 0.0027, 'step': 7008, 'train_nelbo': 5.788033485412598}, {'grad_norm': 1.4280784130096436, 'learning_rate': 0.0027, 'step': 7884, 'train_nelbo': 5.464775085449219}, {'grad_norm': 1.931392788887024, 'learning_rate': 0.0027, 'step': 8760, 'train_nelbo': 5.83134651184082}, {'grad_norm': 1.3399147987365723, 'learning_rate': 0.0027, 'step': 9636, 'train_nelbo': 5.536085605621338}, {'grad_norm': 2.0380847454071045, 'learning_rate': 0.0027, 'step': 10512, 'train_nelbo': 5.472470283508301}, {'grad_norm': 1.4736028909683228, 'learning_rate': 0.0027, 'step': 11388, 'train_nelbo': 5.5952348709106445}, {'grad_norm': 1.7638849020004272, 'learning_rate': 0.0027, 'step': 12264, 'train_nelbo': 5.455263614654541}, {'grad_norm': 1.9038026332855225, 'learning_rate': 0.0027, 'step': 13140, 'train_nelbo': 5.703584671020508}, {'grad_norm': 1.6269985437393188, 'learning_rate': 0.0027, 'step': 14016, 'train_nelbo': 5.605698585510254}, {'grad_norm': 2.5655908584594727, 'learning_rate': 0.0027, 'step': 14892, 'train_nelbo': 5.758777141571045}, {'grad_norm': 1.7460922002792358, 'learning_rate': 0.0018017129805862203, 'step': 15768, 'train_nelbo': 5.470710754394531}, {'grad_norm': 2.37945294380188, 'learning_rate': 0.0009013703844689762, 'step': 16644, 'train_nelbo': 5.524466037750244}, {'grad_norm': 1.809533953666687, 'learning_rate': 1.0277883517320287e-06, 'step': 17520, 'train_nelbo': 5.651339530944824}, {'grad_norm': 1.4157140254974365, 'learning_rate': 0.0, 'step': 17521, 'train_nelbo': 5.413843631744385}]",402.59863830544055,2660544,4,1000000000000000.0,410091520,dense_dual_stream_attention_v1,0.2553121644018817,4.844279766082764,5.413843631744385,0.0027,287424,True,0.3,999982909882368,/root/shakespeare-dLM/scale_to_climbmix/results_curriculum/runs/1e15/0.29M/p_ar_0p3/result.json,1337,256,True,118,0.29M,complete,25030,5.3866628259420395,5.384055018424988,0.1
54.22389639914036,14045,2478,16523,1920192,64,0.024519258323689914,11015,"[{'grad_norm': 54.734100341796875, 'learning_rate': 4.9001814882032675e-06, 'step': 1, 'train_nelbo': 8.889753341674805}, {'grad_norm': 2.0687217712402344, 'learning_rate': 0.002695099818511797, 'step': 550, 'train_nelbo': 5.545901775360107}, {'grad_norm': 1.6536787748336792, 'learning_rate': 0.0027, 'step': 1100, 'train_nelbo': 5.693503379821777}, {'grad_norm': 2.6886720657348633, 'learning_rate': 0.0027, 'step': 1650, 'train_nelbo': 5.6681952476501465}, {'grad_norm': 1.8592084646224976, 'learning_rate': 0.0027, 'step': 2200, 'train_nelbo': 5.828581809997559}, {'grad_norm': 1.3643503189086914, 'learning_rate': 0.0027, 'step': 2750, 'train_nelbo': 5.682711601257324}, {'grad_norm': 1.3193706274032593, 'learning_rate': 0.0027, 'step': 3300, 'train_nelbo': 5.705684661865234}, {'grad_norm': 1.6331212520599365, 'learning_rate': 0.0027, 'step': 3850, 'train_nelbo': 5.738550186157227}, {'grad_norm': 1.453086495399475, 'learning_rate': 0.0027, 'step': 4400, 'train_nelbo': 5.760950088500977}, {'grad_norm': 1.394652247428894, 'learning_rate': 0.0027, 'step': 4950, 'train_nelbo': 5.4917802810668945}, {'grad_norm': 1.4942268133163452, 'learning_rate': 0.0027, 'step': 5500, 'train_nelbo': 5.558383464813232}, {'grad_norm': 1.7096761465072632, 'learning_rate': 0.0027, 'step': 6050, 'train_nelbo': 5.632499694824219}, {'grad_norm': 1.6538573503494263, 'learning_rate': 0.0027, 'step': 6600, 'train_nelbo': 5.6195068359375}, {'grad_norm': 1.3124690055847168, 'learning_rate': 0.0027, 'step': 7150, 'train_nelbo': 5.289806365966797}, {'grad_norm': 1.4897221326828003, 'learning_rate': 0.0027, 'step': 7700, 'train_nelbo': 5.352771759033203}, {'grad_norm': 1.5634214878082275, 'learning_rate': 0.0027, 'step': 8250, 'train_nelbo': 5.6562066078186035}, {'grad_norm': 1.3117491006851196, 'learning_rate': 0.0027, 'step': 8800, 'train_nelbo': 5.470088481903076}, {'grad_norm': 1.4900630712509155, 'learning_rate': 0.0027, 'step': 9350, 'train_nelbo': 5.5798492431640625}, {'grad_norm': 1.5668649673461914, 'learning_rate': 0.0018234403391883707, 'step': 9900, 'train_nelbo': 5.5878729820251465}, {'grad_norm': 1.4897561073303223, 'learning_rate': 0.0009239854633555422, 'step': 10450, 'train_nelbo': 5.5225043296813965}, {'grad_norm': 1.3789541721343994, 'learning_rate': 2.453058752271351e-05, 'step': 11000, 'train_nelbo': 5.464846611022949}, {'grad_norm': 1.8495794534683228, 'learning_rate': 0.0, 'step': 11015, 'train_nelbo': 5.392460823059082}]",270.0796304354444,2660544,4,1000000000000000.0,451182592,dense_dual_stream_attention_v1,0.28089438207347256,4.926433563232422,5.392460823059082,0.0027,287424,True,0.6,999968351453184,/root/shakespeare-dLM/scale_to_climbmix/results_curriculum/runs/1e15/0.29M/p_ar_0p6/result.json,1337,256,True,118,0.29M,complete,27538,5.396599322557449,5.38263963162899,0.1
17.795381562784314,4129,729,4858,1920192,64,0.02271723623676104,19434,"[{'grad_norm': 54.601985931396484, 'learning_rate': 2.777777777777778e-06, 'step': 1, 'train_nelbo': 8.544809341430664}, {'grad_norm': 1.8538092374801636, 'learning_rate': 0.0026972222222222224, 'step': 971, 'train_nelbo': 5.922112941741943}, {'grad_norm': 2.1976332664489746, 'learning_rate': 0.0027, 'step': 1942, 'train_nelbo': 6.17356014251709}, {'grad_norm': 1.5961809158325195, 'learning_rate': 0.0027, 'step': 2913, 'train_nelbo': 5.3453826904296875}, {'grad_norm': 1.529714584350586, 'learning_rate': 0.0027, 'step': 3884, 'train_nelbo': 5.738559722900391}, {'grad_norm': 1.3094244003295898, 'learning_rate': 0.0027, 'step': 4855, 'train_nelbo': 5.536290168762207}, {'grad_norm': 1.4343547821044922, 'learning_rate': 0.0027, 'step': 5826, 'train_nelbo': 5.863560676574707}, {'grad_norm': 1.3623932600021362, 'learning_rate': 0.0027, 'step': 6797, 'train_nelbo': 5.782851219177246}, {'grad_norm': 1.751242995262146, 'learning_rate': 0.0027, 'step': 7768, 'train_nelbo': 5.860774993896484}, {'grad_norm': 1.9583889245986938, 'learning_rate': 0.0027, 'step': 8739, 'train_nelbo': 5.683180809020996}, {'grad_norm': 1.5514832735061646, 'learning_rate': 0.0027, 'step': 9710, 'train_nelbo': 5.702125549316406}, {'grad_norm': 2.0601978302001953, 'learning_rate': 0.0027, 'step': 10681, 'train_nelbo': 5.739925384521484}, {'grad_norm': 1.7057760953903198, 'learning_rate': 0.0027, 'step': 11652, 'train_nelbo': 5.536304473876953}, {'grad_norm': 1.4022479057312012, 'learning_rate': 0.0027, 'step': 12623, 'train_nelbo': 5.440793991088867}, {'grad_norm': 1.4319027662277222, 'learning_rate': 0.0027, 'step': 13594, 'train_nelbo': 5.572628974914551}, {'grad_norm': 2.1812779903411865, 'learning_rate': 0.0027, 'step': 14565, 'train_nelbo': 5.587715148925781}, {'grad_norm': 1.273074984550476, 'learning_rate': 0.0027, 'step': 15536, 'train_nelbo': 5.514464855194092}, {'grad_norm': 1.6364597082138062, 'learning_rate': 0.0027, 'step': 16507, 'train_nelbo': 5.562539100646973}, {'grad_norm': 1.3038157224655151, 'learning_rate': 0.0018123541523678791, 'step': 17478, 'train_nelbo': 5.402273178100586}, {'grad_norm': 1.7003796100616455, 'learning_rate': 0.0009126630061770761, 'step': 18449, 'train_nelbo': 5.451348304748535}, {'grad_norm': 1.9931564331054688, 'learning_rate': 1.2971859986273039e-05, 'step': 19420, 'train_nelbo': 5.561797618865967}, {'grad_norm': 1.4709782600402832, 'learning_rate': 0.0, 'step': 19434, 'train_nelbo': 5.339724540710449}]",441.486769025214,2660544,4,1000000000000000.0,398000128,dense_dual_stream_attention_v1,0.24778438264684421,4.958452224731445,5.339724540710449,0.0027,287424,True,0.2,999969666367488,/root/shakespeare-dLM/scale_to_climbmix/results_curriculum/runs/1e15/0.29M/p_ar_0p2/result.json,1337,256,True,118,0.29M,complete,24292,5.386639848351479,5.368207827210426,0.1
8.741424382664263,2006,354,2360,1920192,64,0.02266947332928909,21237,"[{'grad_norm': 21.27382469177246, 'learning_rate': 2.5423728813559323e-06, 'step': 1, 'train_nelbo': 8.07740592956543}, {'grad_norm': 2.1996102333068848, 'learning_rate': 0.0026974576271186442, 'step': 1061, 'train_nelbo': 5.832082748413086}, {'grad_norm': 1.2731043100357056, 'learning_rate': 0.0027, 'step': 2122, 'train_nelbo': 5.600805282592773}, {'grad_norm': 1.3222157955169678, 'learning_rate': 0.0027, 'step': 3183, 'train_nelbo': 5.668497085571289}, {'grad_norm': 1.5668878555297852, 'learning_rate': 0.0027, 'step': 4244, 'train_nelbo': 5.715604782104492}, {'grad_norm': 1.453629493713379, 'learning_rate': 0.0027, 'step': 5305, 'train_nelbo': 5.5257110595703125}, {'grad_norm': 1.3470391035079956, 'learning_rate': 0.0027, 'step': 6366, 'train_nelbo': 5.54132604598999}, {'grad_norm': 1.3107852935791016, 'learning_rate': 0.0027, 'step': 7427, 'train_nelbo': 5.6195454597473145}, {'grad_norm': 1.5322954654693604, 'learning_rate': 0.0027, 'step': 8488, 'train_nelbo': 5.643189430236816}, {'grad_norm': 1.8486590385437012, 'learning_rate': 0.0027, 'step': 9549, 'train_nelbo': 5.898271083831787}, {'grad_norm': 1.6325205564498901, 'learning_rate': 0.0027, 'step': 10610, 'train_nelbo': 5.386630058288574}, {'grad_norm': 2.830094575881958, 'learning_rate': 0.0027, 'step': 11671, 'train_nelbo': 5.822926044464111}, {'grad_norm': 1.3559108972549438, 'learning_rate': 0.0027, 'step': 12732, 'train_nelbo': 5.539241313934326}, {'grad_norm': 1.614793062210083, 'learning_rate': 0.0027, 'step': 13793, 'train_nelbo': 5.609021186828613}, {'grad_norm': 1.5001442432403564, 'learning_rate': 0.0027, 'step': 14854, 'train_nelbo': 5.637613773345947}, {'grad_norm': 1.6445058584213257, 'learning_rate': 0.0027, 'step': 15915, 'train_nelbo': 5.772154808044434}, {'grad_norm': 1.6450133323669434, 'learning_rate': 0.0027, 'step': 16976, 'train_nelbo': 5.6723785400390625}, {'grad_norm': 1.7825047969818115, 'learning_rate': 0.0027, 'step': 18037, 'train_nelbo': 5.589057445526123}, {'grad_norm': 1.2869855165481567, 'learning_rate': 0.0018132810047095764, 'step': 19098, 'train_nelbo': 5.319422721862793}, {'grad_norm': 1.586630940437317, 'learning_rate': 0.000913846153846154, 'step': 20159, 'train_nelbo': 5.360546112060547}, {'grad_norm': 1.6709669828414917, 'learning_rate': 1.4411302982731589e-05, 'step': 21220, 'train_nelbo': 5.378558158874512}, {'grad_norm': 1.7405534982681274, 'learning_rate': 0.0, 'step': 21237, 'train_nelbo': 5.347846031188965}]",481.43160509411246,2660544,4,1000000000000000.0,386613248,dense_dual_stream_attention_v1,0.24069521148186987,5.024698257446289,5.347846031188965,0.0027,287424,True,0.1,999974929170432,/root/shakespeare-dLM/scale_to_climbmix/results_curriculum/runs/1e15/0.29M/p_ar_0p1/result.json,1337,256,True,118,0.29M,complete,23597,5.388089880347252,5.3837854117155075,0.1
34.989006952382624,8777,1549,10326,1920192,64,0.023104566991620713,15488,"[{'grad_norm': 46.297462463378906, 'learning_rate': 3.488372093023256e-06, 'step': 1, 'train_nelbo': 8.731300354003906}, {'grad_norm': 2.073033571243286, 'learning_rate': 0.0027000000000000006, 'step': 774, 'train_nelbo': 5.622066497802734}, {'grad_norm': 1.9724103212356567, 'learning_rate': 0.0027, 'step': 1548, 'train_nelbo': 5.661843776702881}, {'grad_norm': 1.6428205966949463, 'learning_rate': 0.0027, 'step': 2322, 'train_nelbo': 5.55273962020874}, {'grad_norm': 2.8680646419525146, 'learning_rate': 0.0027, 'step': 3096, 'train_nelbo': 5.930843353271484}, {'grad_norm': 1.5649187564849854, 'learning_rate': 0.0027, 'step': 3870, 'train_nelbo': 5.80532169342041}, {'grad_norm': 2.7194578647613525, 'learning_rate': 0.0027, 'step': 4644, 'train_nelbo': 5.789231300354004}, {'grad_norm': 1.4073446989059448, 'learning_rate': 0.0027, 'step': 5418, 'train_nelbo': 5.584288597106934}, {'grad_norm': 1.7036267518997192, 'learning_rate': 0.0027, 'step': 6192, 'train_nelbo': 5.622957229614258}, {'grad_norm': 1.7981981039047241, 'learning_rate': 0.0027, 'step': 6966, 'train_nelbo': 5.536794662475586}, {'grad_norm': 1.9133269786834717, 'learning_rate': 0.0027, 'step': 7740, 'train_nelbo': 5.6951799392700195}, {'grad_norm': 2.221428155899048, 'learning_rate': 0.0027, 'step': 8514, 'train_nelbo': 5.655359745025635}, {'grad_norm': 1.945374846458435, 'learning_rate': 0.0027, 'step': 9288, 'train_nelbo': 5.604858875274658}, {'grad_norm': 1.6204129457473755, 'learning_rate': 0.0027, 'step': 10062, 'train_nelbo': 5.785345077514648}, {'grad_norm': 1.3856303691864014, 'learning_rate': 0.0027, 'step': 10836, 'train_nelbo': 5.511439323425293}, {'grad_norm': 3.3561038970947266, 'learning_rate': 0.0027, 'step': 11610, 'train_nelbo': 5.842037677764893}, {'grad_norm': 1.690772294998169, 'learning_rate': 0.0027, 'step': 12384, 'train_nelbo': 5.656643867492676}, {'grad_norm': 1.4962985515594482, 'learning_rate': 0.0027, 'step': 13158, 'train_nelbo': 5.847565650939941}, {'grad_norm': 2.849724054336548, 'learning_rate': 0.0018093023255813954, 'step': 13932, 'train_nelbo': 5.265171051025391}, {'grad_norm': 1.8106892108917236, 'learning_rate': 0.0009093023255813952, 'step': 14706, 'train_nelbo': 5.711381912231445}, {'grad_norm': 1.8226401805877686, 'learning_rate': 9.302325581395432e-06, 'step': 15480, 'train_nelbo': 5.448992729187012}, {'grad_norm': 1.7276214361190796, 'learning_rate': 0.0, 'step': 15488, 'train_nelbo': 5.462805271148682}]",357.8435335662216,2660544,4,1000000000000000.0,422936576,dense_dual_stream_attention_v1,0.263309157485824,4.853700637817383,5.462805271148682,0.0027,287424,True,0.4,999987741720576,/root/shakespeare-dLM/scale_to_climbmix/results_curriculum/runs/1e15/0.29M/p_ar_0p4/result.json,1337,256,True,118,0.29M,complete,25814,5.396208539605141,5.383559688925743,0.1
43.18368388619274,11325,1999,13324,1920192,64,0.023894897373773424,13324,"[{'grad_norm': 45.05152893066406, 'learning_rate': 4.0540540540540545e-06, 'step': 1, 'train_nelbo': 9.245763778686523}, {'grad_norm': 2.526653528213501, 'learning_rate': 0.0027, 'step': 666, 'train_nelbo': 5.772644519805908}, {'grad_norm': 1.7385518550872803, 'learning_rate': 0.0027, 'step': 1332, 'train_nelbo': 5.344570159912109}, {'grad_norm': 1.6146072149276733, 'learning_rate': 0.0027, 'step': 1998, 'train_nelbo': 5.766523361206055}, {'grad_norm': 1.581946611404419, 'learning_rate': 0.0027, 'step': 2664, 'train_nelbo': 5.374935150146484}, {'grad_norm': 1.4395806789398193, 'learning_rate': 0.0027, 'step': 3330, 'train_nelbo': 5.490434169769287}, {'grad_norm': 2.464709997177124, 'learning_rate': 0.0027, 'step': 3996, 'train_nelbo': 5.766834259033203}, {'grad_norm': 1.744421362876892, 'learning_rate': 0.0027, 'step': 4662, 'train_nelbo': 5.796435356140137}, {'grad_norm': 1.3913724422454834, 'learning_rate': 0.0027, 'step': 5328, 'train_nelbo': 5.596088409423828}, {'grad_norm': 1.7238349914550781, 'learning_rate': 0.0027, 'step': 5994, 'train_nelbo': 5.551101207733154}, {'grad_norm': 1.4461662769317627, 'learning_rate': 0.0027, 'step': 6660, 'train_nelbo': 5.304658889770508}, {'grad_norm': 1.3745417594909668, 'learning_rate': 0.0027, 'step': 7326, 'train_nelbo': 5.575314521789551}, {'grad_norm': 1.5611507892608643, 'learning_rate': 0.0027, 'step': 7992, 'train_nelbo': 5.469267845153809}, {'grad_norm': 1.5774677991867065, 'learning_rate': 0.0027, 'step': 8658, 'train_nelbo': 5.602051734924316}, {'grad_norm': 1.313656210899353, 'learning_rate': 0.0027, 'step': 9324, 'train_nelbo': 5.456955909729004}, {'grad_norm': 1.424899697303772, 'learning_rate': 0.0027, 'step': 9990, 'train_nelbo': 5.631507873535156}, {'grad_norm': 2.5872809886932373, 'learning_rate': 0.0027, 'step': 10656, 'train_nelbo': 5.200035572052002}, {'grad_norm': 1.6413170099258423, 'learning_rate': 0.0027, 'step': 11322, 'train_nelbo': 5.558716773986816}, {'grad_norm': 2.434612512588501, 'learning_rate': 0.0018054054054054056, 'step': 11988, 'train_nelbo': 5.9143147468566895}, {'grad_norm': 1.653366208076477, 'learning_rate': 0.0009054054054054054, 'step': 12654, 'train_nelbo': 5.335868835449219}, {'grad_norm': 1.381174921989441, 'learning_rate': 5.405405405405284e-06, 'step': 13320, 'train_nelbo': 5.445369720458984}, {'grad_norm': 1.3242591619491577, 'learning_rate': 0.0, 'step': 13324, 'train_nelbo': 5.449495315551758}]",318.3756126081571,2660544,4,1000000000000000.0,436600832,dense_dual_stream_attention_v1,0.27181616288379323,4.981678009033203,5.449495315551758,0.0027,287424,True,0.5,999976574386176,/root/shakespeare-dLM/scale_to_climbmix/results_curriculum/runs/1e15/0.29M/p_ar_0p5/result.json,1337,256,True,118,0.29M,complete,26648,5.392323613166809,5.388041168451309,0.1
11.434045146219432,2927,517,3444,3612960,64,0.03354206578257933,8037,"[{'grad_norm': 25.50425148010254, 'learning_rate': 2.014925373134328e-05, 'step': 1, 'train_nelbo': 7.592526435852051}, {'grad_norm': 0.8831475973129272, 'learning_rate': 0.008079850746268658, 'step': 401, 'train_nelbo': 5.80119514465332}, {'grad_norm': 0.5132936835289001, 'learning_rate': 0.0081, 'step': 802, 'train_nelbo': 5.723995208740234}, {'grad_norm': 0.6171368956565857, 'learning_rate': 0.0081, 'step': 1203, 'train_nelbo': 5.624138355255127}, {'grad_norm': 0.6145232319831848, 'learning_rate': 0.0081, 'step': 1604, 'train_nelbo': 5.6911163330078125}, {'grad_norm': 0.6128159761428833, 'learning_rate': 0.0081, 'step': 2005, 'train_nelbo': 5.631413459777832}, {'grad_norm': 0.48957058787345886, 'learning_rate': 0.0081, 'step': 2406, 'train_nelbo': 5.495085716247559}, {'grad_norm': 0.521609902381897, 'learning_rate': 0.0081, 'step': 2807, 'train_nelbo': 5.6988935470581055}, {'grad_norm': 0.678719699382782, 'learning_rate': 0.0081, 'step': 3208, 'train_nelbo': 5.580061912536621}, {'grad_norm': 0.49434828758239746, 'learning_rate': 0.0081, 'step': 3609, 'train_nelbo': 5.584845542907715}, {'grad_norm': 0.9607667922973633, 'learning_rate': 0.0081, 'step': 4010, 'train_nelbo': 5.595623970031738}, {'grad_norm': 0.5586027503013611, 'learning_rate': 0.0081, 'step': 4411, 'train_nelbo': 5.554814338684082}, {'grad_norm': 0.6603623628616333, 'learning_rate': 0.0081, 'step': 4812, 'train_nelbo': 5.194874286651611}, {'grad_norm': 0.5778560638427734, 'learning_rate': 0.0081, 'step': 5213, 'train_nelbo': 5.742809295654297}, {'grad_norm': 0.512671172618866, 'learning_rate': 0.0081, 'step': 5614, 'train_nelbo': 5.433065414428711}, {'grad_norm': 0.5979577302932739, 'learning_rate': 0.0081, 'step': 6015, 'train_nelbo': 5.687209606170654}, {'grad_norm': 0.5167112350463867, 'learning_rate': 0.0081, 'step': 6416, 'train_nelbo': 5.503484725952148}, {'grad_norm': 0.6460500359535217, 'learning_rate': 0.0081, 'step': 6817, 'train_nelbo': 5.681083679199219}, {'grad_norm': 0.5901573300361633, 'learning_rate': 0.005505311203319502, 'step': 7218, 'train_nelbo': 5.511640548706055}, {'grad_norm': 0.5984321236610413, 'learning_rate': 0.0028097925311203315, 'step': 7619, 'train_nelbo': 5.277172565460205}, {'grad_norm': 0.5466682314872742, 'learning_rate': 0.00011427385892116142, 'step': 8020, 'train_nelbo': 5.153817176818848}, {'grad_norm': 0.6582919955253601, 'learning_rate': 0.0, 'step': 8037, 'train_nelbo': 5.280996322631836}]",269.5775826945901,6045984,4,1000000000000000.0,188104704,dense_dual_stream_attention_v1,0.11710902754686392,4.872002601623535,5.280996322631836,0.0081,504288,True,0.3,999991011704832,/root/shakespeare-dLM/scale_to_climbmix/results_curriculum/runs/1e15/0.5M/p_ar_0p3/result.json,1337,256,True,53,0.5M,complete,11481,5.171353608369827,5.164422735571861,0.1
38.020703602582216,6787,1198,7985,3612960,64,0.03464244241019137,5323,"[{'grad_norm': 203.10231018066406, 'learning_rate': 3.045112781954887e-05, 'step': 1, 'train_nelbo': 8.170944213867188}, {'grad_norm': 0.823832094669342, 'learning_rate': 0.0081, 'step': 266, 'train_nelbo': 5.908553123474121}, {'grad_norm': 0.8581759929656982, 'learning_rate': 0.0081, 'step': 532, 'train_nelbo': 6.109663009643555}, {'grad_norm': 0.7278517484664917, 'learning_rate': 0.0081, 'step': 798, 'train_nelbo': 5.772846221923828}, {'grad_norm': 0.8529303669929504, 'learning_rate': 0.0081, 'step': 1064, 'train_nelbo': 5.489252090454102}, {'grad_norm': 0.7696692943572998, 'learning_rate': 0.0081, 'step': 1330, 'train_nelbo': 5.679494380950928}, {'grad_norm': 0.6931278705596924, 'learning_rate': 0.0081, 'step': 1596, 'train_nelbo': 5.686077117919922}, {'grad_norm': 0.6798146367073059, 'learning_rate': 0.0081, 'step': 1862, 'train_nelbo': 5.614048004150391}, {'grad_norm': 0.5031086206436157, 'learning_rate': 0.0081, 'step': 2128, 'train_nelbo': 5.578750133514404}, {'grad_norm': 0.5139239430427551, 'learning_rate': 0.0081, 'step': 2394, 'train_nelbo': 5.5791521072387695}, {'grad_norm': 0.6312963962554932, 'learning_rate': 0.0081, 'step': 2660, 'train_nelbo': 5.487242698669434}, {'grad_norm': 0.5839410424232483, 'learning_rate': 0.0081, 'step': 2926, 'train_nelbo': 5.39276123046875}, {'grad_norm': 0.6346612572669983, 'learning_rate': 0.0081, 'step': 3192, 'train_nelbo': 5.528295993804932}, {'grad_norm': 0.6225375533103943, 'learning_rate': 0.0081, 'step': 3458, 'train_nelbo': 5.233406066894531}, {'grad_norm': 0.5982260704040527, 'learning_rate': 0.0081, 'step': 3724, 'train_nelbo': 5.415143013000488}, {'grad_norm': 0.6975713968276978, 'learning_rate': 0.0081, 'step': 3990, 'train_nelbo': 5.769557952880859}, {'grad_norm': 0.7581711411476135, 'learning_rate': 0.0081, 'step': 4256, 'train_nelbo': 5.218744277954102}, {'grad_norm': 0.5687369704246521, 'learning_rate': 0.0081, 'step': 4522, 'train_nelbo': 5.632658958435059}, {'grad_norm': 0.6047589182853699, 'learning_rate': 0.005437264742785445, 'step': 4788, 'train_nelbo': 5.565389633178711}, {'grad_norm': 0.8533547520637512, 'learning_rate': 0.002733877038895859, 'step': 5054, 'train_nelbo': 5.333827495574951}, {'grad_norm': 0.5066086649894714, 'learning_rate': 3.048933500627332e-05, 'step': 5320, 'train_nelbo': 5.188183784484863}, {'grad_norm': 0.5230242609977722, 'learning_rate': 0.0, 'step': 5323, 'train_nelbo': 5.217545509338379}]",184.40172094944865,6045984,4,1000000000000000.0,218038272,dense_dual_stream_attention_v1,0.13574487750140798,4.553763389587402,5.217545509338379,0.0081,504288,True,0.6,999952522149888,/root/shakespeare-dLM/scale_to_climbmix/results_curriculum/runs/1e15/0.5M/p_ar_0p6/result.json,1337,256,True,53,0.5M,complete,13308,5.186684414744377,5.185294210910797,0.1
10.558384104631841,1867,329,2196,3612960,64,0.032198846409853654,8782,"[{'grad_norm': 18.905683517456055, 'learning_rate': 1.8451025056947606e-05, 'step': 1, 'train_nelbo': 7.58991003036499}, {'grad_norm': 0.8755549192428589, 'learning_rate': 0.0081, 'step': 439, 'train_nelbo': 5.910769939422607}, {'grad_norm': 0.4972236156463623, 'learning_rate': 0.0081, 'step': 878, 'train_nelbo': 5.5575714111328125}, {'grad_norm': 0.5001446008682251, 'learning_rate': 0.0081, 'step': 1317, 'train_nelbo': 5.645970821380615}, {'grad_norm': 0.5663604736328125, 'learning_rate': 0.0081, 'step': 1756, 'train_nelbo': 5.643156051635742}, {'grad_norm': 0.5214914083480835, 'learning_rate': 0.0081, 'step': 2195, 'train_nelbo': 5.594831943511963}, {'grad_norm': 0.8355458974838257, 'learning_rate': 0.0081, 'step': 2634, 'train_nelbo': 5.62485933303833}, {'grad_norm': 0.7702776193618774, 'learning_rate': 0.0081, 'step': 3073, 'train_nelbo': 5.745392799377441}, {'grad_norm': 0.6329883337020874, 'learning_rate': 0.0081, 'step': 3512, 'train_nelbo': 5.6115007400512695}, {'grad_norm': 0.5228186249732971, 'learning_rate': 0.0081, 'step': 3951, 'train_nelbo': 5.657177925109863}, {'grad_norm': 0.5444644689559937, 'learning_rate': 0.0081, 'step': 4390, 'train_nelbo': 5.481839179992676}, {'grad_norm': 0.8535134196281433, 'learning_rate': 0.0081, 'step': 4829, 'train_nelbo': 5.588108539581299}, {'grad_norm': 0.6269207000732422, 'learning_rate': 0.0081, 'step': 5268, 'train_nelbo': 5.510465145111084}, {'grad_norm': 0.5182988047599792, 'learning_rate': 0.0081, 'step': 5707, 'train_nelbo': 5.5582499504089355}, {'grad_norm': 0.5767003893852234, 'learning_rate': 0.0081, 'step': 6146, 'train_nelbo': 5.557986736297607}, {'grad_norm': 0.5562975406646729, 'learning_rate': 0.0081, 'step': 6585, 'train_nelbo': 5.564126968383789}, {'grad_norm': 0.6870034337043762, 'learning_rate': 0.0081, 'step': 7024, 'train_nelbo': 5.474221229553223}, {'grad_norm': 0.528878927230835, 'learning_rate': 0.0081, 'step': 7463, 'train_nelbo': 5.383486747741699}, {'grad_norm': 0.5705990791320801, 'learning_rate': 0.005416413373860182, 'step': 7902, 'train_nelbo': 5.492707252502441}, {'grad_norm': 0.8869935274124146, 'learning_rate': 0.0027143617021276596, 'step': 8341, 'train_nelbo': 5.02381706237793}, {'grad_norm': 0.5772511959075928, 'learning_rate': 1.2310030395137117e-05, 'step': 8780, 'train_nelbo': 5.051098823547363}, {'grad_norm': 0.5528689026832581, 'learning_rate': 0.0, 'step': 8782, 'train_nelbo': 5.243252754211426}]",282.7702691713348,6045984,4,1000000000000000.0,179863552,dense_dual_stream_attention_v1,0.11197830366775299,4.771447658538818,5.243252754211426,0.0081,504288,True,0.2,999913744760832,/root/shakespeare-dLM/scale_to_climbmix/results_curriculum/runs/1e15/0.5M/p_ar_0p2/result.json,1337,256,True,53,0.5M,complete,10978,5.155216827988625,5.154357329010963,0.1
4.731771973893046,894,158,1052,3612960,64,0.032346253793552035,9466,"[{'grad_norm': 6.648237705230713, 'learning_rate': 1.7124735729386892e-05, 'step': 1, 'train_nelbo': 7.498863220214844}, {'grad_norm': 0.5381296873092651, 'learning_rate': 0.0081, 'step': 473, 'train_nelbo': 5.555380821228027}, {'grad_norm': 0.5583900809288025, 'learning_rate': 0.0081, 'step': 946, 'train_nelbo': 5.457434177398682}, {'grad_norm': 0.48781436681747437, 'learning_rate': 0.0081, 'step': 1419, 'train_nelbo': 5.487364292144775}, {'grad_norm': 0.49888333678245544, 'learning_rate': 0.0081, 'step': 1892, 'train_nelbo': 5.675158977508545}, {'grad_norm': 0.6633179187774658, 'learning_rate': 0.0081, 'step': 2365, 'train_nelbo': 5.756944179534912}, {'grad_norm': 0.5855900645256042, 'learning_rate': 0.0081, 'step': 2838, 'train_nelbo': 5.667527198791504}, {'grad_norm': 0.6460608839988708, 'learning_rate': 0.0081, 'step': 3311, 'train_nelbo': 5.564860820770264}, {'grad_norm': 0.786686360836029, 'learning_rate': 0.0081, 'step': 3784, 'train_nelbo': 5.601194381713867}, {'grad_norm': 1.0093436241149902, 'learning_rate': 0.0081, 'step': 4257, 'train_nelbo': 6.074864864349365}, {'grad_norm': 1.5678056478500366, 'learning_rate': 0.0081, 'step': 4730, 'train_nelbo': 6.275823593139648}, {'grad_norm': 0.5728673934936523, 'learning_rate': 0.0081, 'step': 5203, 'train_nelbo': 5.562034606933594}, {'grad_norm': 0.7959379553794861, 'learning_rate': 0.0081, 'step': 5676, 'train_nelbo': 5.4523844718933105}, {'grad_norm': 0.6790460348129272, 'learning_rate': 0.0081, 'step': 6149, 'train_nelbo': 5.4157209396362305}, {'grad_norm': 0.598027765750885, 'learning_rate': 0.0081, 'step': 6622, 'train_nelbo': 5.476978778839111}, {'grad_norm': 0.6323040723800659, 'learning_rate': 0.0081, 'step': 7095, 'train_nelbo': 5.413174629211426}, {'grad_norm': 0.6738235950469971, 'learning_rate': 0.0081, 'step': 7568, 'train_nelbo': 5.603574275970459}, {'grad_norm': 0.6418777108192444, 'learning_rate': 0.0081, 'step': 8041, 'train_nelbo': 5.541722297668457}, {'grad_norm': 0.7824273705482483, 'learning_rate': 0.0054342494714587734, 'step': 8514, 'train_nelbo': 5.553763389587402}, {'grad_norm': 1.0803992748260498, 'learning_rate': 0.0027342494714587733, 'step': 8987, 'train_nelbo': 6.045042991638184}, {'grad_norm': 0.8961039781570435, 'learning_rate': 3.424947145877417e-05, 'step': 9460, 'train_nelbo': 5.144566535949707}, {'grad_norm': 0.7120078206062317, 'learning_rate': 0.0, 'step': 9466, 'train_nelbo': 5.41365909576416}]",306.1896384097636,6045984,4,1000000000000000.0,172326912,dense_dual_stream_attention_v1,0.10728619037870522,5.112578392028809,5.41365909576416,0.0081,504288,True,0.1,999950228914176,/root/shakespeare-dLM/scale_to_climbmix/results_curriculum/runs/1e15/0.5M/p_ar_0p1/result.json,1337,256,True,53,0.5M,complete,10518,5.1552339643239975,5.149577558040619,0.1
19.61995612177998,4090,722,4812,3612960,64,0.03394242064272132,7219,"[{'grad_norm': 28.616806030273438, 'learning_rate': 2.2437673130193904e-05, 'step': 1, 'train_nelbo': 7.6375837326049805}, {'grad_norm': 0.7746599316596985, 'learning_rate': 0.008077562326869805, 'step': 360, 'train_nelbo': 5.7414398193359375}, {'grad_norm': 0.6943527460098267, 'learning_rate': 0.0081, 'step': 720, 'train_nelbo': 5.754239082336426}, {'grad_norm': 0.5799882411956787, 'learning_rate': 0.0081, 'step': 1080, 'train_nelbo': 5.752112865447998}, {'grad_norm': 0.6026248931884766, 'learning_rate': 0.0081, 'step': 1440, 'train_nelbo': 5.503499984741211}, {'grad_norm': 0.6609672904014587, 'learning_rate': 0.0081, 'step': 1800, 'train_nelbo': 5.501107215881348}, {'grad_norm': 0.5493435263633728, 'learning_rate': 0.0081, 'step': 2160, 'train_nelbo': 5.685715675354004}, {'grad_norm': 0.6113726496696472, 'learning_rate': 0.0081, 'step': 2520, 'train_nelbo': 5.312016010284424}, {'grad_norm': 0.5517589449882507, 'learning_rate': 0.0081, 'step': 2880, 'train_nelbo': 5.533646106719971}, {'grad_norm': 0.7724612951278687, 'learning_rate': 0.0081, 'step': 3240, 'train_nelbo': 5.5342302322387695}, {'grad_norm': 0.9090616703033447, 'learning_rate': 0.0081, 'step': 3600, 'train_nelbo': 5.918270111083984}, {'grad_norm': 0.5465347170829773, 'learning_rate': 0.0081, 'step': 3960, 'train_nelbo': 5.3982672691345215}, {'grad_norm': 0.6202223896980286, 'learning_rate': 0.0081, 'step': 4320, 'train_nelbo': 5.524760723114014}, {'grad_norm': 0.5979613661766052, 'learning_rate': 0.0081, 'step': 4680, 'train_nelbo': 5.598258018493652}, {'grad_norm': 0.6469830870628357, 'learning_rate': 0.0081, 'step': 5040, 'train_nelbo': 5.672183513641357}, {'grad_norm': 0.635839581489563, 'learning_rate': 0.0081, 'step': 5400, 'train_nelbo': 5.357239723205566}, {'grad_norm': 0.685346782207489, 'learning_rate': 0.0081, 'step': 5760, 'train_nelbo': 5.55934476852417}, {'grad_norm': 0.8196867108345032, 'learning_rate': 0.0081, 'step': 6120, 'train_nelbo': 6.046797275543213}, {'grad_norm': 0.5708948969841003, 'learning_rate': 0.0055322550831792975, 'step': 6480, 'train_nelbo': 5.529787063598633}, {'grad_norm': 1.2890665531158447, 'learning_rate': 0.00283724584103512, 'step': 6840, 'train_nelbo': 5.523689270019531}, {'grad_norm': 0.6896877288818359, 'learning_rate': 0.00014223659889094268, 'step': 7200, 'train_nelbo': 5.287182807922363}, {'grad_norm': 0.6122493743896484, 'learning_rate': 0.0, 'step': 7219, 'train_nelbo': 5.281469345092773}]",245.03033461980522,6045984,4,1000000000000000.0,197115904,dense_dual_stream_attention_v1,0.12271916300116016,4.7136921882629395,5.281469345092773,0.0081,504288,True,0.4,999940456710144,/root/shakespeare-dLM/scale_to_climbmix/results_curriculum/runs/1e15/0.5M/p_ar_0p4/result.json,1337,256,True,53,0.5M,complete,12031,5.1733513325452805,5.160658597946167,0.1
27.907370786182582,5371,948,6319,3612960,64,0.034287364255270826,6319,"[{'grad_norm': 99.8660659790039, 'learning_rate': 2.5632911392405062e-05, 'step': 1, 'train_nelbo': 7.7135844230651855}, {'grad_norm': 0.9973726272583008, 'learning_rate': 0.008074367088607594, 'step': 315, 'train_nelbo': 5.805148124694824}, {'grad_norm': 0.6384204030036926, 'learning_rate': 0.0081, 'step': 630, 'train_nelbo': 5.6589555740356445}, {'grad_norm': 1.2126679420471191, 'learning_rate': 0.0081, 'step': 945, 'train_nelbo': 5.975761413574219}, {'grad_norm': 0.5095025300979614, 'learning_rate': 0.0081, 'step': 1260, 'train_nelbo': 5.561517238616943}, {'grad_norm': 0.7139400243759155, 'learning_rate': 0.0081, 'step': 1575, 'train_nelbo': 5.377105712890625}, {'grad_norm': 1.805504560470581, 'learning_rate': 0.0081, 'step': 1890, 'train_nelbo': 5.018649101257324}, {'grad_norm': 0.650072455406189, 'learning_rate': 0.0081, 'step': 2205, 'train_nelbo': 5.7539286613464355}, {'grad_norm': 0.7904831171035767, 'learning_rate': 0.0081, 'step': 2520, 'train_nelbo': 5.433652877807617}, {'grad_norm': 0.625075101852417, 'learning_rate': 0.0081, 'step': 2835, 'train_nelbo': 5.52022123336792}, {'grad_norm': 0.7753646969795227, 'learning_rate': 0.0081, 'step': 3150, 'train_nelbo': 5.395928859710693}, {'grad_norm': 0.4937981069087982, 'learning_rate': 0.0081, 'step': 3465, 'train_nelbo': 5.3864665031433105}, {'grad_norm': 0.7111113667488098, 'learning_rate': 0.0081, 'step': 3780, 'train_nelbo': 5.946253776550293}, {'grad_norm': 0.7117844223976135, 'learning_rate': 0.0081, 'step': 4095, 'train_nelbo': 5.6282572746276855}, {'grad_norm': 0.5244140625, 'learning_rate': 0.0081, 'step': 4410, 'train_nelbo': 5.515506744384766}, {'grad_norm': 0.5765746235847473, 'learning_rate': 0.0081, 'step': 4725, 'train_nelbo': 5.500518798828125}, {'grad_norm': 0.6374056339263916, 'learning_rate': 0.0081, 'step': 5040, 'train_nelbo': 5.729814529418945}, {'grad_norm': 0.582074761390686, 'learning_rate': 0.0081, 'step': 5355, 'train_nelbo': 5.393404960632324}, {'grad_norm': 0.7873068451881409, 'learning_rate': 0.005551108764519535, 'step': 5670, 'train_nelbo': 5.219226837158203}, {'grad_norm': 0.554933488368988, 'learning_rate': 0.0028568109820485744, 'step': 5985, 'train_nelbo': 5.215583324432373}, {'grad_norm': 0.561424970626831, 'learning_rate': 0.00016251319957761353, 'step': 6300, 'train_nelbo': 5.050400733947754}, {'grad_norm': 0.6158023476600647, 'learning_rate': 0.0, 'step': 6319, 'train_nelbo': 5.2175116539001465}]",216.66185472905636,6045984,4,1000000000000000.0,207060992,dense_dual_stream_attention_v1,0.1289107124934471,4.614077568054199,5.2175116539001465,0.0081,504288,True,0.5,999995263156224,/root/shakespeare-dLM/scale_to_climbmix/results_curriculum/runs/1e15/0.5M/p_ar_0p5/result.json,1337,256,True,53,0.5M,complete,12638,5.171881169080734,5.1572669595479965,0.1
9.860972659662366,1535,271,1806,6774240,64,0.04281541667860943,4213,"[{'grad_norm': 12.451800346374512, 'learning_rate': 1.2796208530805688e-05, 'step': 1, 'train_nelbo': 7.737421989440918}, {'grad_norm': 1.3187322616577148, 'learning_rate': 0.0026872037914691944, 'step': 210, 'train_nelbo': 5.499207496643066}, {'grad_norm': 0.9981779456138611, 'learning_rate': 0.0027, 'step': 420, 'train_nelbo': 5.430919647216797}, {'grad_norm': 0.8784036636352539, 'learning_rate': 0.0027, 'step': 630, 'train_nelbo': 5.567490577697754}, {'grad_norm': 0.7833361029624939, 'learning_rate': 0.0027, 'step': 840, 'train_nelbo': 5.427096366882324}, {'grad_norm': 0.8215806484222412, 'learning_rate': 0.0027, 'step': 1050, 'train_nelbo': 5.263952732086182}, {'grad_norm': 0.7630999684333801, 'learning_rate': 0.0027, 'step': 1260, 'train_nelbo': 5.2468390464782715}, {'grad_norm': 1.2717976570129395, 'learning_rate': 0.0027, 'step': 1470, 'train_nelbo': 5.425708770751953}, {'grad_norm': 0.7644513249397278, 'learning_rate': 0.0027, 'step': 1680, 'train_nelbo': 5.294245719909668}, {'grad_norm': 0.7618524432182312, 'learning_rate': 0.0027, 'step': 1890, 'train_nelbo': 5.18937349319458}, {'grad_norm': 0.8146304488182068, 'learning_rate': 0.0027, 'step': 2100, 'train_nelbo': 5.231829643249512}, {'grad_norm': 0.9867443442344666, 'learning_rate': 0.0027, 'step': 2310, 'train_nelbo': 5.274570941925049}, {'grad_norm': 0.7919557690620422, 'learning_rate': 0.0027, 'step': 2520, 'train_nelbo': 5.1526899337768555}, {'grad_norm': 0.893210232257843, 'learning_rate': 0.0027, 'step': 2730, 'train_nelbo': 5.0603837966918945}, {'grad_norm': 0.8708886504173279, 'learning_rate': 0.0027, 'step': 2940, 'train_nelbo': 5.0614423751831055}, {'grad_norm': 1.0795246362686157, 'learning_rate': 0.0027, 'step': 3150, 'train_nelbo': 5.351922988891602}, {'grad_norm': 0.8543497920036316, 'learning_rate': 0.0027, 'step': 3360, 'train_nelbo': 5.008891582489014}, {'grad_norm': 0.9025184512138367, 'learning_rate': 0.0027, 'step': 3570, 'train_nelbo': 5.350776672363281}, {'grad_norm': 1.0973557233810425, 'learning_rate': 0.0018527733755942949, 'step': 3780, 'train_nelbo': 5.435257911682129}, {'grad_norm': 1.026118278503418, 'learning_rate': 0.0009541996830427891, 'step': 3990, 'train_nelbo': 5.113915920257568}, {'grad_norm': 0.8142288327217102, 'learning_rate': 5.56259904912836e-05, 'step': 4200, 'train_nelbo': 4.964155197143555}, {'grad_norm': 0.8648952841758728, 'learning_rate': 0.0, 'step': 4213, 'train_nelbo': 4.930110931396484}]",180.38135046698153,11581920,4,1000000000000000.0,98615296,dense_dual_stream_attention_v1,0.06139528236256197,4.502763271331787,4.930110931396484,0.0027,965920,True,0.3,999897602457600,/root/shakespeare-dLM/scale_to_climbmix/results_curriculum/runs/1e15/1M/p_ar_0p3/result.json,1337,256,True,28,1M,complete,6019,4.954629361629486,4.941303178668022,0.1
19.016016414389014,3578,632,4210,6774240,64,0.043843079381564315,2807,"[{'grad_norm': 31.786727905273438, 'learning_rate': 1.928571428571429e-05, 'step': 1, 'train_nelbo': 7.895812034606934}, {'grad_norm': 1.510178804397583, 'learning_rate': 0.0027, 'step': 140, 'train_nelbo': 6.099343776702881}, {'grad_norm': 1.164711594581604, 'learning_rate': 0.0027, 'step': 280, 'train_nelbo': 5.5819878578186035}, {'grad_norm': 1.1794120073318481, 'learning_rate': 0.0027, 'step': 420, 'train_nelbo': 5.336822509765625}, {'grad_norm': 1.0329896211624146, 'learning_rate': 0.0027, 'step': 560, 'train_nelbo': 5.436032295227051}, {'grad_norm': 0.8656471371650696, 'learning_rate': 0.0027, 'step': 700, 'train_nelbo': 5.3116984367370605}, {'grad_norm': 1.108361005783081, 'learning_rate': 0.0027, 'step': 840, 'train_nelbo': 5.593727111816406}, {'grad_norm': 0.9059680700302124, 'learning_rate': 0.0027, 'step': 980, 'train_nelbo': 5.22771692276001}, {'grad_norm': 1.0398043394088745, 'learning_rate': 0.0027, 'step': 1120, 'train_nelbo': 5.411849021911621}, {'grad_norm': 0.8469986319541931, 'learning_rate': 0.0027, 'step': 1260, 'train_nelbo': 5.399895191192627}, {'grad_norm': 0.7658583521842957, 'learning_rate': 0.0027, 'step': 1400, 'train_nelbo': 5.099810600280762}, {'grad_norm': 1.5996099710464478, 'learning_rate': 0.0027, 'step': 1540, 'train_nelbo': 5.180274486541748}, {'grad_norm': 0.8935033679008484, 'learning_rate': 0.0027, 'step': 1680, 'train_nelbo': 5.382620811462402}, {'grad_norm': 0.857067346572876, 'learning_rate': 0.0027, 'step': 1820, 'train_nelbo': 5.257180690765381}, {'grad_norm': 1.1886705160140991, 'learning_rate': 0.0027, 'step': 1960, 'train_nelbo': 5.163717269897461}, {'grad_norm': 0.9411201477050781, 'learning_rate': 0.0027, 'step': 2100, 'train_nelbo': 5.3014140129089355}, {'grad_norm': 0.8612452149391174, 'learning_rate': 0.0027, 'step': 2240, 'train_nelbo': 5.032125949859619}, {'grad_norm': 0.9693542718887329, 'learning_rate': 0.0027, 'step': 2380, 'train_nelbo': 5.114962577819824}, {'grad_norm': 1.024844765663147, 'learning_rate': 0.001845, 'step': 2520, 'train_nelbo': 5.137633800506592}, {'grad_norm': 1.0599502325057983, 'learning_rate': 0.000945, 'step': 2660, 'train_nelbo': 5.179161548614502}, {'grad_norm': 0.819391667842865, 'learning_rate': 4.5000000000000145e-05, 'step': 2800, 'train_nelbo': 4.934927463531494}, {'grad_norm': 0.8004276752471924, 'learning_rate': 0.0, 'step': 2807, 'train_nelbo': 4.940596103668213}]",123.06752382405102,11581920,4,1000000000000000.0,114966528,dense_dual_stream_attention_v1,0.07157512815053951,4.415294647216797,4.940596103668213,0.0027,965920,True,0.6,999915517378560,/root/shakespeare-dLM/scale_to_climbmix/results_curriculum/runs/1e15/1M/p_ar_0p6/result.json,1337,256,True,28,1M,complete,7017,4.978265926241875,4.9691789001226425,0.1
6.468835943378508,977,172,1149,6774240,64,0.042727243351554166,4597,"[{'grad_norm': 7.326924800872803, 'learning_rate': 1.173913043478261e-05, 'step': 1, 'train_nelbo': 7.492238998413086}, {'grad_norm': 1.2239117622375488, 'learning_rate': 0.0026882608695652176, 'step': 229, 'train_nelbo': 5.838226318359375}, {'grad_norm': 0.9600064158439636, 'learning_rate': 0.0027, 'step': 458, 'train_nelbo': 5.512552261352539}, {'grad_norm': 0.8405601978302002, 'learning_rate': 0.0027, 'step': 687, 'train_nelbo': 5.45301628112793}, {'grad_norm': 0.8392804265022278, 'learning_rate': 0.0027, 'step': 916, 'train_nelbo': 5.532804489135742}, {'grad_norm': 1.0232999324798584, 'learning_rate': 0.0027, 'step': 1145, 'train_nelbo': 5.731489658355713}, {'grad_norm': 0.7936616539955139, 'learning_rate': 0.0027, 'step': 1374, 'train_nelbo': 5.2456254959106445}, {'grad_norm': 0.7668945789337158, 'learning_rate': 0.0027, 'step': 1603, 'train_nelbo': 5.5193071365356445}, {'grad_norm': 0.6407720446586609, 'learning_rate': 0.0027, 'step': 1832, 'train_nelbo': 5.271663188934326}, {'grad_norm': 0.7865967154502869, 'learning_rate': 0.0027, 'step': 2061, 'train_nelbo': 5.25144100189209}, {'grad_norm': 0.7560432553291321, 'learning_rate': 0.0027, 'step': 2290, 'train_nelbo': 5.284187316894531}, {'grad_norm': 0.8736532330513, 'learning_rate': 0.0027, 'step': 2519, 'train_nelbo': 5.253708362579346}, {'grad_norm': 1.2211682796478271, 'learning_rate': 0.0027, 'step': 2748, 'train_nelbo': 5.316021919250488}, {'grad_norm': 0.9697105884552002, 'learning_rate': 0.0027, 'step': 2977, 'train_nelbo': 5.373956680297852}, {'grad_norm': 0.8596407175064087, 'learning_rate': 0.0027, 'step': 3206, 'train_nelbo': 5.369123935699463}, {'grad_norm': 1.1870933771133423, 'learning_rate': 0.0027, 'step': 3435, 'train_nelbo': 5.271125316619873}, {'grad_norm': 1.0422542095184326, 'learning_rate': 0.0027, 'step': 3664, 'train_nelbo': 5.141966342926025}, {'grad_norm': 0.7502568364143372, 'learning_rate': 0.0027, 'step': 3893, 'train_nelbo': 5.093324661254883}, {'grad_norm': 0.8223390579223633, 'learning_rate': 0.0018613933236574748, 'step': 4122, 'train_nelbo': 5.166601181030273}, {'grad_norm': 0.9009377360343933, 'learning_rate': 0.0009640058055152395, 'step': 4351, 'train_nelbo': 5.348050117492676}, {'grad_norm': 0.8530185222625732, 'learning_rate': 6.661828737300428e-05, 'step': 4580, 'train_nelbo': 4.771610260009766}, {'grad_norm': 0.8325371742248535, 'learning_rate': 0.0, 'step': 4597, 'train_nelbo': 4.7873735427856445}]",196.4171376870945,11581920,4,1000000000000000.0,94142464,dense_dual_stream_attention_v1,0.05861061512797493,4.831692695617676,4.7873735427856445,0.0027,965920,True,0.2,999844872192000,/root/shakespeare-dLM/scale_to_climbmix/results_curriculum/runs/1e15/1M/p_ar_0p2/result.json,1337,256,True,28,1M,complete,5746,4.9613034427165985,4.949675038456917,0.1
3.379030187614262,468,82,550,6774240,64,0.042672248160437944,4948,"[{'grad_norm': 10.063223838806152, 'learning_rate': 1.0931174089068826e-05, 'step': 1, 'train_nelbo': 7.709017753601074}, {'grad_norm': 1.2924994230270386, 'learning_rate': 0.0027, 'step': 247, 'train_nelbo': 5.716026306152344}, {'grad_norm': 0.787525475025177, 'learning_rate': 0.0027, 'step': 494, 'train_nelbo': 5.631446838378906}, {'grad_norm': 0.7860116362571716, 'learning_rate': 0.0027, 'step': 741, 'train_nelbo': 5.653520107269287}, {'grad_norm': 0.7237966060638428, 'learning_rate': 0.0027, 'step': 988, 'train_nelbo': 5.511357307434082}, {'grad_norm': 1.5421826839447021, 'learning_rate': 0.0027, 'step': 1235, 'train_nelbo': 5.542819023132324}, {'grad_norm': 0.630620539188385, 'learning_rate': 0.0027, 'step': 1482, 'train_nelbo': 5.290826797485352}, {'grad_norm': 0.6943390965461731, 'learning_rate': 0.0027, 'step': 1729, 'train_nelbo': 5.353877067565918}, {'grad_norm': 0.6613790988922119, 'learning_rate': 0.0027, 'step': 1976, 'train_nelbo': 5.3823957443237305}, {'grad_norm': 0.7481885552406311, 'learning_rate': 0.0027, 'step': 2223, 'train_nelbo': 5.403539657592773}, {'grad_norm': 0.743449866771698, 'learning_rate': 0.0027, 'step': 2470, 'train_nelbo': 5.254872798919678}, {'grad_norm': 0.7636352777481079, 'learning_rate': 0.0027, 'step': 2717, 'train_nelbo': 5.081590175628662}, {'grad_norm': 0.7556928992271423, 'learning_rate': 0.0027, 'step': 2964, 'train_nelbo': 5.263047695159912}, {'grad_norm': 0.8436339497566223, 'learning_rate': 0.0027, 'step': 3211, 'train_nelbo': 5.215631484985352}, {'grad_norm': 0.7716760039329529, 'learning_rate': 0.0027, 'step': 3458, 'train_nelbo': 5.21796989440918}, {'grad_norm': 0.834503710269928, 'learning_rate': 0.0027, 'step': 3705, 'train_nelbo': 4.585102081298828}, {'grad_norm': 0.8413076996803284, 'learning_rate': 0.0027, 'step': 3952, 'train_nelbo': 5.326745510101318}, {'grad_norm': 1.3500580787658691, 'learning_rate': 0.0027, 'step': 4199, 'train_nelbo': 5.2192463874816895}, {'grad_norm': 0.7332519888877869, 'learning_rate': 0.0018291497975708503, 'step': 4446, 'train_nelbo': 5.326438903808594}, {'grad_norm': 0.7576364278793335, 'learning_rate': 0.0009291497975708503, 'step': 4693, 'train_nelbo': 5.100091934204102}, {'grad_norm': 0.8747488856315613, 'learning_rate': 2.914979757085018e-05, 'step': 4940, 'train_nelbo': 4.91502571105957}, {'grad_norm': 1.0242409706115723, 'learning_rate': 0.0, 'step': 4948, 'train_nelbo': 5.160642623901367}]",211.14228389784694,11581920,4,1000000000000000.0,90079232,dense_dual_stream_attention_v1,0.056080954050401345,5.43731689453125,5.160642623901367,0.0027,965920,True,0.1,999967492669440,/root/shakespeare-dLM/scale_to_climbmix/results_curriculum/runs/1e15/1M/p_ar_0p1/result.json,1337,256,True,28,1M,complete,5498,4.976608484983444,4.965997532010078,0.1
13.552293688058853,2149,379,2528,6774240,64,0.04296759121754779,3791,"[{'grad_norm': 13.44228458404541, 'learning_rate': 1.4210526315789475e-05, 'step': 1, 'train_nelbo': 7.705758094787598}, {'grad_norm': 3.6537673473358154, 'learning_rate': 0.0026857894736842104, 'step': 189, 'train_nelbo': 6.32000732421875}, {'grad_norm': 0.9632768630981445, 'learning_rate': 0.0027, 'step': 378, 'train_nelbo': 5.329704284667969}, {'grad_norm': 1.0513567924499512, 'learning_rate': 0.0027, 'step': 567, 'train_nelbo': 5.537972450256348}, {'grad_norm': 0.8159962892532349, 'learning_rate': 0.0027, 'step': 756, 'train_nelbo': 5.359477519989014}, {'grad_norm': 0.9216294288635254, 'learning_rate': 0.0027, 'step': 945, 'train_nelbo': 5.231457710266113}, {'grad_norm': 0.8940166234970093, 'learning_rate': 0.0027, 'step': 1134, 'train_nelbo': 5.300856590270996}, {'grad_norm': 0.8549856543540955, 'learning_rate': 0.0027, 'step': 1323, 'train_nelbo': 5.279304027557373}, {'grad_norm': 0.7724435925483704, 'learning_rate': 0.0027, 'step': 1512, 'train_nelbo': 5.184542655944824}, {'grad_norm': 1.3192802667617798, 'learning_rate': 0.0027, 'step': 1701, 'train_nelbo': 5.240346908569336}, {'grad_norm': 0.8278210759162903, 'learning_rate': 0.0027, 'step': 1890, 'train_nelbo': 5.274604797363281}, {'grad_norm': 0.8695657253265381, 'learning_rate': 0.0027, 'step': 2079, 'train_nelbo': 5.372821807861328}, {'grad_norm': 1.1908385753631592, 'learning_rate': 0.0027, 'step': 2268, 'train_nelbo': 5.252714157104492}, {'grad_norm': 0.906867504119873, 'learning_rate': 0.0027, 'step': 2457, 'train_nelbo': 5.142691612243652}, {'grad_norm': 1.119214653968811, 'learning_rate': 0.0027, 'step': 2646, 'train_nelbo': 5.190752983093262}, {'grad_norm': 0.9938764572143555, 'learning_rate': 0.0027, 'step': 2835, 'train_nelbo': 4.926643371582031}, {'grad_norm': 0.8779386878013611, 'learning_rate': 0.0027, 'step': 3024, 'train_nelbo': 5.051924228668213}, {'grad_norm': 0.806581974029541, 'learning_rate': 0.0027, 'step': 3213, 'train_nelbo': 5.3279314041137695}, {'grad_norm': 1.0053541660308838, 'learning_rate': 0.0018491197183098593, 'step': 3402, 'train_nelbo': 5.077246189117432}, {'grad_norm': 1.0923823118209839, 'learning_rate': 0.0009507042253521126, 'step': 3591, 'train_nelbo': 4.8325700759887695}, {'grad_norm': 1.0731585025787354, 'learning_rate': 5.228873239436628e-05, 'step': 3780, 'train_nelbo': 5.365504264831543}, {'grad_norm': 1.1897835731506348, 'learning_rate': 0.0, 'step': 3791, 'train_nelbo': 5.022168159484863}]",162.89013830572367,11581920,4,1000000000000000.0,103530496,dense_dual_stream_attention_v1,0.06445535624672355,4.483970642089844,5.022168159484863,0.0027,965920,True,0.4,999953816616960,/root/shakespeare-dLM/scale_to_climbmix/results_curriculum/runs/1e15/1M/p_ar_0p4/result.json,1337,256,True,28,1M,complete,6319,4.961445614695549,4.956713482737541,0.1
12.023827604949474,2826,499,3325,6774240,64,0.043248374301352,3325,"[{'grad_norm': 20.265871047973633, 'learning_rate': 1.6265060240963857e-05, 'step': 1, 'train_nelbo': 7.743343353271484}, {'grad_norm': 1.6599429845809937, 'learning_rate': 0.0027, 'step': 166, 'train_nelbo': 5.386135101318359}, {'grad_norm': 1.0981853008270264, 'learning_rate': 0.0027, 'step': 332, 'train_nelbo': 5.540508270263672}, {'grad_norm': 0.937446653842926, 'learning_rate': 0.0027, 'step': 498, 'train_nelbo': 5.227551460266113}, {'grad_norm': 1.1822476387023926, 'learning_rate': 0.0027, 'step': 664, 'train_nelbo': 5.492307186126709}, {'grad_norm': 0.9352257251739502, 'learning_rate': 0.0027, 'step': 830, 'train_nelbo': 5.214519023895264}, {'grad_norm': 0.8203353881835938, 'learning_rate': 0.0027, 'step': 996, 'train_nelbo': 5.380423069000244}, {'grad_norm': 0.899132490158081, 'learning_rate': 0.0027, 'step': 1162, 'train_nelbo': 5.419464111328125}, {'grad_norm': 1.0120680332183838, 'learning_rate': 0.0027, 'step': 1328, 'train_nelbo': 5.443074703216553}, {'grad_norm': 0.9718122482299805, 'learning_rate': 0.0027, 'step': 1494, 'train_nelbo': 5.16796875}, {'grad_norm': 0.9143559336662292, 'learning_rate': 0.0027, 'step': 1660, 'train_nelbo': 5.2161641120910645}, {'grad_norm': 1.310220718383789, 'learning_rate': 0.0027, 'step': 1826, 'train_nelbo': 5.576731204986572}, {'grad_norm': 0.9722424745559692, 'learning_rate': 0.0027, 'step': 1992, 'train_nelbo': 5.160478591918945}, {'grad_norm': 1.0318067073822021, 'learning_rate': 0.0027, 'step': 2158, 'train_nelbo': 5.226662635803223}, {'grad_norm': 0.8891072273254395, 'learning_rate': 0.0027, 'step': 2324, 'train_nelbo': 5.193999767303467}, {'grad_norm': 0.8290208578109741, 'learning_rate': 0.0027, 'step': 2490, 'train_nelbo': 5.31362247467041}, {'grad_norm': 1.023033618927002, 'learning_rate': 0.0027, 'step': 2656, 'train_nelbo': 5.188586711883545}, {'grad_norm': 1.116629719734192, 'learning_rate': 0.0027, 'step': 2822, 'train_nelbo': 5.449310302734375}, {'grad_norm': 0.9540988802909851, 'learning_rate': 0.0018271084337349397, 'step': 2988, 'train_nelbo': 5.270227432250977}, {'grad_norm': 1.7369978427886963, 'learning_rate': 0.00092710843373494, 'step': 3154, 'train_nelbo': 5.4363627433776855}, {'grad_norm': 0.9235848188400269, 'learning_rate': 2.71084337349398e-05, 'step': 3320, 'train_nelbo': 5.033621311187744}, {'grad_norm': 0.8299843668937683, 'learning_rate': 0.0, 'step': 3325, 'train_nelbo': 5.059573173522949}]",143.8008445519954,11581920,4,1000000000000000.0,108953600,dense_dual_stream_attention_v1,0.06783163776558183,4.47714900970459,5.059573173522949,0.0027,965920,True,0.5,999984857088000,/root/shakespeare-dLM/scale_to_climbmix/results_curriculum/runs/1e15/1M/p_ar_0p5/result.json,1337,256,True,28,1M,complete,6650,4.971588239073753,4.958168834447861,0.1
4.782178102992475,310,55,365,28367712,64,0.1436423287286935,853,"[{'grad_norm': 17.6854248046875, 'learning_rate': 6.27906976744186e-05, 'step': 1, 'train_nelbo': 7.66900634765625}, {'grad_norm': 0.6251224279403687, 'learning_rate': 0.0026372093023255814, 'step': 42, 'train_nelbo': 6.573062896728516}, {'grad_norm': 0.5892364978790283, 'learning_rate': 0.0027, 'step': 84, 'train_nelbo': 6.522944927215576}, {'grad_norm': 0.37218502163887024, 'learning_rate': 0.0027, 'step': 126, 'train_nelbo': 6.144166469573975}, {'grad_norm': 0.5716859698295593, 'learning_rate': 0.0027, 'step': 168, 'train_nelbo': 6.334787368774414}, {'grad_norm': 0.41409245133399963, 'learning_rate': 0.0027, 'step': 210, 'train_nelbo': 6.183265686035156}, {'grad_norm': 0.7051423788070679, 'learning_rate': 0.0027, 'step': 252, 'train_nelbo': 6.278651714324951}, {'grad_norm': 0.3444307744503021, 'learning_rate': 0.0027, 'step': 294, 'train_nelbo': 5.941505432128906}, {'grad_norm': 0.40894174575805664, 'learning_rate': 0.0027, 'step': 336, 'train_nelbo': 6.105342388153076}, {'grad_norm': 0.4339711368083954, 'learning_rate': 0.0027, 'step': 378, 'train_nelbo': 6.200072765350342}, {'grad_norm': 0.4537230134010315, 'learning_rate': 0.0027, 'step': 420, 'train_nelbo': 6.029410362243652}, {'grad_norm': 0.4350261986255646, 'learning_rate': 0.0027, 'step': 462, 'train_nelbo': 6.019880294799805}, {'grad_norm': 0.43068045377731323, 'learning_rate': 0.0027, 'step': 504, 'train_nelbo': 6.113672256469727}, {'grad_norm': 0.5632592439651489, 'learning_rate': 0.0027, 'step': 546, 'train_nelbo': 6.270456790924072}, {'grad_norm': 0.4599328637123108, 'learning_rate': 0.0027, 'step': 588, 'train_nelbo': 5.666993618011475}, {'grad_norm': 0.38166695833206177, 'learning_rate': 0.0027, 'step': 630, 'train_nelbo': 5.929298400878906}, {'grad_norm': 0.34190449118614197, 'learning_rate': 0.0027, 'step': 672, 'train_nelbo': 5.736704349517822}, {'grad_norm': 0.40675193071365356, 'learning_rate': 0.0027, 'step': 714, 'train_nelbo': 5.958165168762207}, {'grad_norm': 0.4263593852519989, 'learning_rate': 0.002062204724409449, 'step': 756, 'train_nelbo': 5.767435073852539}, {'grad_norm': 0.4228072762489319, 'learning_rate': 0.0011692913385826773, 'step': 798, 'train_nelbo': 5.635047912597656}, {'grad_norm': 0.36754652857780457, 'learning_rate': 0.00027637795275590565, 'step': 840, 'train_nelbo': 5.586750030517578}, {'grad_norm': 0.341153621673584, 'learning_rate': 0.0, 'step': 853, 'train_nelbo': 5.631845474243164}]",122.52690640557557,59388768,4,1000000000000000.0,19955712,dense_dual_stream_attention_v1,0.012423899969696043,6.106873989105225,5.631845474243164,0.0027,3920256,True,0.3,999634271993856,/root/shakespeare-dLM/scale_to_climbmix/results_curriculum/runs/1e15/4M/p_ar_0p3/result.json,1337,256,True,5,4M,complete,1218,5.748862385749817,5.769718408584595,0.1
10.101684195920825,763,135,898,28367712,64,0.14432690498795997,598,"[{'grad_norm': 16.765060424804688, 'learning_rate': 9e-05, 'step': 1, 'train_nelbo': 7.556195259094238}, {'grad_norm': 1.2403767108917236, 'learning_rate': 0.0026100000000000003, 'step': 29, 'train_nelbo': 6.466665744781494}, {'grad_norm': 0.7343809008598328, 'learning_rate': 0.0027, 'step': 58, 'train_nelbo': 6.065887928009033}, {'grad_norm': 0.8137590289115906, 'learning_rate': 0.0027, 'step': 87, 'train_nelbo': 6.169072151184082}, {'grad_norm': 0.543401837348938, 'learning_rate': 0.0027, 'step': 116, 'train_nelbo': 5.912181854248047}, {'grad_norm': 0.5139281153678894, 'learning_rate': 0.0027, 'step': 145, 'train_nelbo': 5.812970161437988}, {'grad_norm': 0.5779191255569458, 'learning_rate': 0.0027, 'step': 174, 'train_nelbo': 5.798815727233887}, {'grad_norm': 0.49131304025650024, 'learning_rate': 0.0027, 'step': 203, 'train_nelbo': 6.112575531005859}, {'grad_norm': 0.6913531422615051, 'learning_rate': 0.0027, 'step': 232, 'train_nelbo': 5.501989364624023}, {'grad_norm': 0.525577962398529, 'learning_rate': 0.0027, 'step': 261, 'train_nelbo': 5.778554916381836}, {'grad_norm': 0.713893711566925, 'learning_rate': 0.0027, 'step': 290, 'train_nelbo': 5.700682640075684}, {'grad_norm': 0.46268314123153687, 'learning_rate': 0.0027, 'step': 319, 'train_nelbo': 5.724481582641602}, {'grad_norm': 0.514845609664917, 'learning_rate': 0.0027, 'step': 348, 'train_nelbo': 5.805112361907959}, {'grad_norm': 0.4729415774345398, 'learning_rate': 0.0027, 'step': 377, 'train_nelbo': 5.6879496574401855}, {'grad_norm': 0.44942158460617065, 'learning_rate': 0.0027, 'step': 406, 'train_nelbo': 5.675473213195801}, {'grad_norm': 0.4056415855884552, 'learning_rate': 0.0027, 'step': 435, 'train_nelbo': 5.730062484741211}, {'grad_norm': 0.6076202988624573, 'learning_rate': 0.0027, 'step': 464, 'train_nelbo': 5.5041937828063965}, {'grad_norm': 0.4582240879535675, 'learning_rate': 0.0027, 'step': 493, 'train_nelbo': 5.767399311065674}, {'grad_norm': 0.4650075137615204, 'learning_rate': 0.00230561797752809, 'step': 522, 'train_nelbo': 5.715061187744141}, {'grad_norm': 0.38073697686195374, 'learning_rate': 0.0014258426966292134, 'step': 551, 'train_nelbo': 5.620731830596924}, {'grad_norm': 0.4750969707965851, 'learning_rate': 0.0005460674157303372, 'step': 580, 'train_nelbo': 5.447551727294922}, {'grad_norm': 0.43593263626098633, 'learning_rate': 0.0, 'step': 598, 'train_nelbo': 5.736667633056641}]",86.30748918280005,59388768,4,1000000000000000.0,24510464,dense_dual_stream_attention_v1,0.015259568435685779,5.148828983306885,5.736667633056641,0.0027,3920256,True,0.6,999238674677760,/root/shakespeare-dLM/scale_to_climbmix/results_curriculum/runs/1e15/4M/p_ar_0p6/result.json,1337,256,True,5,4M,complete,1496,5.503469064831734,5.50249283015728,0.1
2.1044255681335926,195,34,229,28367712,64,0.14006895684253642,918,"[{'grad_norm': 10.394302368164062, 'learning_rate': 5.8695652173913045e-05, 'step': 1, 'train_nelbo': 7.474996566772461}, {'grad_norm': 0.6684157848358154, 'learning_rate': 0.002641304347826087, 'step': 45, 'train_nelbo': 6.597012042999268}, {'grad_norm': 0.5371789932250977, 'learning_rate': 0.0027, 'step': 90, 'train_nelbo': 6.606485843658447}, {'grad_norm': 0.3731206953525543, 'learning_rate': 0.0027, 'step': 135, 'train_nelbo': 6.468501091003418}, {'grad_norm': 0.39209070801734924, 'learning_rate': 0.0027, 'step': 180, 'train_nelbo': 6.296910285949707}, {'grad_norm': 0.44352322816848755, 'learning_rate': 0.0027, 'step': 225, 'train_nelbo': 6.291280746459961}, {'grad_norm': 0.3488382399082184, 'learning_rate': 0.0027, 'step': 270, 'train_nelbo': 6.124792098999023}, {'grad_norm': 0.4239157736301422, 'learning_rate': 0.0027, 'step': 315, 'train_nelbo': 6.436178207397461}, {'grad_norm': 0.5322765111923218, 'learning_rate': 0.0027, 'step': 360, 'train_nelbo': 6.419760704040527}, {'grad_norm': 0.3433070480823517, 'learning_rate': 0.0027, 'step': 405, 'train_nelbo': 6.303994178771973}, {'grad_norm': 0.37001359462738037, 'learning_rate': 0.0027, 'step': 450, 'train_nelbo': 6.3325982093811035}, {'grad_norm': 0.37935927510261536, 'learning_rate': 0.0027, 'step': 495, 'train_nelbo': 6.018120765686035}, {'grad_norm': 0.4173974394798279, 'learning_rate': 0.0027, 'step': 540, 'train_nelbo': 6.0827836990356445}, {'grad_norm': 0.4324159622192383, 'learning_rate': 0.0027, 'step': 585, 'train_nelbo': 6.069528579711914}, {'grad_norm': 0.33321481943130493, 'learning_rate': 0.0027, 'step': 630, 'train_nelbo': 6.078851699829102}, {'grad_norm': 0.5880017876625061, 'learning_rate': 0.0027, 'step': 675, 'train_nelbo': 6.127374649047852}, {'grad_norm': 0.36464524269104004, 'learning_rate': 0.0027, 'step': 720, 'train_nelbo': 6.24476957321167}, {'grad_norm': 0.43443140387535095, 'learning_rate': 0.0027, 'step': 765, 'train_nelbo': 6.228000640869141}, {'grad_norm': 0.41201746463775635, 'learning_rate': 0.0021284671532846716, 'step': 810, 'train_nelbo': 5.955183982849121}, {'grad_norm': 0.5230941772460938, 'learning_rate': 0.0012416058394160584, 'step': 855, 'train_nelbo': 5.848663330078125}, {'grad_norm': 0.4371546506881714, 'learning_rate': 0.0003547445255474451, 'step': 900, 'train_nelbo': 6.084266662597656}, {'grad_norm': 0.424264132976532, 'learning_rate': 0.0, 'step': 918, 'train_nelbo': 5.906300067901611}]",128.58330238144845,59388768,4,1000000000000000.0,18792448,dense_dual_stream_attention_v1,0.0116996824837778,6.114833831787109,5.906300067901611,0.0027,3920256,True,0.2,999671317659648,/root/shakespeare-dLM/scale_to_climbmix/results_curriculum/runs/1e15/4M/p_ar_0p2/result.json,1337,256,True,5,4M,complete,1147,5.822326570749283,5.846271857619286,0.1
1.6150183575227857,92,16,108,28367712,64,0.13408868224455472,976,"[{'grad_norm': 8.595746040344238, 'learning_rate': 5.510204081632653e-05, 'step': 1, 'train_nelbo': 7.603741645812988}, {'grad_norm': 1.0049420595169067, 'learning_rate': 0.0026448979591836732, 'step': 48, 'train_nelbo': 6.917084693908691}, {'grad_norm': 0.4610458016395569, 'learning_rate': 0.0027, 'step': 96, 'train_nelbo': 6.876839637756348}, {'grad_norm': 0.39076879620552063, 'learning_rate': 0.0027, 'step': 144, 'train_nelbo': 6.760324478149414}, {'grad_norm': 0.6786888241767883, 'learning_rate': 0.0027, 'step': 192, 'train_nelbo': 6.866365909576416}, {'grad_norm': 0.5187252759933472, 'learning_rate': 0.0027, 'step': 240, 'train_nelbo': 6.7661309242248535}, {'grad_norm': 0.43139415979385376, 'learning_rate': 0.0027, 'step': 288, 'train_nelbo': 6.528329849243164}, {'grad_norm': 0.7145097851753235, 'learning_rate': 0.0027, 'step': 336, 'train_nelbo': 6.448441028594971}, {'grad_norm': 0.37604811787605286, 'learning_rate': 0.0027, 'step': 384, 'train_nelbo': 6.526196479797363}, {'grad_norm': 0.6368736624717712, 'learning_rate': 0.0027, 'step': 432, 'train_nelbo': 6.460614204406738}, {'grad_norm': 0.40961703658103943, 'learning_rate': 0.0027, 'step': 480, 'train_nelbo': 6.556830406188965}, {'grad_norm': 0.4239121973514557, 'learning_rate': 0.0027, 'step': 528, 'train_nelbo': 6.397828102111816}, {'grad_norm': 0.40177249908447266, 'learning_rate': 0.0027, 'step': 576, 'train_nelbo': 6.015748023986816}, {'grad_norm': 0.438747763633728, 'learning_rate': 0.0027, 'step': 624, 'train_nelbo': 6.2092814445495605}, {'grad_norm': 0.3577863872051239, 'learning_rate': 0.0027, 'step': 672, 'train_nelbo': 5.906435012817383}, {'grad_norm': 0.338094562292099, 'learning_rate': 0.0027, 'step': 720, 'train_nelbo': 6.297232627868652}, {'grad_norm': 0.39385199546813965, 'learning_rate': 0.0027, 'step': 768, 'train_nelbo': 5.808329105377197}, {'grad_norm': 0.4229058623313904, 'learning_rate': 0.0027, 'step': 816, 'train_nelbo': 6.217555046081543}, {'grad_norm': 0.4923357665538788, 'learning_rate': 0.0020855172413793105, 'step': 864, 'train_nelbo': 6.123758316040039}, {'grad_norm': 0.4284018874168396, 'learning_rate': 0.0011917241379310346, 'step': 912, 'train_nelbo': 5.9586334228515625}, {'grad_norm': 0.4826723337173462, 'learning_rate': 0.00029793103448275864, 'step': 960, 'train_nelbo': 6.000973224639893}, {'grad_norm': 0.3528873324394226, 'learning_rate': 0.0, 'step': 976, 'train_nelbo': 5.7642822265625}]",130.8705538706854,59388768,4,1000000000000000.0,17760256,dense_dual_stream_attention_v1,0.011057066968103867,6.457226276397705,5.7642822265625,0.0027,3920256,True,0.1,999868833202176,/root/shakespeare-dLM/scale_to_climbmix/results_curriculum/runs/1e15/4M/p_ar_0p1/result.json,1337,256,True,5,4M,complete,1084,5.891021683812141,5.920898020267487,0.1
6.912520796991885,442,78,520,28367712,64,0.14406291477559122,779,"[{'grad_norm': 34.639522552490234, 'learning_rate': 6.923076923076924e-05, 'step': 1, 'train_nelbo': 7.736477375030518}, {'grad_norm': 1.0482711791992188, 'learning_rate': 0.0026307692307692312, 'step': 38, 'train_nelbo': 6.409364700317383}, {'grad_norm': 0.5096834897994995, 'learning_rate': 0.0027, 'step': 76, 'train_nelbo': 6.230712890625}, {'grad_norm': 0.40914660692214966, 'learning_rate': 0.0027, 'step': 114, 'train_nelbo': 6.293135643005371}, {'grad_norm': 0.4044026732444763, 'learning_rate': 0.0027, 'step': 152, 'train_nelbo': 6.34331750869751}, {'grad_norm': 0.5082135796546936, 'learning_rate': 0.0027, 'step': 190, 'train_nelbo': 6.080611705780029}, {'grad_norm': 0.402360200881958, 'learning_rate': 0.0027, 'step': 228, 'train_nelbo': 5.952701568603516}, {'grad_norm': 0.6201719045639038, 'learning_rate': 0.0027, 'step': 266, 'train_nelbo': 6.138462543487549}, {'grad_norm': 0.4372033476829529, 'learning_rate': 0.0027, 'step': 304, 'train_nelbo': 5.992043495178223}, {'grad_norm': 0.5189394354820251, 'learning_rate': 0.0027, 'step': 342, 'train_nelbo': 6.330079078674316}, {'grad_norm': 0.5118680000305176, 'learning_rate': 0.0027, 'step': 380, 'train_nelbo': 5.84355354309082}, {'grad_norm': 0.45300939679145813, 'learning_rate': 0.0027, 'step': 418, 'train_nelbo': 5.976640701293945}, {'grad_norm': 0.3624160885810852, 'learning_rate': 0.0027, 'step': 456, 'train_nelbo': 5.792600154876709}, {'grad_norm': 0.4139013886451721, 'learning_rate': 0.0027, 'step': 494, 'train_nelbo': 5.901991367340088}, {'grad_norm': 0.5297135710716248, 'learning_rate': 0.0027, 'step': 532, 'train_nelbo': 6.1922101974487305}, {'grad_norm': 0.43748030066490173, 'learning_rate': 0.0027, 'step': 570, 'train_nelbo': 5.893013000488281}, {'grad_norm': 0.5111747980117798, 'learning_rate': 0.0027, 'step': 608, 'train_nelbo': 5.925603866577148}, {'grad_norm': 0.5108291506767273, 'learning_rate': 0.0027, 'step': 646, 'train_nelbo': 5.694546699523926}, {'grad_norm': 0.3928639590740204, 'learning_rate': 0.002211206896551724, 'step': 684, 'train_nelbo': 5.777036190032959}, {'grad_norm': 0.5673924088478088, 'learning_rate': 0.0013267241379310347, 'step': 722, 'train_nelbo': 5.815625190734863}, {'grad_norm': 0.33402398228645325, 'learning_rate': 0.00044224137931034497, 'step': 760, 'train_nelbo': 5.460238456726074}, {'grad_norm': 0.6407272219657898, 'learning_rate': 0.0, 'step': 779, 'train_nelbo': 5.608521938323975}]",112.22501061018556,59388768,4,1000000000000000.0,21282816,dense_dual_stream_attention_v1,0.01325011991841967,5.603775978088379,5.608521938323975,0.0027,3920256,True,0.4,999670751428608,/root/shakespeare-dLM/scale_to_climbmix/results_curriculum/runs/1e15/4M/p_ar_0p4/result.json,1337,256,True,5,4M,complete,1299,5.630444407463074,5.655277907848358,0.1
5.599859387613833,592,104,696,28367712,64,0.1413536505130448,695,"[{'grad_norm': 30.481626510620117, 'learning_rate': 7.714285714285715e-05, 'step': 1, 'train_nelbo': 7.538687229156494}, {'grad_norm': 0.46034273505210876, 'learning_rate': 0.002622857142857143, 'step': 34, 'train_nelbo': 6.405961990356445}, {'grad_norm': 0.5491957068443298, 'learning_rate': 0.0027, 'step': 68, 'train_nelbo': 6.012174606323242}, {'grad_norm': 0.5655852556228638, 'learning_rate': 0.0027, 'step': 102, 'train_nelbo': 6.1106438636779785}, {'grad_norm': 0.40491801500320435, 'learning_rate': 0.0027, 'step': 136, 'train_nelbo': 6.033811569213867}, {'grad_norm': 0.5226569771766663, 'learning_rate': 0.0027, 'step': 170, 'train_nelbo': 6.2203779220581055}, {'grad_norm': 0.45075270533561707, 'learning_rate': 0.0027, 'step': 204, 'train_nelbo': 5.8121232986450195}, {'grad_norm': 0.5207213163375854, 'learning_rate': 0.0027, 'step': 238, 'train_nelbo': 6.2227325439453125}, {'grad_norm': 0.44685685634613037, 'learning_rate': 0.0027, 'step': 272, 'train_nelbo': 5.91558837890625}, {'grad_norm': 0.42849594354629517, 'learning_rate': 0.0027, 'step': 306, 'train_nelbo': 6.038361549377441}, {'grad_norm': 0.45465925335884094, 'learning_rate': 0.0027, 'step': 340, 'train_nelbo': 5.955785751342773}, {'grad_norm': 0.47087255120277405, 'learning_rate': 0.0027, 'step': 374, 'train_nelbo': 5.685264587402344}, {'grad_norm': 0.3630965054035187, 'learning_rate': 0.0027, 'step': 408, 'train_nelbo': 5.513762474060059}, {'grad_norm': 0.5114361643791199, 'learning_rate': 0.0027, 'step': 442, 'train_nelbo': 6.094481468200684}, {'grad_norm': 0.43771979212760925, 'learning_rate': 0.0027, 'step': 476, 'train_nelbo': 5.850034713745117}, {'grad_norm': 0.48011258244514465, 'learning_rate': 0.0027, 'step': 510, 'train_nelbo': 5.7957916259765625}, {'grad_norm': 0.4549291133880615, 'learning_rate': 0.0027, 'step': 544, 'train_nelbo': 5.828921318054199}, {'grad_norm': 0.4559713900089264, 'learning_rate': 0.0027, 'step': 578, 'train_nelbo': 5.556439399719238}, {'grad_norm': 0.47033271193504333, 'learning_rate': 0.0021757281553398057, 'step': 612, 'train_nelbo': 5.690072059631348}, {'grad_norm': 0.3930303156375885, 'learning_rate': 0.0012844660194174758, 'step': 646, 'train_nelbo': 5.725079536437988}, {'grad_norm': 0.4439265727996826, 'learning_rate': 0.00039320388349514576, 'step': 680, 'train_nelbo': 5.629459381103516}, {'grad_norm': 0.42974427342414856, 'learning_rate': 0.0, 'step': 695, 'train_nelbo': 5.631782531738281}]",98.24078710656613,59388768,4,1000000000000000.0,22790144,dense_dual_stream_attention_v1,0.014188542576229224,5.3056535720825195,5.631782531738281,0.0027,3920256,True,0.5,999737283575808,/root/shakespeare-dLM/scale_to_climbmix/results_curriculum/runs/1e15/4M/p_ar_0p5/result.json,1337,256,True,5,4M,complete,1391,5.567534729838371,5.573900192975998,0.1
2.1506671281531453,159,28,187,55512288,64,0.19168812727316395,436,"[{'grad_norm': 48.347259521484375, 'learning_rate': 0.00012272727272727272, 'step': 1, 'train_nelbo': 7.6237263679504395}, {'grad_norm': 0.7679805159568787, 'learning_rate': 0.002577272727272727, 'step': 21, 'train_nelbo': 6.889445781707764}, {'grad_norm': 0.5343839526176453, 'learning_rate': 0.0027, 'step': 42, 'train_nelbo': 6.801746845245361}, {'grad_norm': 0.41485729813575745, 'learning_rate': 0.0027, 'step': 63, 'train_nelbo': 6.796417713165283}, {'grad_norm': 0.3750707507133484, 'learning_rate': 0.0027, 'step': 84, 'train_nelbo': 6.487360000610352}, {'grad_norm': 0.469277560710907, 'learning_rate': 0.0027, 'step': 105, 'train_nelbo': 6.819136619567871}, {'grad_norm': 0.4894390404224396, 'learning_rate': 0.0027, 'step': 126, 'train_nelbo': 6.278172016143799}, {'grad_norm': 0.3015328645706177, 'learning_rate': 0.0027, 'step': 147, 'train_nelbo': 6.552943706512451}, {'grad_norm': 0.3706989288330078, 'learning_rate': 0.0027, 'step': 168, 'train_nelbo': 6.568899154663086}, {'grad_norm': 1.0255622863769531, 'learning_rate': 0.0027, 'step': 189, 'train_nelbo': 7.127328395843506}, {'grad_norm': 0.3805546164512634, 'learning_rate': 0.0027, 'step': 210, 'train_nelbo': 6.2975006103515625}, {'grad_norm': 0.3619404137134552, 'learning_rate': 0.0027, 'step': 231, 'train_nelbo': 6.298859596252441}, {'grad_norm': 1.171197533607483, 'learning_rate': 0.0027, 'step': 252, 'train_nelbo': 6.429743766784668}, {'grad_norm': 0.4609491229057312, 'learning_rate': 0.0027, 'step': 273, 'train_nelbo': 6.226226329803467}, {'grad_norm': 0.32334232330322266, 'learning_rate': 0.0027, 'step': 294, 'train_nelbo': 6.345656394958496}, {'grad_norm': 0.5129454731941223, 'learning_rate': 0.0027, 'step': 315, 'train_nelbo': 6.295058250427246}, {'grad_norm': 0.41038113832473755, 'learning_rate': 0.0027, 'step': 336, 'train_nelbo': 6.272531032562256}, {'grad_norm': 0.4289764165878296, 'learning_rate': 0.0027, 'step': 357, 'train_nelbo': 6.394015312194824}, {'grad_norm': 0.3734895884990692, 'learning_rate': 0.0024468750000000003, 'step': 378, 'train_nelbo': 6.195766448974609}, {'grad_norm': 0.3383692502975464, 'learning_rate': 0.0015609375, 'step': 399, 'train_nelbo': 6.389033317565918}, {'grad_norm': 0.7301691174507141, 'learning_rate': 0.000675, 'step': 420, 'train_nelbo': 6.280071258544922}, {'grad_norm': 0.3463682532310486, 'learning_rate': 0.0, 'step': 436, 'train_nelbo': 6.181063652038574}]",83.57602349109948,116135136,4,1000000000000000.0,10207232,dense_dual_stream_attention_v1,0.006354753432775561,6.114891052246094,6.181063652038574,0.0027,7979296,True,0.3,999681509818368,/root/shakespeare-dLM/scale_to_climbmix/results_curriculum/runs/1e15/8M/p_ar_0p3/result.json,1337,256,True,3,8M,complete,623,6.169663101434708,6.184053495526314,0.1
7.938141123391688,390,69,459,55512288,64,0.2072070984023751,306,"[{'grad_norm': 57.2672004699707, 'learning_rate': 0.00018, 'step': 1, 'train_nelbo': 7.835803985595703}, {'grad_norm': 2.027628183364868, 'learning_rate': 0.0027, 'step': 15, 'train_nelbo': 6.388798713684082}, {'grad_norm': 0.4794503152370453, 'learning_rate': 0.0027, 'step': 30, 'train_nelbo': 6.553684234619141}, {'grad_norm': 0.4513046443462372, 'learning_rate': 0.0027, 'step': 45, 'train_nelbo': 6.361241817474365}, {'grad_norm': 0.44845834374427795, 'learning_rate': 0.0027, 'step': 60, 'train_nelbo': 6.493460655212402}, {'grad_norm': 0.4159723222255707, 'learning_rate': 0.0027, 'step': 75, 'train_nelbo': 6.220640182495117}, {'grad_norm': 0.5009364485740662, 'learning_rate': 0.0027, 'step': 90, 'train_nelbo': 6.4200968742370605}, {'grad_norm': 0.46314558386802673, 'learning_rate': 0.0027, 'step': 105, 'train_nelbo': 6.253650665283203}, {'grad_norm': 0.4763067364692688, 'learning_rate': 0.0027, 'step': 120, 'train_nelbo': 6.468448638916016}, {'grad_norm': 0.9157055020332336, 'learning_rate': 0.0027, 'step': 135, 'train_nelbo': 6.411533355712891}, {'grad_norm': 0.6144626140594482, 'learning_rate': 0.0027, 'step': 150, 'train_nelbo': 6.536425590515137}, {'grad_norm': 0.34628230333328247, 'learning_rate': 0.0027, 'step': 165, 'train_nelbo': 6.156744003295898}, {'grad_norm': 0.3566916286945343, 'learning_rate': 0.0027, 'step': 180, 'train_nelbo': 6.044668674468994}, {'grad_norm': 0.4232875108718872, 'learning_rate': 0.0027, 'step': 195, 'train_nelbo': 6.210139274597168}, {'grad_norm': 0.3401208817958832, 'learning_rate': 0.0027, 'step': 210, 'train_nelbo': 5.883296012878418}, {'grad_norm': 0.3984055817127228, 'learning_rate': 0.0027, 'step': 225, 'train_nelbo': 6.168905258178711}, {'grad_norm': 0.35598087310791016, 'learning_rate': 0.0027, 'step': 240, 'train_nelbo': 6.205991744995117}, {'grad_norm': 0.31168290972709656, 'learning_rate': 0.0027, 'step': 255, 'train_nelbo': 6.040314674377441}, {'grad_norm': 0.3726455867290497, 'learning_rate': 0.00216, 'step': 270, 'train_nelbo': 5.933379650115967}, {'grad_norm': 0.43965139985084534, 'learning_rate': 0.00126, 'step': 285, 'train_nelbo': 6.201108932495117}, {'grad_norm': 0.42030712962150574, 'learning_rate': 0.0003599999999999999, 'step': 300, 'train_nelbo': 6.0031843185424805}, {'grad_norm': 0.3267882466316223, 'learning_rate': 0.0, 'step': 306, 'train_nelbo': 5.979772567749023}]",63.40537211112678,116135136,4,1000000000000000.0,12533760,dense_dual_stream_attention_v1,0.007803188404612046,5.773523330688477,5.979772567749023,0.0027,7979296,True,0.6,999710585782272,/root/shakespeare-dLM/scale_to_climbmix/results_curriculum/runs/1e15/8M/p_ar_0p6/result.json,1337,256,True,3,8M,complete,765,6.0004584938287735,6.023411884903908,0.1
2.552832320332527,99,18,117,55512288,64,0.20264411780999095,469,"[{'grad_norm': 32.823814392089844, 'learning_rate': 0.00011739130434782609, 'step': 1, 'train_nelbo': 7.5922956466674805}, {'grad_norm': 0.5694659352302551, 'learning_rate': 0.0027, 'step': 23, 'train_nelbo': 7.043524742126465}, {'grad_norm': 0.44783681631088257, 'learning_rate': 0.0027, 'step': 46, 'train_nelbo': 7.238224983215332}, {'grad_norm': 0.41335856914520264, 'learning_rate': 0.0027, 'step': 69, 'train_nelbo': 6.894701957702637}, {'grad_norm': 0.37496218085289, 'learning_rate': 0.0027, 'step': 92, 'train_nelbo': 6.579720497131348}, {'grad_norm': 0.4431747794151306, 'learning_rate': 0.0027, 'step': 115, 'train_nelbo': 6.884583950042725}, {'grad_norm': 0.3861234188079834, 'learning_rate': 0.0027, 'step': 138, 'train_nelbo': 6.608796119689941}, {'grad_norm': 0.3477506935596466, 'learning_rate': 0.0027, 'step': 161, 'train_nelbo': 6.7170562744140625}, {'grad_norm': 0.3638189435005188, 'learning_rate': 0.0027, 'step': 184, 'train_nelbo': 6.720472812652588}, {'grad_norm': 0.5640388131141663, 'learning_rate': 0.0027, 'step': 207, 'train_nelbo': 6.989269733428955}, {'grad_norm': 0.3781067430973053, 'learning_rate': 0.0027, 'step': 230, 'train_nelbo': 6.664622783660889}, {'grad_norm': 0.526826024055481, 'learning_rate': 0.0027, 'step': 253, 'train_nelbo': 6.49895715713501}, {'grad_norm': 0.3949451744556427, 'learning_rate': 0.0027, 'step': 276, 'train_nelbo': 6.601301193237305}, {'grad_norm': 0.4102715849876404, 'learning_rate': 0.0027, 'step': 299, 'train_nelbo': 6.586324691772461}, {'grad_norm': 0.35253772139549255, 'learning_rate': 0.0027, 'step': 322, 'train_nelbo': 6.303937911987305}, {'grad_norm': 0.5412533283233643, 'learning_rate': 0.0027, 'step': 345, 'train_nelbo': 6.61878776550293}, {'grad_norm': 0.39451244473457336, 'learning_rate': 0.0027, 'step': 368, 'train_nelbo': 6.520394325256348}, {'grad_norm': 0.34783273935317993, 'learning_rate': 0.0027, 'step': 391, 'train_nelbo': 6.0765461921691895}, {'grad_norm': 0.4021826386451721, 'learning_rate': 0.0021521739130434783, 'step': 414, 'train_nelbo': 6.342167854309082}, {'grad_norm': 0.32738563418388367, 'learning_rate': 0.0012521739130434782, 'step': 437, 'train_nelbo': 6.286352634429932}, {'grad_norm': 0.5392293334007263, 'learning_rate': 0.00035217391304347834, 'step': 460, 'train_nelbo': 6.281217098236084}, {'grad_norm': 0.3811948597431183, 'learning_rate': 0.0, 'step': 469, 'train_nelbo': 6.630521774291992}]",95.04009125288576,116135136,4,1000000000000000.0,9601024,dense_dual_stream_attention_v1,0.005977344320395633,6.691118240356445,6.630521774291992,0.0027,7979296,True,0.2,998806593208320,/root/shakespeare-dLM/scale_to_climbmix/results_curriculum/runs/1e15/8M/p_ar_0p2/result.json,1337,256,True,3,8M,complete,586,6.217935502529144,6.263032183051109,0.1
1.1882731979712844,47,8,55,55512288,64,0.2023921807843423,499,"[{'grad_norm': 0.8781974911689758, 'learning_rate': 0.00010800000000000001, 'step': 1, 'train_nelbo': 7.363468170166016}, {'grad_norm': 0.5118029713630676, 'learning_rate': 0.0025919999999999997, 'step': 24, 'train_nelbo': 7.325707912445068}, {'grad_norm': 0.462155818939209, 'learning_rate': 0.0027, 'step': 48, 'train_nelbo': 7.291546821594238}, {'grad_norm': 0.38161757588386536, 'learning_rate': 0.0027, 'step': 72, 'train_nelbo': 7.087381362915039}, {'grad_norm': 0.3706234395503998, 'learning_rate': 0.0027, 'step': 96, 'train_nelbo': 7.577539443969727}, {'grad_norm': 0.35670536756515503, 'learning_rate': 0.0027, 'step': 120, 'train_nelbo': 6.888230800628662}, {'grad_norm': 0.6078013181686401, 'learning_rate': 0.0027, 'step': 144, 'train_nelbo': 7.0685038566589355}, {'grad_norm': 0.39791053533554077, 'learning_rate': 0.0027, 'step': 168, 'train_nelbo': 7.030743598937988}, {'grad_norm': 0.48991695046424866, 'learning_rate': 0.0027, 'step': 192, 'train_nelbo': 7.139561653137207}, {'grad_norm': 0.35635730624198914, 'learning_rate': 0.0027, 'step': 216, 'train_nelbo': 6.52058744430542}, {'grad_norm': 0.37121057510375977, 'learning_rate': 0.0027, 'step': 240, 'train_nelbo': 6.880287170410156}, {'grad_norm': 0.5043144226074219, 'learning_rate': 0.0027, 'step': 264, 'train_nelbo': 6.646143913269043}, {'grad_norm': 0.30735325813293457, 'learning_rate': 0.0027, 'step': 288, 'train_nelbo': 6.673149108886719}, {'grad_norm': 0.41615912318229675, 'learning_rate': 0.0027, 'step': 312, 'train_nelbo': 6.488651275634766}, {'grad_norm': 0.3807128965854645, 'learning_rate': 0.0027, 'step': 336, 'train_nelbo': 6.614508628845215}, {'grad_norm': 0.35743653774261475, 'learning_rate': 0.0027, 'step': 360, 'train_nelbo': 6.397450923919678}, {'grad_norm': 0.4248301386833191, 'learning_rate': 0.0027, 'step': 384, 'train_nelbo': 6.696140766143799}, {'grad_norm': 0.4529866874217987, 'learning_rate': 0.0027, 'step': 408, 'train_nelbo': 6.2136430740356445}, {'grad_norm': 0.46979692578315735, 'learning_rate': 0.0024445945945945945, 'step': 432, 'train_nelbo': 6.596165657043457}, {'grad_norm': 0.31430551409721375, 'learning_rate': 0.0015689189189189191, 'step': 456, 'train_nelbo': 6.235589027404785}, {'grad_norm': 0.4289192259311676, 'learning_rate': 0.0006932432432432434, 'step': 480, 'train_nelbo': 6.412640571594238}, {'grad_norm': 0.2783997654914856, 'learning_rate': 0.0, 'step': 499, 'train_nelbo': 6.219061374664307}]",100.9936982113868,116135136,4,1000000000000000.0,9076736,dense_dual_stream_attention_v1,0.005650936439418397,7.275006294250488,6.219061374664307,0.0027,7979296,True,0.1,999499509006336,/root/shakespeare-dLM/scale_to_climbmix/results_curriculum/runs/1e15/8M/p_ar_0p1/result.json,1337,256,True,3,8M,complete,554,6.310095697641373,6.342631161212921,0.1
3.0784589517861605,226,40,266,55512288,64,0.20542078629959767,398,"[{'grad_norm': 92.24324035644531, 'learning_rate': 0.000135, 'step': 1, 'train_nelbo': 7.891820907592773}, {'grad_norm': 0.46815577149391174, 'learning_rate': 0.0025650000000000004, 'step': 19, 'train_nelbo': 6.8362135887146}, {'grad_norm': 0.3923662006855011, 'learning_rate': 0.0027, 'step': 38, 'train_nelbo': 6.422956466674805}, {'grad_norm': 0.7738180756568909, 'learning_rate': 0.0027, 'step': 57, 'train_nelbo': 6.604041576385498}, {'grad_norm': 0.5711400508880615, 'learning_rate': 0.0027, 'step': 76, 'train_nelbo': 6.496227264404297}, {'grad_norm': 0.42315083742141724, 'learning_rate': 0.0027, 'step': 95, 'train_nelbo': 6.528294086456299}, {'grad_norm': 0.5401307940483093, 'learning_rate': 0.0027, 'step': 114, 'train_nelbo': 6.603690147399902}, {'grad_norm': 0.40393728017807007, 'learning_rate': 0.0027, 'step': 133, 'train_nelbo': 6.310615539550781}, {'grad_norm': 0.35256192088127136, 'learning_rate': 0.0027, 'step': 152, 'train_nelbo': 6.505178451538086}, {'grad_norm': 0.2984520196914673, 'learning_rate': 0.0027, 'step': 171, 'train_nelbo': 6.178099632263184}, {'grad_norm': 0.4089342951774597, 'learning_rate': 0.0027, 'step': 190, 'train_nelbo': 6.189762115478516}, {'grad_norm': 0.36656004190444946, 'learning_rate': 0.0027, 'step': 209, 'train_nelbo': 6.223677635192871}, {'grad_norm': 0.4311135709285736, 'learning_rate': 0.0027, 'step': 228, 'train_nelbo': 6.152664661407471}, {'grad_norm': 0.3508123755455017, 'learning_rate': 0.0027, 'step': 247, 'train_nelbo': 6.211275100708008}, {'grad_norm': 0.41570115089416504, 'learning_rate': 0.0027, 'step': 266, 'train_nelbo': 6.19645881652832}, {'grad_norm': 0.4228200614452362, 'learning_rate': 0.0027, 'step': 285, 'train_nelbo': 6.382148742675781}, {'grad_norm': 0.35985976457595825, 'learning_rate': 0.0027, 'step': 304, 'train_nelbo': 6.215963363647461}, {'grad_norm': 1.03300142288208, 'learning_rate': 0.0027, 'step': 323, 'train_nelbo': 6.718039512634277}, {'grad_norm': 0.4665543735027313, 'learning_rate': 0.0025627118644067797, 'step': 342, 'train_nelbo': 6.385929107666016}, {'grad_norm': 0.37267929315567017, 'learning_rate': 0.0016932203389830509, 'step': 361, 'train_nelbo': 6.598432540893555}, {'grad_norm': 0.782371461391449, 'learning_rate': 0.0008237288135593219, 'step': 380, 'train_nelbo': 6.666726112365723}, {'grad_norm': 0.29997846484184265, 'learning_rate': 0.0, 'step': 398, 'train_nelbo': 5.888091087341309}]",81.75747294723988,116135136,4,1000000000000000.0,10878976,dense_dual_stream_attention_v1,0.0067729635302776455,6.0165557861328125,5.888091087341309,0.0027,7979296,True,0.4,999228256026624,/root/shakespeare-dLM/scale_to_climbmix/results_curriculum/runs/1e15/8M/p_ar_0p4/result.json,1337,256,True,3,8M,complete,664,6.1085448414087296,6.12870480120182,0.1
6.174864306114614,303,53,356,55512288,64,0.20717080295558127,355,"[{'grad_norm': 61.355873107910156, 'learning_rate': 0.00015000000000000001, 'step': 1, 'train_nelbo': 7.905786514282227}, {'grad_norm': 0.6685707569122314, 'learning_rate': 0.00255, 'step': 17, 'train_nelbo': 6.724376678466797}, {'grad_norm': 0.5171593427658081, 'learning_rate': 0.0027, 'step': 34, 'train_nelbo': 6.414927959442139}, {'grad_norm': 0.7296130061149597, 'learning_rate': 0.0027, 'step': 51, 'train_nelbo': 6.301034927368164}, {'grad_norm': 0.42365917563438416, 'learning_rate': 0.0027, 'step': 68, 'train_nelbo': 6.315408229827881}, {'grad_norm': 0.39781755208969116, 'learning_rate': 0.0027, 'step': 85, 'train_nelbo': 6.337166786193848}, {'grad_norm': 0.3846985697746277, 'learning_rate': 0.0027, 'step': 102, 'train_nelbo': 6.38154411315918}, {'grad_norm': 0.3957046568393707, 'learning_rate': 0.0027, 'step': 119, 'train_nelbo': 6.356230735778809}, {'grad_norm': 0.3536719083786011, 'learning_rate': 0.0027, 'step': 136, 'train_nelbo': 6.259897232055664}, {'grad_norm': 0.3912418782711029, 'learning_rate': 0.0027, 'step': 153, 'train_nelbo': 6.2454423904418945}, {'grad_norm': 0.32689180970191956, 'learning_rate': 0.0027, 'step': 170, 'train_nelbo': 6.285275936126709}, {'grad_norm': 0.3800356388092041, 'learning_rate': 0.0027, 'step': 187, 'train_nelbo': 6.1703338623046875}, {'grad_norm': 0.31952619552612305, 'learning_rate': 0.0027, 'step': 204, 'train_nelbo': 5.978643894195557}, {'grad_norm': 0.39151811599731445, 'learning_rate': 0.0027, 'step': 221, 'train_nelbo': 6.056427001953125}, {'grad_norm': 0.8483955264091492, 'learning_rate': 0.0027, 'step': 238, 'train_nelbo': 6.57534122467041}, {'grad_norm': 0.40374475717544556, 'learning_rate': 0.0027, 'step': 255, 'train_nelbo': 6.036741256713867}, {'grad_norm': 0.38499683141708374, 'learning_rate': 0.0027, 'step': 272, 'train_nelbo': 6.361268997192383}, {'grad_norm': 0.4588508605957031, 'learning_rate': 0.0027, 'step': 289, 'train_nelbo': 6.424572944641113}, {'grad_norm': 0.3989208936691284, 'learning_rate': 0.002544230769230769, 'step': 306, 'train_nelbo': 6.244157314300537}, {'grad_norm': 0.9762724041938782, 'learning_rate': 0.0016615384615384617, 'step': 323, 'train_nelbo': 6.64436149597168}, {'grad_norm': 0.3933798372745514, 'learning_rate': 0.0007788461538461538, 'step': 340, 'train_nelbo': 6.009792327880859}, {'grad_norm': 0.48241326212882996, 'learning_rate': 0.0, 'step': 355, 'train_nelbo': 6.270275115966797}]",73.54563504923135,116135136,4,1000000000000000.0,11649024,dense_dual_stream_attention_v1,0.0072523751054629606,5.904073238372803,6.270275115966797,0.0027,7979296,True,0.5,999265858486272,/root/shakespeare-dLM/scale_to_climbmix/results_curriculum/runs/1e15/8M/p_ar_0p5/result.json,1337,256,True,3,8M,complete,711,6.041169047355652,6.069219529628754,0.1
6.270631082355976,653,115,768,14311584,64,0.07368397224998172,1791,"[{'grad_norm': 19.5747127532959, 'learning_rate': 3e-05, 'step': 1, 'train_nelbo': 7.68442440032959}, {'grad_norm': 0.8827736377716064, 'learning_rate': 0.00267, 'step': 89, 'train_nelbo': 6.136430740356445}, {'grad_norm': 0.5582406520843506, 'learning_rate': 0.0027, 'step': 178, 'train_nelbo': 5.863672256469727}, {'grad_norm': 0.5931556820869446, 'learning_rate': 0.0027, 'step': 267, 'train_nelbo': 5.6348042488098145}, {'grad_norm': 0.5665030479431152, 'learning_rate': 0.0027, 'step': 356, 'train_nelbo': 5.651158332824707}, {'grad_norm': 0.46500781178474426, 'learning_rate': 0.0027, 'step': 445, 'train_nelbo': 5.267767906188965}, {'grad_norm': 0.8319969773292542, 'learning_rate': 0.0027, 'step': 534, 'train_nelbo': 5.3918046951293945}, {'grad_norm': 0.5014960765838623, 'learning_rate': 0.0027, 'step': 623, 'train_nelbo': 5.52733039855957}, {'grad_norm': 0.5531328320503235, 'learning_rate': 0.0027, 'step': 712, 'train_nelbo': 5.497957229614258}, {'grad_norm': 0.445343941450119, 'learning_rate': 0.0027, 'step': 801, 'train_nelbo': 5.343109130859375}, {'grad_norm': 0.6014639139175415, 'learning_rate': 0.0027, 'step': 890, 'train_nelbo': 5.407662391662598}, {'grad_norm': 0.5272452235221863, 'learning_rate': 0.0027, 'step': 979, 'train_nelbo': 5.386972427368164}, {'grad_norm': 0.8726829886436462, 'learning_rate': 0.0027, 'step': 1068, 'train_nelbo': 5.667431831359863}, {'grad_norm': 0.5035079717636108, 'learning_rate': 0.0027, 'step': 1157, 'train_nelbo': 5.265128135681152}, {'grad_norm': 0.5772790908813477, 'learning_rate': 0.0027, 'step': 1246, 'train_nelbo': 5.542300224304199}, {'grad_norm': 0.5718469619750977, 'learning_rate': 0.0027, 'step': 1335, 'train_nelbo': 5.468629837036133}, {'grad_norm': 0.5185123682022095, 'learning_rate': 0.0027, 'step': 1424, 'train_nelbo': 5.275082111358643}, {'grad_norm': 0.5360331535339355, 'learning_rate': 0.0027, 'step': 1513, 'train_nelbo': 5.249268054962158}, {'grad_norm': 0.5503203868865967, 'learning_rate': 0.0019041044776119404, 'step': 1602, 'train_nelbo': 5.315506458282471}, {'grad_norm': 0.5724382996559143, 'learning_rate': 0.0010074626865671642, 'step': 1691, 'train_nelbo': 5.108587741851807}, {'grad_norm': 0.5279671549797058, 'learning_rate': 0.00011082089552238793, 'step': 1780, 'train_nelbo': 5.191511154174805}, {'grad_norm': 0.8233823776245117, 'learning_rate': 0.0, 'step': 1791, 'train_nelbo': 5.255677223205566}]",131.96799429971725,27934368,4,1000000000000000.0,41926656,dense_dual_stream_attention_v1,0.026102430231898333,5.00446891784668,5.255677223205566,0.0027,1985536,True,0.3,999780345446400,/root/shakespeare-dLM/scale_to_climbmix/results_curriculum/runs/1e15/2M/p_ar_0p3/result.json,1337,256,True,12,2M,complete,2559,5.110817119479179,5.110809788107872,0.1
14.68054071534425,1575,278,1853,14311584,64,0.07803435935695403,1235,"[{'grad_norm': 11.678958892822266, 'learning_rate': 4.3548387096774194e-05, 'step': 1, 'train_nelbo': 7.528196334838867}, {'grad_norm': 0.8898007869720459, 'learning_rate': 0.002656451612903226, 'step': 61, 'train_nelbo': 5.908270835876465}, {'grad_norm': 0.8514888882637024, 'learning_rate': 0.0027, 'step': 122, 'train_nelbo': 5.638632774353027}, {'grad_norm': 0.7083588242530823, 'learning_rate': 0.0027, 'step': 183, 'train_nelbo': 5.525750160217285}, {'grad_norm': 0.7059453725814819, 'learning_rate': 0.0027, 'step': 244, 'train_nelbo': 5.504500389099121}, {'grad_norm': 0.7463242411613464, 'learning_rate': 0.0027, 'step': 305, 'train_nelbo': 5.771615028381348}, {'grad_norm': 0.6031720638275146, 'learning_rate': 0.0027, 'step': 366, 'train_nelbo': 5.266347408294678}, {'grad_norm': 0.5837376713752747, 'learning_rate': 0.0027, 'step': 427, 'train_nelbo': 5.231657028198242}, {'grad_norm': 0.9834365248680115, 'learning_rate': 0.0027, 'step': 488, 'train_nelbo': 5.650985240936279}, {'grad_norm': 0.6641393303871155, 'learning_rate': 0.0027, 'step': 549, 'train_nelbo': 5.388391017913818}, {'grad_norm': 0.581424355506897, 'learning_rate': 0.0027, 'step': 610, 'train_nelbo': 5.431135177612305}, {'grad_norm': 0.673215389251709, 'learning_rate': 0.0027, 'step': 671, 'train_nelbo': 5.614385604858398}, {'grad_norm': 0.638675332069397, 'learning_rate': 0.0027, 'step': 732, 'train_nelbo': 5.451864719390869}, {'grad_norm': 0.5155280828475952, 'learning_rate': 0.0027, 'step': 793, 'train_nelbo': 5.20011043548584}, {'grad_norm': 0.5556145310401917, 'learning_rate': 0.0027, 'step': 854, 'train_nelbo': 5.5104241371154785}, {'grad_norm': 0.7575514316558838, 'learning_rate': 0.0027, 'step': 915, 'train_nelbo': 5.531898498535156}, {'grad_norm': 0.4998537302017212, 'learning_rate': 0.0027, 'step': 976, 'train_nelbo': 5.118529319763184}, {'grad_norm': 0.5230075120925903, 'learning_rate': 0.0027, 'step': 1037, 'train_nelbo': 5.118483543395996}, {'grad_norm': 1.2726731300354004, 'learning_rate': 0.0020103260869565216, 'step': 1098, 'train_nelbo': 5.331177711486816}, {'grad_norm': 0.8540240526199341, 'learning_rate': 0.0011152173913043478, 'step': 1159, 'train_nelbo': 5.292187690734863}, {'grad_norm': 0.6164965033531189, 'learning_rate': 0.000220108695652174, 'step': 1220, 'train_nelbo': 5.067802906036377}, {'grad_norm': 0.5862305164337158, 'learning_rate': 0.0, 'step': 1235, 'train_nelbo': 4.968358516693115}]",96.37243380583823,27934368,4,1000000000000000.0,50593792,dense_dual_stream_attention_v1,0.03149836051430326,4.564264297485352,4.968358516693115,0.0027,1985536,True,0.6,999723985010688,/root/shakespeare-dLM/scale_to_climbmix/results_curriculum/runs/1e15/2M/p_ar_0p6/result.json,1337,256,True,12,2M,complete,3088,5.07973238825798,5.087695375084877,0.1
4.157667405903339,411,73,484,14311584,64,0.0770349806070728,1936,"[{'grad_norm': 7.300836086273193, 'learning_rate': 2.7835051546391755e-05, 'step': 1, 'train_nelbo': 7.312917709350586}, {'grad_norm': 0.8886613845825195, 'learning_rate': 0.002672164948453608, 'step': 96, 'train_nelbo': 6.353734970092773}, {'grad_norm': 0.6306241750717163, 'learning_rate': 0.0027, 'step': 192, 'train_nelbo': 6.031037330627441}, {'grad_norm': 0.4898959696292877, 'learning_rate': 0.0027, 'step': 288, 'train_nelbo': 6.135069847106934}, {'grad_norm': 0.5529304146766663, 'learning_rate': 0.0027, 'step': 384, 'train_nelbo': 5.95296573638916}, {'grad_norm': 0.5846056342124939, 'learning_rate': 0.0027, 'step': 480, 'train_nelbo': 5.9456400871276855}, {'grad_norm': 0.49600735306739807, 'learning_rate': 0.0027, 'step': 576, 'train_nelbo': 5.490252494812012}, {'grad_norm': 0.45582112669944763, 'learning_rate': 0.0027, 'step': 672, 'train_nelbo': 5.543041229248047}, {'grad_norm': 0.4942415654659271, 'learning_rate': 0.0027, 'step': 768, 'train_nelbo': 5.389037132263184}, {'grad_norm': 0.6678522825241089, 'learning_rate': 0.0027, 'step': 864, 'train_nelbo': 5.278504848480225}, {'grad_norm': 0.6974732875823975, 'learning_rate': 0.0027, 'step': 960, 'train_nelbo': 5.516421794891357}, {'grad_norm': 0.6137424111366272, 'learning_rate': 0.0027, 'step': 1056, 'train_nelbo': 5.545078754425049}, {'grad_norm': 0.45311588048934937, 'learning_rate': 0.0027, 'step': 1152, 'train_nelbo': 5.402822017669678}, {'grad_norm': 0.6701610088348389, 'learning_rate': 0.0027, 'step': 1248, 'train_nelbo': 5.760072231292725}, {'grad_norm': 0.7073255181312561, 'learning_rate': 0.0027, 'step': 1344, 'train_nelbo': 5.473969459533691}, {'grad_norm': 0.535479724407196, 'learning_rate': 0.0027, 'step': 1440, 'train_nelbo': 5.344182968139648}, {'grad_norm': 0.6942890882492065, 'learning_rate': 0.0027, 'step': 1536, 'train_nelbo': 5.412022113800049}, {'grad_norm': 0.5207290053367615, 'learning_rate': 0.0027, 'step': 1632, 'train_nelbo': 5.17810583114624}, {'grad_norm': 0.48915424942970276, 'learning_rate': 0.0019432525951557091, 'step': 1728, 'train_nelbo': 5.210755348205566}, {'grad_norm': 0.6847355961799622, 'learning_rate': 0.0010463667820069206, 'step': 1824, 'train_nelbo': 5.485583305358887}, {'grad_norm': 0.585854709148407, 'learning_rate': 0.00014948096885813138, 'step': 1920, 'train_nelbo': 5.380531311035156}, {'grad_norm': 0.4575654864311218, 'learning_rate': 0.0, 'step': 1936, 'train_nelbo': 5.1604132652282715}]",149.13972245529294,27934368,4,1000000000000000.0,39649280,dense_dual_stream_attention_v1,0.024684595998903467,5.43125057220459,5.1604132652282715,0.0027,1985536,True,0.2,999550863015936,/root/shakespeare-dLM/scale_to_climbmix/results_curriculum/runs/1e15/2M/p_ar_0p2/result.json,1337,256,True,12,2M,complete,2420,5.159563094377518,5.160592019557953,0.1
1.85280738491565,196,34,230,14311584,64,0.07617217254629295,2066,"[{'grad_norm': 9.357335090637207, 'learning_rate': 2.621359223300971e-05, 'step': 1, 'train_nelbo': 7.38807487487793}, {'grad_norm': 1.152477502822876, 'learning_rate': 0.0027, 'step': 103, 'train_nelbo': 6.753732204437256}, {'grad_norm': 0.6315239667892456, 'learning_rate': 0.0027, 'step': 206, 'train_nelbo': 6.8913068771362305}, {'grad_norm': 0.5695769190788269, 'learning_rate': 0.0027, 'step': 309, 'train_nelbo': 6.176386833190918}, {'grad_norm': 0.4514002799987793, 'learning_rate': 0.0027, 'step': 412, 'train_nelbo': 5.815928936004639}, {'grad_norm': 0.4343196153640747, 'learning_rate': 0.0027, 'step': 515, 'train_nelbo': 5.953704357147217}, {'grad_norm': 0.48235028982162476, 'learning_rate': 0.0027, 'step': 618, 'train_nelbo': 6.09494161605835}, {'grad_norm': 1.0033210515975952, 'learning_rate': 0.0027, 'step': 721, 'train_nelbo': 6.288661956787109}, {'grad_norm': 0.45996248722076416, 'learning_rate': 0.0027, 'step': 824, 'train_nelbo': 5.561283111572266}, {'grad_norm': 0.4232085347175598, 'learning_rate': 0.0027, 'step': 927, 'train_nelbo': 5.822951793670654}, {'grad_norm': 0.498259574174881, 'learning_rate': 0.0027, 'step': 1030, 'train_nelbo': 5.6895599365234375}, {'grad_norm': 0.5451275706291199, 'learning_rate': 0.0027, 'step': 1133, 'train_nelbo': 5.672756195068359}, {'grad_norm': 0.5274931788444519, 'learning_rate': 0.0027, 'step': 1236, 'train_nelbo': 5.5826263427734375}, {'grad_norm': 0.5302630662918091, 'learning_rate': 0.0027, 'step': 1339, 'train_nelbo': 5.534643173217773}, {'grad_norm': 0.47721874713897705, 'learning_rate': 0.0027, 'step': 1442, 'train_nelbo': 5.504339218139648}, {'grad_norm': 0.47000953555107117, 'learning_rate': 0.0027, 'step': 1545, 'train_nelbo': 5.381129264831543}, {'grad_norm': 0.43697381019592285, 'learning_rate': 0.0027, 'step': 1648, 'train_nelbo': 5.372086048126221}, {'grad_norm': 0.5062403678894043, 'learning_rate': 0.0027, 'step': 1751, 'train_nelbo': 5.285680770874023}, {'grad_norm': 0.4303949177265167, 'learning_rate': 0.0018524271844660197, 'step': 1854, 'train_nelbo': 5.398604393005371}, {'grad_norm': 0.5145106911659241, 'learning_rate': 0.0009524271844660195, 'step': 1957, 'train_nelbo': 5.318737030029297}, {'grad_norm': 0.46092304587364197, 'learning_rate': 5.2427184466019396e-05, 'step': 2060, 'train_nelbo': 5.102507591247559}, {'grad_norm': 0.472654789686203, 'learning_rate': 0.0, 'step': 2066, 'train_nelbo': 5.3188323974609375}]",157.37170848064125,27934368,4,1000000000000000.0,37617664,dense_dual_stream_attention_v1,0.023419765460116676,6.072672367095947,5.3188323974609375,0.0027,1985536,True,0.1,999490660073472,/root/shakespeare-dLM/scale_to_climbmix/results_curriculum/runs/1e15/2M/p_ar_0p1/result.json,1337,256,True,12,2M,complete,2296,5.253333672881126,5.254753157496452,0.1
6.661250251345336,923,163,1086,14311584,64,0.07525692504363853,1628,"[{'grad_norm': 13.237298011779785, 'learning_rate': 3.3333333333333335e-05, 'step': 1, 'train_nelbo': 7.635811805725098}, {'grad_norm': 1.168176531791687, 'learning_rate': 0.0027, 'step': 81, 'train_nelbo': 5.823909759521484}, {'grad_norm': 0.7217701077461243, 'learning_rate': 0.0027, 'step': 162, 'train_nelbo': 5.799596786499023}, {'grad_norm': 0.634857714176178, 'learning_rate': 0.0027, 'step': 243, 'train_nelbo': 5.665993690490723}, {'grad_norm': 0.5320842862129211, 'learning_rate': 0.0027, 'step': 324, 'train_nelbo': 5.562037944793701}, {'grad_norm': 0.6801725625991821, 'learning_rate': 0.0027, 'step': 405, 'train_nelbo': 5.472898483276367}, {'grad_norm': 0.7319786548614502, 'learning_rate': 0.0027, 'step': 486, 'train_nelbo': 5.972084999084473}, {'grad_norm': 0.6564380526542664, 'learning_rate': 0.0027, 'step': 567, 'train_nelbo': 5.534829139709473}, {'grad_norm': 0.5017088055610657, 'learning_rate': 0.0027, 'step': 648, 'train_nelbo': 5.378878593444824}, {'grad_norm': 0.8942679762840271, 'learning_rate': 0.0027, 'step': 729, 'train_nelbo': 5.687049388885498}, {'grad_norm': 0.7462481260299683, 'learning_rate': 0.0027, 'step': 810, 'train_nelbo': 5.544379234313965}, {'grad_norm': 0.5617692470550537, 'learning_rate': 0.0027, 'step': 891, 'train_nelbo': 5.420243263244629}, {'grad_norm': 0.5275346040725708, 'learning_rate': 0.0027, 'step': 972, 'train_nelbo': 5.260929107666016}, {'grad_norm': 0.8761053681373596, 'learning_rate': 0.0027, 'step': 1053, 'train_nelbo': 5.342315196990967}, {'grad_norm': 0.5478910803794861, 'learning_rate': 0.0027, 'step': 1134, 'train_nelbo': 5.222904205322266}, {'grad_norm': 0.5729861855506897, 'learning_rate': 0.0027, 'step': 1215, 'train_nelbo': 5.284273147583008}, {'grad_norm': 0.4973945617675781, 'learning_rate': 0.0027, 'step': 1296, 'train_nelbo': 5.142808437347412}, {'grad_norm': 0.5922167301177979, 'learning_rate': 0.0027, 'step': 1377, 'train_nelbo': 5.450624465942383}, {'grad_norm': 0.5886897444725037, 'learning_rate': 0.0018888888888888887, 'step': 1458, 'train_nelbo': 5.3047051429748535}, {'grad_norm': 0.5150587558746338, 'learning_rate': 0.000988888888888889, 'step': 1539, 'train_nelbo': 4.881687164306641}, {'grad_norm': 0.4948669373989105, 'learning_rate': 8.888888888888878e-05, 'step': 1620, 'train_nelbo': 4.906045913696289}, {'grad_norm': 0.9294542074203491, 'learning_rate': 0.0, 'step': 1628, 'train_nelbo': 5.216216087341309}]",122.51827397104353,27934368,4,1000000000000000.0,44466176,dense_dual_stream_attention_v1,0.02768346840538182,4.9119553565979,5.216216087341309,0.0027,1985536,True,0.4,999744001277952,/root/shakespeare-dLM/scale_to_climbmix/results_curriculum/runs/1e15/2M/p_ar_0p4/result.json,1337,256,True,12,2M,complete,2714,5.084565594792366,5.074801713228226,0.1
10.305352924391627,1227,217,1444,14311584,64,0.07684149212271593,1445,"[{'grad_norm': 17.22949981689453, 'learning_rate': 3.7500000000000003e-05, 'step': 1, 'train_nelbo': 7.556884765625}, {'grad_norm': 0.8159103989601135, 'learning_rate': 0.0027, 'step': 72, 'train_nelbo': 5.628541469573975}, {'grad_norm': 0.6572381854057312, 'learning_rate': 0.0027, 'step': 144, 'train_nelbo': 5.762982368469238}, {'grad_norm': 0.6471261978149414, 'learning_rate': 0.0027, 'step': 216, 'train_nelbo': 5.638896465301514}, {'grad_norm': 0.5465792417526245, 'learning_rate': 0.0027, 'step': 288, 'train_nelbo': 5.611781120300293}, {'grad_norm': 0.6264395117759705, 'learning_rate': 0.0027, 'step': 360, 'train_nelbo': 5.416013717651367}, {'grad_norm': 0.7508878111839294, 'learning_rate': 0.0027, 'step': 432, 'train_nelbo': 5.501739978790283}, {'grad_norm': 0.6347624063491821, 'learning_rate': 0.0027, 'step': 504, 'train_nelbo': 5.4618024826049805}, {'grad_norm': 0.6391192674636841, 'learning_rate': 0.0027, 'step': 576, 'train_nelbo': 5.380293846130371}, {'grad_norm': 0.529682457447052, 'learning_rate': 0.0027, 'step': 648, 'train_nelbo': 5.277660846710205}, {'grad_norm': 0.5910014510154724, 'learning_rate': 0.0027, 'step': 720, 'train_nelbo': 5.4277801513671875}, {'grad_norm': 0.7444158792495728, 'learning_rate': 0.0027, 'step': 792, 'train_nelbo': 5.250353813171387}, {'grad_norm': 0.9054561853408813, 'learning_rate': 0.0027, 'step': 864, 'train_nelbo': 5.488603591918945}, {'grad_norm': 0.677653968334198, 'learning_rate': 0.0027, 'step': 936, 'train_nelbo': 5.362262725830078}, {'grad_norm': 0.5183883309364319, 'learning_rate': 0.0027, 'step': 1008, 'train_nelbo': 5.158733367919922}, {'grad_norm': 0.6443400382995605, 'learning_rate': 0.0027, 'step': 1080, 'train_nelbo': 5.558375835418701}, {'grad_norm': 0.6041299700737, 'learning_rate': 0.0027, 'step': 1152, 'train_nelbo': 5.350645542144775}, {'grad_norm': 0.5511490106582642, 'learning_rate': 0.0027, 'step': 1224, 'train_nelbo': 5.268013000488281}, {'grad_norm': 0.5723381638526917, 'learning_rate': 0.0018625000000000002, 'step': 1296, 'train_nelbo': 5.298969268798828}, {'grad_norm': 0.7075645327568054, 'learning_rate': 0.0009625000000000001, 'step': 1368, 'train_nelbo': 5.469065189361572}, {'grad_norm': 0.6446398496627808, 'learning_rate': 6.249999999999999e-05, 'step': 1440, 'train_nelbo': 5.079404830932617}, {'grad_norm': 0.5429425239562988, 'learning_rate': 0.0, 'step': 1445, 'train_nelbo': 5.000727653503418}]",111.03595611732453,27934368,4,1000000000000000.0,47333376,dense_dual_stream_attention_v1,0.02946851150447608,4.5938544273376465,5.000727653503418,0.0027,1985536,True,0.5,999933363093504,/root/shakespeare-dLM/scale_to_climbmix/results_curriculum/runs/1e15/2M/p_ar_0p5/result.json,1337,256,True,12,2M,complete,2889,5.086784467101097,5.075520426034927,0.1
43.05035602953285,3108,548,3656,28367712,64,0.1420503999568426,8530,"[{'grad_norm': 28.192110061645508, 'learning_rate': 2.112676056338028e-06, 'step': 1, 'train_nelbo': 8.064416885375977}, {'grad_norm': 1.0853973627090454, 'learning_rate': 0.0008999999999999999, 'step': 426, 'train_nelbo': 5.430148601531982}, {'grad_norm': 0.9544857740402222, 'learning_rate': 0.0009, 'step': 852, 'train_nelbo': 5.027912616729736}, {'grad_norm': 0.9339690804481506, 'learning_rate': 0.0009, 'step': 1278, 'train_nelbo': 4.777701377868652}, {'grad_norm': 1.0346145629882812, 'learning_rate': 0.0009, 'step': 1704, 'train_nelbo': 4.969810485839844}, {'grad_norm': 1.1874423027038574, 'learning_rate': 0.0009, 'step': 2130, 'train_nelbo': 4.869162559509277}, {'grad_norm': 1.1315405368804932, 'learning_rate': 0.0009, 'step': 2556, 'train_nelbo': 4.7239298820495605}, {'grad_norm': 1.0302842855453491, 'learning_rate': 0.0009, 'step': 2982, 'train_nelbo': 4.731845378875732}, {'grad_norm': 2.0121333599090576, 'learning_rate': 0.0009, 'step': 3408, 'train_nelbo': 4.995563507080078}, {'grad_norm': 1.2431179285049438, 'learning_rate': 0.0009, 'step': 3834, 'train_nelbo': 4.792118072509766}, {'grad_norm': 1.0522851943969727, 'learning_rate': 0.0009, 'step': 4260, 'train_nelbo': 4.712664604187012}, {'grad_norm': 1.4522929191589355, 'learning_rate': 0.0009, 'step': 4686, 'train_nelbo': 4.986663341522217}, {'grad_norm': 1.3477228879928589, 'learning_rate': 0.0009, 'step': 5112, 'train_nelbo': 4.968976974487305}, {'grad_norm': 1.100776195526123, 'learning_rate': 0.0009, 'step': 5538, 'train_nelbo': 4.570530891418457}, {'grad_norm': 1.0125415325164795, 'learning_rate': 0.0009, 'step': 5964, 'train_nelbo': 4.675457000732422}, {'grad_norm': 2.454317569732666, 'learning_rate': 0.0009, 'step': 6390, 'train_nelbo': 5.247968673706055}, {'grad_norm': 1.3200076818466187, 'learning_rate': 0.0009, 'step': 6816, 'train_nelbo': 4.46466064453125}, {'grad_norm': 1.078956961631775, 'learning_rate': 0.0009, 'step': 7242, 'train_nelbo': 4.457517623901367}, {'grad_norm': 1.1270719766616821, 'learning_rate': 0.0006065676309616888, 'step': 7668, 'train_nelbo': 4.642630577087402}, {'grad_norm': 1.6494468450546265, 'learning_rate': 0.00030680218921032054, 'step': 8094, 'train_nelbo': 4.6212568283081055}, {'grad_norm': 1.2861888408660889, 'learning_rate': 7.036747458952264e-06, 'step': 8520, 'train_nelbo': 4.340656280517578}, {'grad_norm': 1.373215675354004, 'learning_rate': 0.0, 'step': 8530, 'train_nelbo': 4.545681953430176}]",1211.6899116318673,59388768,4,1e+16,199655424,dense_dual_stream_attention_v1,0.12430020117464365,4.2307586669921875,4.545681953430176,0.0009,3920256,True,0.3,9999131379499008,/root/shakespeare-dLM/scale_to_climbmix/results_curriculum/runs/1e16/4M/p_ar_0p3/result.json,1337,256,True,54,4M,complete,12186,4.429562568664551,4.431205049157143,0.1
118.81444031186402,7634,1347,8981,28367712,64,0.14620120256189684,5987,"[{'grad_norm': 17.85640525817871, 'learning_rate': 3.0100334448160533e-06, 'step': 1, 'train_nelbo': 8.330490112304688}, {'grad_norm': 1.3666523694992065, 'learning_rate': 0.0009, 'step': 299, 'train_nelbo': 5.08983039855957}, {'grad_norm': 1.430827260017395, 'learning_rate': 0.0009, 'step': 598, 'train_nelbo': 5.252872467041016}, {'grad_norm': 1.3391971588134766, 'learning_rate': 0.0009, 'step': 897, 'train_nelbo': 4.846308708190918}, {'grad_norm': 1.241979718208313, 'learning_rate': 0.0009, 'step': 1196, 'train_nelbo': 4.908092975616455}, {'grad_norm': 3.298602342605591, 'learning_rate': 0.0009, 'step': 1495, 'train_nelbo': 4.5357208251953125}, {'grad_norm': 1.085089921951294, 'learning_rate': 0.0009, 'step': 1794, 'train_nelbo': 4.769118785858154}, {'grad_norm': 1.3750280141830444, 'learning_rate': 0.0009, 'step': 2093, 'train_nelbo': 4.613455772399902}, {'grad_norm': 1.1412891149520874, 'learning_rate': 0.0009, 'step': 2392, 'train_nelbo': 4.799891471862793}, {'grad_norm': 1.289638876914978, 'learning_rate': 0.0009, 'step': 2691, 'train_nelbo': 4.563498497009277}, {'grad_norm': 1.073896050453186, 'learning_rate': 0.0009, 'step': 2990, 'train_nelbo': 4.650605201721191}, {'grad_norm': 1.315809726715088, 'learning_rate': 0.0009, 'step': 3289, 'train_nelbo': 4.893624305725098}, {'grad_norm': 1.1467198133468628, 'learning_rate': 0.0009, 'step': 3588, 'train_nelbo': 4.670017719268799}, {'grad_norm': 1.1213430166244507, 'learning_rate': 0.0009, 'step': 3887, 'train_nelbo': 4.6369829177856445}, {'grad_norm': 1.2717840671539307, 'learning_rate': 0.0009, 'step': 4186, 'train_nelbo': 4.485361576080322}, {'grad_norm': 1.0953481197357178, 'learning_rate': 0.0009, 'step': 4485, 'train_nelbo': 4.598821640014648}, {'grad_norm': 1.3012171983718872, 'learning_rate': 0.0009, 'step': 4784, 'train_nelbo': 4.907013416290283}, {'grad_norm': 2.5150866508483887, 'learning_rate': 0.0009, 'step': 5083, 'train_nelbo': 3.651256561279297}, {'grad_norm': 1.347849726676941, 'learning_rate': 0.0006070234113712374, 'step': 5382, 'train_nelbo': 4.756252288818359}, {'grad_norm': 1.7284040451049805, 'learning_rate': 0.00030702341137123744, 'step': 5681, 'train_nelbo': 4.733356475830078}, {'grad_norm': 1.3570290803909302, 'learning_rate': 7.02341137123742e-06, 'step': 5980, 'train_nelbo': 4.531306266784668}, {'grad_norm': 2.0061898231506348, 'learning_rate': 0.0, 'step': 5987, 'train_nelbo': 4.552978515625}]",875.3065997380763,59388768,4,1e+16,245235712,dense_dual_stream_attention_v1,0.1526772863271021,3.6516547203063965,4.552978515625,0.0009,3920256,True,0.6,9999662702395392,/root/shakespeare-dLM/scale_to_climbmix/results_curriculum/runs/1e16/4M/p_ar_0p6/result.json,1337,256,True,54,4M,complete,14968,4.42085973918438,4.433252938091755,0.1
30.255565617233515,1951,344,2295,28367712,64,0.14546088009478203,9180,"[{'grad_norm': 19.29677391052246, 'learning_rate': 1.96078431372549e-06, 'step': 1, 'train_nelbo': 7.949792861938477}, {'grad_norm': 1.1327396631240845, 'learning_rate': 0.0009, 'step': 459, 'train_nelbo': 5.456039905548096}, {'grad_norm': 0.9010272026062012, 'learning_rate': 0.0009, 'step': 918, 'train_nelbo': 5.252015590667725}, {'grad_norm': 1.0079584121704102, 'learning_rate': 0.0009, 'step': 1377, 'train_nelbo': 5.078145503997803}, {'grad_norm': 0.9129933714866638, 'learning_rate': 0.0009, 'step': 1836, 'train_nelbo': 4.937747955322266}, {'grad_norm': 0.9530925154685974, 'learning_rate': 0.0009, 'step': 2295, 'train_nelbo': 4.6633100509643555}, {'grad_norm': 1.6550759077072144, 'learning_rate': 0.0009, 'step': 2754, 'train_nelbo': 5.0879435539245605}, {'grad_norm': 0.9656752943992615, 'learning_rate': 0.0009, 'step': 3213, 'train_nelbo': 5.191114902496338}, {'grad_norm': 1.0561673641204834, 'learning_rate': 0.0009, 'step': 3672, 'train_nelbo': 4.901659965515137}, {'grad_norm': 1.1566933393478394, 'learning_rate': 0.0009, 'step': 4131, 'train_nelbo': 4.7942962646484375}, {'grad_norm': 1.0148696899414062, 'learning_rate': 0.0009, 'step': 4590, 'train_nelbo': 4.825087547302246}, {'grad_norm': 1.2605524063110352, 'learning_rate': 0.0009, 'step': 5049, 'train_nelbo': 4.824756622314453}, {'grad_norm': 0.9318011403083801, 'learning_rate': 0.0009, 'step': 5508, 'train_nelbo': 4.604273319244385}, {'grad_norm': 1.0869073867797852, 'learning_rate': 0.0009, 'step': 5967, 'train_nelbo': 4.543990135192871}, {'grad_norm': 0.9712872505187988, 'learning_rate': 0.0009, 'step': 6426, 'train_nelbo': 4.4530558586120605}, {'grad_norm': 1.298112392425537, 'learning_rate': 0.0009, 'step': 6885, 'train_nelbo': 4.703571319580078}, {'grad_norm': 1.4148379564285278, 'learning_rate': 0.0009, 'step': 7344, 'train_nelbo': 4.739594459533691}, {'grad_norm': 1.1107258796691895, 'learning_rate': 0.0009, 'step': 7803, 'train_nelbo': 4.752442359924316}, {'grad_norm': 1.132617473602295, 'learning_rate': 0.0006004360465116279, 'step': 8262, 'train_nelbo': 4.751100063323975}, {'grad_norm': 1.1426550149917603, 'learning_rate': 0.00030021802325581393, 'step': 8721, 'train_nelbo': 4.5463666915893555}, {'grad_norm': 1.4500998258590698, 'learning_rate': 0.0, 'step': 9180, 'train_nelbo': 4.750820159912109}]",1335.330879270099,59388768,4,1e+16,188006400,dense_dual_stream_attention_v1,0.1170478260691807,4.62855339050293,4.750820159912109,0.0009,3920256,True,0.2,9999037059563520,/root/shakespeare-dLM/scale_to_climbmix/results_curriculum/runs/1e16/4M/p_ar_0p2/result.json,1337,256,True,54,4M,complete,11475,4.442421644926071,4.445164851844311,0.1
13.350946200080216,921,163,1084,28367712,64,0.1402745449125159,9759,"[{'grad_norm': 11.315832138061523, 'learning_rate': 1.8442622950819672e-06, 'step': 1, 'train_nelbo': 7.651315689086914}, {'grad_norm': 1.060007929801941, 'learning_rate': 0.000898155737704918, 'step': 487, 'train_nelbo': 5.793830394744873}, {'grad_norm': 0.7175677418708801, 'learning_rate': 0.0009, 'step': 974, 'train_nelbo': 5.202737331390381}, {'grad_norm': 0.8336218595504761, 'learning_rate': 0.0009, 'step': 1461, 'train_nelbo': 5.406717777252197}, {'grad_norm': 0.7861796021461487, 'learning_rate': 0.0009, 'step': 1948, 'train_nelbo': 5.037912368774414}, {'grad_norm': 1.1433273553848267, 'learning_rate': 0.0009, 'step': 2435, 'train_nelbo': 5.152291774749756}, {'grad_norm': 0.8207096457481384, 'learning_rate': 0.0009, 'step': 2922, 'train_nelbo': 5.267555236816406}, {'grad_norm': 0.8651418089866638, 'learning_rate': 0.0009, 'step': 3409, 'train_nelbo': 5.074999809265137}, {'grad_norm': 0.9520294070243835, 'learning_rate': 0.0009, 'step': 3896, 'train_nelbo': 4.779521942138672}, {'grad_norm': 1.8472617864608765, 'learning_rate': 0.0009, 'step': 4383, 'train_nelbo': 4.914159297943115}, {'grad_norm': 0.9365552067756653, 'learning_rate': 0.0009, 'step': 4870, 'train_nelbo': 4.989355087280273}, {'grad_norm': 0.8968299627304077, 'learning_rate': 0.0009, 'step': 5357, 'train_nelbo': 4.72490119934082}, {'grad_norm': 1.1113338470458984, 'learning_rate': 0.0009, 'step': 5844, 'train_nelbo': 4.841645240783691}, {'grad_norm': 0.8666278123855591, 'learning_rate': 0.0009, 'step': 6331, 'train_nelbo': 4.863398551940918}, {'grad_norm': 2.2592625617980957, 'learning_rate': 0.0009, 'step': 6818, 'train_nelbo': 5.010982513427734}, {'grad_norm': 1.0235826969146729, 'learning_rate': 0.0009, 'step': 7305, 'train_nelbo': 4.508211135864258}, {'grad_norm': 1.0033140182495117, 'learning_rate': 0.0009, 'step': 7792, 'train_nelbo': 4.6497321128845215}, {'grad_norm': 1.1116676330566406, 'learning_rate': 0.0009, 'step': 8279, 'train_nelbo': 4.653041839599609}, {'grad_norm': 0.985273540019989, 'learning_rate': 0.000610868079289132, 'step': 8766, 'train_nelbo': 4.724784851074219}, {'grad_norm': 1.4633688926696777, 'learning_rate': 0.0003112781954887218, 'step': 9253, 'train_nelbo': 4.467160224914551}, {'grad_norm': 1.0414475202560425, 'learning_rate': 1.1688311688311692e-05, 'step': 9740, 'train_nelbo': 4.301639556884766}, {'grad_norm': 1.161860704421997, 'learning_rate': 0.0, 'step': 9759, 'train_nelbo': 4.5972747802734375}]",1368.9392838012427,59388768,4,1e+16,177651712,dense_dual_stream_attention_v1,0.11060127041988028,4.857403755187988,4.5972747802734375,0.0009,3920256,True,0.1,9999574412820480,/root/shakespeare-dLM/scale_to_climbmix/results_curriculum/runs/1e16/4M/p_ar_0p1/result.json,1337,256,True,54,4M,complete,10843,4.4660657197237015,4.465346798300743,0.1
68.91196628008038,4417,779,5196,28367712,64,0.14522195888827766,7795,"[{'grad_norm': 26.46711540222168, 'learning_rate': 2.3076923076923077e-06, 'step': 1, 'train_nelbo': 8.138726234436035}, {'grad_norm': 1.2815055847167969, 'learning_rate': 0.0008976923076923076, 'step': 389, 'train_nelbo': 5.185977935791016}, {'grad_norm': 1.4478440284729004, 'learning_rate': 0.0009, 'step': 778, 'train_nelbo': 4.942507743835449}, {'grad_norm': 0.9754647016525269, 'learning_rate': 0.0009, 'step': 1167, 'train_nelbo': 4.841310501098633}, {'grad_norm': 1.3434580564498901, 'learning_rate': 0.0009, 'step': 1556, 'train_nelbo': 5.313959121704102}, {'grad_norm': 1.202695369720459, 'learning_rate': 0.0009, 'step': 1945, 'train_nelbo': 5.049961090087891}, {'grad_norm': 0.9780522584915161, 'learning_rate': 0.0009, 'step': 2334, 'train_nelbo': 4.663489818572998}, {'grad_norm': 1.2367753982543945, 'learning_rate': 0.0009, 'step': 2723, 'train_nelbo': 4.760038375854492}, {'grad_norm': 1.1312655210494995, 'learning_rate': 0.0009, 'step': 3112, 'train_nelbo': 4.85925817489624}, {'grad_norm': 1.495431900024414, 'learning_rate': 0.0009, 'step': 3501, 'train_nelbo': 4.731732368469238}, {'grad_norm': 1.1888620853424072, 'learning_rate': 0.0009, 'step': 3890, 'train_nelbo': 4.7708563804626465}, {'grad_norm': 1.2030375003814697, 'learning_rate': 0.0009, 'step': 4279, 'train_nelbo': 4.8413238525390625}, {'grad_norm': 1.1324286460876465, 'learning_rate': 0.0009, 'step': 4668, 'train_nelbo': 4.7003655433654785}, {'grad_norm': 1.3860268592834473, 'learning_rate': 0.0009, 'step': 5057, 'train_nelbo': 4.823566436767578}, {'grad_norm': 1.7831687927246094, 'learning_rate': 0.0009, 'step': 5446, 'train_nelbo': 5.030994892120361}, {'grad_norm': 1.343029260635376, 'learning_rate': 0.0009, 'step': 5835, 'train_nelbo': 4.872345924377441}, {'grad_norm': 1.239609718322754, 'learning_rate': 0.0009, 'step': 6224, 'train_nelbo': 4.568839073181152}, {'grad_norm': 2.1806800365448, 'learning_rate': 0.0009, 'step': 6613, 'train_nelbo': 4.696825981140137}, {'grad_norm': 1.0284069776535034, 'learning_rate': 0.0006110445205479452, 'step': 7002, 'train_nelbo': 4.576702117919922}, {'grad_norm': 4.308311462402344, 'learning_rate': 0.00031130136986301374, 'step': 7391, 'train_nelbo': 4.641849517822266}, {'grad_norm': 1.0820765495300293, 'learning_rate': 1.1558219178082163e-05, 'step': 7780, 'train_nelbo': 4.350451469421387}, {'grad_norm': 1.0318772792816162, 'learning_rate': 0.0, 'step': 7795, 'train_nelbo': 4.4825286865234375}]",1132.0051695341244,59388768,4,1e+16,212844544,dense_dual_stream_attention_v1,0.13251139943047724,4.031414031982422,4.4825286865234375,0.0009,3920256,True,0.4,9999713535787008,/root/shakespeare-dLM/scale_to_climbmix/results_curriculum/runs/1e16/4M/p_ar_0p4/result.json,1337,256,True,54,4M,complete,12991,4.409967824816704,4.416417375206947,0.1
82.85740508604795,5912,1043,6955,28367712,64,0.1422361069576484,6955,"[{'grad_norm': 18.37217140197754, 'learning_rate': 2.586206896551724e-06, 'step': 1, 'train_nelbo': 8.247700691223145}, {'grad_norm': 1.4330942630767822, 'learning_rate': 0.0008974137931034482, 'step': 347, 'train_nelbo': 5.119881629943848}, {'grad_norm': 1.1994051933288574, 'learning_rate': 0.0009, 'step': 694, 'train_nelbo': 4.916583061218262}, {'grad_norm': 1.6193525791168213, 'learning_rate': 0.0009, 'step': 1041, 'train_nelbo': 4.755980968475342}, {'grad_norm': 1.8306559324264526, 'learning_rate': 0.0009, 'step': 1388, 'train_nelbo': 4.8030009269714355}, {'grad_norm': 1.178515911102295, 'learning_rate': 0.0009, 'step': 1735, 'train_nelbo': 5.030240058898926}, {'grad_norm': 1.0211818218231201, 'learning_rate': 0.0009, 'step': 2082, 'train_nelbo': 4.921420097351074}, {'grad_norm': 1.267256259918213, 'learning_rate': 0.0009, 'step': 2429, 'train_nelbo': 4.860801696777344}, {'grad_norm': 1.1255545616149902, 'learning_rate': 0.0009, 'step': 2776, 'train_nelbo': 4.78005313873291}, {'grad_norm': 1.241936206817627, 'learning_rate': 0.0009, 'step': 3123, 'train_nelbo': 4.784826755523682}, {'grad_norm': 1.2713311910629272, 'learning_rate': 0.0009, 'step': 3470, 'train_nelbo': 4.641965389251709}, {'grad_norm': 1.335532546043396, 'learning_rate': 0.0009, 'step': 3817, 'train_nelbo': 4.78016471862793}, {'grad_norm': 1.1861231327056885, 'learning_rate': 0.0009, 'step': 4164, 'train_nelbo': 4.570269584655762}, {'grad_norm': 1.115395426750183, 'learning_rate': 0.0009, 'step': 4511, 'train_nelbo': 4.392251491546631}, {'grad_norm': 1.1027313470840454, 'learning_rate': 0.0009, 'step': 4858, 'train_nelbo': 4.645015716552734}, {'grad_norm': 1.3713700771331787, 'learning_rate': 0.0009, 'step': 5205, 'train_nelbo': 5.1797051429748535}, {'grad_norm': 1.047347903251648, 'learning_rate': 0.0009, 'step': 5552, 'train_nelbo': 4.634035110473633}, {'grad_norm': 1.5428175926208496, 'learning_rate': 0.0009, 'step': 5899, 'train_nelbo': 4.87065315246582}, {'grad_norm': 1.2572917938232422, 'learning_rate': 0.0006123800383877159, 'step': 6246, 'train_nelbo': 4.4148101806640625}, {'grad_norm': 1.3021429777145386, 'learning_rate': 0.0003126679462571977, 'step': 6593, 'train_nelbo': 4.422533988952637}, {'grad_norm': 1.7252923250198364, 'learning_rate': 1.2955854126679422e-05, 'step': 6940, 'train_nelbo': 4.483609676361084}, {'grad_norm': 1.061200499534607, 'learning_rate': 0.0, 'step': 6955, 'train_nelbo': 4.275730133056641}]",989.2521238904446,59388768,4,1e+16,227901440,dense_dual_stream_attention_v1,0.14188542576229224,3.955152988433838,4.275730133056641,0.0009,3920256,True,0.5,9999914080665600,/root/shakespeare-dLM/scale_to_climbmix/results_curriculum/runs/1e16/4M/p_ar_0p5/result.json,1337,256,True,54,4M,complete,13910,4.4136984795331955,4.418384313583374,0.1
32.94486747123301,1589,280,1869,55512288,64,0.2093100585867572,4362,"[{'grad_norm': 9.100434303283691, 'learning_rate': 4.128440366972477e-06, 'step': 1, 'train_nelbo': 7.3535590171813965}, {'grad_norm': 0.8673536777496338, 'learning_rate': 0.0009, 'step': 218, 'train_nelbo': 5.479180335998535}, {'grad_norm': 0.8361934423446655, 'learning_rate': 0.0009, 'step': 436, 'train_nelbo': 5.331007957458496}, {'grad_norm': 0.8492521643638611, 'learning_rate': 0.0009, 'step': 654, 'train_nelbo': 4.847589492797852}, {'grad_norm': 0.8884409070014954, 'learning_rate': 0.0009, 'step': 872, 'train_nelbo': 5.087430953979492}, {'grad_norm': 0.907815158367157, 'learning_rate': 0.0009, 'step': 1090, 'train_nelbo': 5.172980785369873}, {'grad_norm': 0.9661849141120911, 'learning_rate': 0.0009, 'step': 1308, 'train_nelbo': 4.940291404724121}, {'grad_norm': 2.434859037399292, 'learning_rate': 0.0009, 'step': 1526, 'train_nelbo': 5.127020835876465}, {'grad_norm': 0.7061976790428162, 'learning_rate': 0.0009, 'step': 1744, 'train_nelbo': 4.907439231872559}, {'grad_norm': 0.8680672645568848, 'learning_rate': 0.0009, 'step': 1962, 'train_nelbo': 4.975162506103516}, {'grad_norm': 0.8852192163467407, 'learning_rate': 0.0009, 'step': 2180, 'train_nelbo': 5.013145923614502}, {'grad_norm': 0.7728003859519958, 'learning_rate': 0.0009, 'step': 2398, 'train_nelbo': 4.821107864379883}, {'grad_norm': 0.860762357711792, 'learning_rate': 0.0009, 'step': 2616, 'train_nelbo': 4.746608734130859}, {'grad_norm': 1.9954845905303955, 'learning_rate': 0.0009, 'step': 2834, 'train_nelbo': 4.6658830642700195}, {'grad_norm': 0.9865170121192932, 'learning_rate': 0.0009, 'step': 3052, 'train_nelbo': 4.780591011047363}, {'grad_norm': 0.9419246315956116, 'learning_rate': 0.0009, 'step': 3270, 'train_nelbo': 4.779214859008789}, {'grad_norm': 0.842115581035614, 'learning_rate': 0.0009, 'step': 3488, 'train_nelbo': 4.932562828063965}, {'grad_norm': 0.8778958916664124, 'learning_rate': 0.0009, 'step': 3706, 'train_nelbo': 4.7016801834106445}, {'grad_norm': 1.0525392293930054, 'learning_rate': 0.0006036753445635528, 'step': 3924, 'train_nelbo': 4.697423934936523}, {'grad_norm': 0.9016803503036499, 'learning_rate': 0.00030321592649310876, 'step': 4142, 'train_nelbo': 4.590020179748535}, {'grad_norm': 0.8910610675811768, 'learning_rate': 2.7565084226646384e-06, 'step': 4360, 'train_nelbo': 4.364835262298584}, {'grad_norm': 1.421661138534546, 'learning_rate': 0.0, 'step': 4362, 'train_nelbo': 4.747986316680908}]",913.0104755554348,116135136,4,1e+16,102088704,dense_dual_stream_attention_v1,0.06355773457403616,4.400866508483887,4.747986316680908,0.0009,7979296,True,0.3,9999711100993536,/root/shakespeare-dLM/scale_to_climbmix/results_curriculum/runs/1e16/8M/p_ar_0p3/result.json,1337,256,True,28,8M,complete,6231,4.49535459280014,4.495897397398949,0.1
50.34760904405266,3902,689,4591,55512288,64,0.10531764141868402,3061,"[{'grad_norm': 24.268281936645508, 'learning_rate': 5.88235294117647e-06, 'step': 1, 'train_nelbo': 7.8634796142578125}, {'grad_norm': 1.1691621541976929, 'learning_rate': 0.0009, 'step': 153, 'train_nelbo': 5.243721961975098}, {'grad_norm': 1.1329249143600464, 'learning_rate': 0.0009, 'step': 306, 'train_nelbo': 5.176128387451172}, {'grad_norm': 1.1111928224563599, 'learning_rate': 0.0009, 'step': 459, 'train_nelbo': 5.337051868438721}, {'grad_norm': 0.9746251702308655, 'learning_rate': 0.0009, 'step': 612, 'train_nelbo': 4.8484296798706055}, {'grad_norm': 1.088954210281372, 'learning_rate': 0.0009, 'step': 765, 'train_nelbo': 4.98394775390625}, {'grad_norm': 1.1702505350112915, 'learning_rate': 0.0009, 'step': 918, 'train_nelbo': 4.920711994171143}, {'grad_norm': 0.9279714226722717, 'learning_rate': 0.0009, 'step': 1071, 'train_nelbo': 4.748364448547363}, {'grad_norm': 0.8300467729568481, 'learning_rate': 0.0009, 'step': 1224, 'train_nelbo': 4.729866027832031}, {'grad_norm': 0.9993923306465149, 'learning_rate': 0.0009, 'step': 1377, 'train_nelbo': 4.808544158935547}, {'grad_norm': 1.0310542583465576, 'learning_rate': 0.0009, 'step': 1530, 'train_nelbo': 4.9019060134887695}, {'grad_norm': 1.0002435445785522, 'learning_rate': 0.0009, 'step': 1683, 'train_nelbo': 4.601666450500488}, {'grad_norm': 0.8856387138366699, 'learning_rate': 0.0009, 'step': 1836, 'train_nelbo': 4.568821430206299}, {'grad_norm': 1.2605698108673096, 'learning_rate': 0.0009, 'step': 1989, 'train_nelbo': 4.599593162536621}, {'grad_norm': 0.9690036773681641, 'learning_rate': 0.0009, 'step': 2142, 'train_nelbo': 4.6234130859375}, {'grad_norm': 0.8755843043327332, 'learning_rate': 0.0009, 'step': 2295, 'train_nelbo': 4.529049873352051}, {'grad_norm': 0.99528568983078, 'learning_rate': 0.0009, 'step': 2448, 'train_nelbo': 4.904867172241211}, {'grad_norm': 1.344321846961975, 'learning_rate': 0.0009, 'step': 2601, 'train_nelbo': 4.819324493408203}, {'grad_norm': 1.4454421997070312, 'learning_rate': 0.0006032751091703057, 'step': 2754, 'train_nelbo': 4.650983810424805}, {'grad_norm': 1.257859706878662, 'learning_rate': 0.00030262008733624455, 'step': 2907, 'train_nelbo': 4.412742614746094}, {'grad_norm': 1.0652954578399658, 'learning_rate': 1.9650655021833607e-06, 'step': 3060, 'train_nelbo': 4.490594387054443}, {'grad_norm': 1.3791309595108032, 'learning_rate': 0.0, 'step': 3061, 'train_nelbo': 4.445625305175781}]",322.3773003825918,116135136,4,1e+16,125370368,dense_dual_stream_attention_v1,0.07805228453868154,4.107080459594727,4.445625305175781,0.0009,7979296,True,0.6,9999918129217536,/root/shakespeare-dLM/scale_to_climbmix/results_curriculum/runs/1e16/8M/p_ar_0p6/result.json,1337,256,True,28,8M,complete,7652,4.421402931213379,4.418784461915493,0.1
19.781522671692073,998,176,1174,55512288,64,0.20638854376289995,4694,"[{'grad_norm': 8.788403511047363, 'learning_rate': 3.8297872340425535e-06, 'step': 1, 'train_nelbo': 7.158660888671875}, {'grad_norm': 1.0191102027893066, 'learning_rate': 0.0008961702127659574, 'step': 234, 'train_nelbo': 5.41925048828125}, {'grad_norm': 0.7820956707000732, 'learning_rate': 0.0009, 'step': 468, 'train_nelbo': 5.3291215896606445}, {'grad_norm': 0.8361515998840332, 'learning_rate': 0.0009, 'step': 702, 'train_nelbo': 5.416874408721924}, {'grad_norm': 1.087074875831604, 'learning_rate': 0.0009, 'step': 936, 'train_nelbo': 5.069866180419922}, {'grad_norm': 0.8911631107330322, 'learning_rate': 0.0009, 'step': 1170, 'train_nelbo': 5.2348785400390625}, {'grad_norm': 1.0231451988220215, 'learning_rate': 0.0009, 'step': 1404, 'train_nelbo': 4.867181301116943}, {'grad_norm': 0.788565993309021, 'learning_rate': 0.0009, 'step': 1638, 'train_nelbo': 5.183064937591553}, {'grad_norm': 0.8150758743286133, 'learning_rate': 0.0009, 'step': 1872, 'train_nelbo': 5.028306007385254}, {'grad_norm': 0.7410034537315369, 'learning_rate': 0.0009, 'step': 2106, 'train_nelbo': 4.925500869750977}, {'grad_norm': 0.8386279940605164, 'learning_rate': 0.0009, 'step': 2340, 'train_nelbo': 4.999181747436523}, {'grad_norm': 0.9728873372077942, 'learning_rate': 0.0009, 'step': 2574, 'train_nelbo': 4.802188873291016}, {'grad_norm': 0.7502426505088806, 'learning_rate': 0.0009, 'step': 2808, 'train_nelbo': 4.712827682495117}, {'grad_norm': 1.243345022201538, 'learning_rate': 0.0009, 'step': 3042, 'train_nelbo': 4.940321922302246}, {'grad_norm': 0.799945056438446, 'learning_rate': 0.0009, 'step': 3276, 'train_nelbo': 4.825697898864746}, {'grad_norm': 0.9354221820831299, 'learning_rate': 0.0009, 'step': 3510, 'train_nelbo': 4.7112836837768555}, {'grad_norm': 1.123570442199707, 'learning_rate': 0.0009, 'step': 3744, 'train_nelbo': 4.782556533813477}, {'grad_norm': 1.582977533340454, 'learning_rate': 0.0009, 'step': 3978, 'train_nelbo': 4.887228965759277}, {'grad_norm': 3.293715476989746, 'learning_rate': 0.0006170697012802276, 'step': 4212, 'train_nelbo': 4.92516565322876}, {'grad_norm': 0.938077986240387, 'learning_rate': 0.0003174964438122333, 'step': 4446, 'train_nelbo': 4.799302101135254}, {'grad_norm': 0.9775553345680237, 'learning_rate': 1.792318634423895e-05, 'step': 4680, 'train_nelbo': 4.318014144897461}, {'grad_norm': 0.8062906861305237, 'learning_rate': 0.0, 'step': 4694, 'train_nelbo': 4.62498140335083}]",968.7878244230524,116135136,4,1e+16,96141312,dense_dual_stream_attention_v1,0.059855045174200636,4.721957683563232,4.62498140335083,0.0009,7979296,True,0.2,9999315017662464,/root/shakespeare-dLM/scale_to_climbmix/results_curriculum/runs/1e16/8M/p_ar_0p2/result.json,1337,256,True,28,8M,complete,5868,4.542522206902504,4.5425155609846115,0.1
10.09667566884309,471,83,554,55512288,64,0.2091296381356273,4990,"[{'grad_norm': 7.219156742095947, 'learning_rate': 3.6e-06, 'step': 1, 'train_nelbo': 7.333132743835449}, {'grad_norm': 0.8753389716148376, 'learning_rate': 0.0008964, 'step': 249, 'train_nelbo': 5.722495079040527}, {'grad_norm': 0.7156522274017334, 'learning_rate': 0.0009, 'step': 498, 'train_nelbo': 5.518976211547852}, {'grad_norm': 1.9986283779144287, 'learning_rate': 0.0009, 'step': 747, 'train_nelbo': 5.436586856842041}, {'grad_norm': 0.7123454213142395, 'learning_rate': 0.0009, 'step': 996, 'train_nelbo': 5.417605400085449}, {'grad_norm': 0.7123345136642456, 'learning_rate': 0.0009, 'step': 1245, 'train_nelbo': 5.477527618408203}, {'grad_norm': 0.7419186234474182, 'learning_rate': 0.0009, 'step': 1494, 'train_nelbo': 5.1913251876831055}, {'grad_norm': 0.7757020592689514, 'learning_rate': 0.0009, 'step': 1743, 'train_nelbo': 5.319446563720703}, {'grad_norm': 0.7589548826217651, 'learning_rate': 0.0009, 'step': 1992, 'train_nelbo': 5.005721092224121}, {'grad_norm': 0.64418625831604, 'learning_rate': 0.0009, 'step': 2241, 'train_nelbo': 5.136018753051758}, {'grad_norm': 0.8411390781402588, 'learning_rate': 0.0009, 'step': 2490, 'train_nelbo': 5.220052719116211}, {'grad_norm': 0.7950779795646667, 'learning_rate': 0.0009, 'step': 2739, 'train_nelbo': 4.885979652404785}, {'grad_norm': 0.8248658180236816, 'learning_rate': 0.0009, 'step': 2988, 'train_nelbo': 5.13709831237793}, {'grad_norm': 0.6877946257591248, 'learning_rate': 0.0009, 'step': 3237, 'train_nelbo': 4.752538681030273}, {'grad_norm': 0.8605509400367737, 'learning_rate': 0.0009, 'step': 3486, 'train_nelbo': 4.883325099945068}, {'grad_norm': 0.8292495012283325, 'learning_rate': 0.0009, 'step': 3735, 'train_nelbo': 4.870725631713867}, {'grad_norm': 0.7331802248954773, 'learning_rate': 0.0009, 'step': 3984, 'train_nelbo': 4.733670234680176}, {'grad_norm': 0.9808782339096069, 'learning_rate': 0.0009, 'step': 4233, 'train_nelbo': 4.8083319664001465}, {'grad_norm': 1.03038489818573, 'learning_rate': 0.0006120481927710844, 'step': 4482, 'train_nelbo': 4.842467308044434}, {'grad_norm': 1.2917548418045044, 'learning_rate': 0.0003120481927710843, 'step': 4731, 'train_nelbo': 4.57010555267334}, {'grad_norm': 0.8000549077987671, 'learning_rate': 1.2048192771084388e-05, 'step': 4980, 'train_nelbo': 4.440359115600586}, {'grad_norm': 0.7905415296554565, 'learning_rate': 0.0, 'step': 4990, 'train_nelbo': 4.4934234619140625}]",1043.5568942967802,116135136,4,1e+16,90832896,dense_dual_stream_attention_v1,0.05655016537930612,5.306856155395508,4.4934234619140625,0.0009,7979296,True,0.1,9998633143369728,/root/shakespeare-dLM/scale_to_climbmix/results_curriculum/runs/1e16/8M/p_ar_0p1/result.json,1337,256,True,28,8M,complete,5544,4.60331317782402,4.601322561502457,0.1
43.75152079295367,2258,399,2657,55512288,64,0.20630327401451365,3985,"[{'grad_norm': 9.232797622680664, 'learning_rate': 4.522613065326633e-06, 'step': 1, 'train_nelbo': 6.936406135559082}, {'grad_norm': 1.557063102722168, 'learning_rate': 0.0008999999999999999, 'step': 199, 'train_nelbo': 5.438750267028809}, {'grad_norm': 0.8331862092018127, 'learning_rate': 0.0009, 'step': 398, 'train_nelbo': 4.865550994873047}, {'grad_norm': 0.7679104804992676, 'learning_rate': 0.0009, 'step': 597, 'train_nelbo': 5.010845184326172}, {'grad_norm': 0.8574742078781128, 'learning_rate': 0.0009, 'step': 796, 'train_nelbo': 5.0968732833862305}, {'grad_norm': 1.026300072669983, 'learning_rate': 0.0009, 'step': 995, 'train_nelbo': 4.865607738494873}, {'grad_norm': 0.9030659794807434, 'learning_rate': 0.0009, 'step': 1194, 'train_nelbo': 4.896949291229248}, {'grad_norm': 0.9598737955093384, 'learning_rate': 0.0009, 'step': 1393, 'train_nelbo': 4.964127063751221}, {'grad_norm': 0.8618701696395874, 'learning_rate': 0.0009, 'step': 1592, 'train_nelbo': 4.974267959594727}, {'grad_norm': 1.5311025381088257, 'learning_rate': 0.0009, 'step': 1791, 'train_nelbo': 4.9522600173950195}, {'grad_norm': 1.0530357360839844, 'learning_rate': 0.0009, 'step': 1990, 'train_nelbo': 4.767892837524414}, {'grad_norm': 1.1363434791564941, 'learning_rate': 0.0009, 'step': 2189, 'train_nelbo': 4.788346767425537}, {'grad_norm': 0.9654067158699036, 'learning_rate': 0.0009, 'step': 2388, 'train_nelbo': 4.93733549118042}, {'grad_norm': 0.8296687602996826, 'learning_rate': 0.0009, 'step': 2587, 'train_nelbo': 4.7637858390808105}, {'grad_norm': 0.7706273794174194, 'learning_rate': 0.0009, 'step': 2786, 'train_nelbo': 4.648800849914551}, {'grad_norm': 1.9503406286239624, 'learning_rate': 0.0009, 'step': 2985, 'train_nelbo': 4.580854415893555}, {'grad_norm': 1.1131999492645264, 'learning_rate': 0.0009, 'step': 3184, 'train_nelbo': 4.746882438659668}, {'grad_norm': 1.1774160861968994, 'learning_rate': 0.0009, 'step': 3383, 'train_nelbo': 4.304858207702637}, {'grad_norm': 0.9636324644088745, 'learning_rate': 0.0006075376884422111, 'step': 3582, 'train_nelbo': 4.255147933959961}, {'grad_norm': 0.8761913776397705, 'learning_rate': 0.0003075376884422111, 'step': 3781, 'train_nelbo': 4.439623832702637}, {'grad_norm': 1.046694040298462, 'learning_rate': 7.537688442211054e-06, 'step': 3980, 'train_nelbo': 4.482416152954102}, {'grad_norm': 0.9373881220817566, 'learning_rate': 0.0, 'step': 3985, 'train_nelbo': 4.485276222229004}]",822.1185469478369,116135136,4,1e+16,108822528,dense_dual_stream_attention_v1,0.06775003579533753,4.204703330993652,4.485276222229004,0.0009,7979296,True,0.4,9999067810627584,/root/shakespeare-dLM/scale_to_climbmix/results_curriculum/runs/1e16/8M/p_ar_0p4/result.json,1337,256,True,28,8M,complete,6642,4.456188037991524,4.459756784141064,0.1
53.43736687116325,3023,533,3556,55512288,64,0.10396524650423293,3555,"[{'grad_norm': 8.17062759399414, 'learning_rate': 5.056179775280899e-06, 'step': 1, 'train_nelbo': 7.3420515060424805}, {'grad_norm': 1.2419264316558838, 'learning_rate': 0.0008949438202247191, 'step': 177, 'train_nelbo': 5.298111438751221}, {'grad_norm': 1.1164003610610962, 'learning_rate': 0.0009, 'step': 354, 'train_nelbo': 5.015545845031738}, {'grad_norm': 0.8502378463745117, 'learning_rate': 0.0009, 'step': 531, 'train_nelbo': 4.962657451629639}, {'grad_norm': 0.9391822218894958, 'learning_rate': 0.0009, 'step': 708, 'train_nelbo': 5.035622596740723}, {'grad_norm': 1.602899193763733, 'learning_rate': 0.0009, 'step': 885, 'train_nelbo': 5.0802001953125}, {'grad_norm': 0.9163169264793396, 'learning_rate': 0.0009, 'step': 1062, 'train_nelbo': 4.665290355682373}, {'grad_norm': 0.9975476264953613, 'learning_rate': 0.0009, 'step': 1239, 'train_nelbo': 4.966665267944336}, {'grad_norm': 0.9260215759277344, 'learning_rate': 0.0009, 'step': 1416, 'train_nelbo': 4.628185272216797}, {'grad_norm': 0.7785416841506958, 'learning_rate': 0.0009, 'step': 1593, 'train_nelbo': 4.606807708740234}, {'grad_norm': 0.9324913620948792, 'learning_rate': 0.0009, 'step': 1770, 'train_nelbo': 4.60092830657959}, {'grad_norm': 1.058233380317688, 'learning_rate': 0.0009, 'step': 1947, 'train_nelbo': 5.050199031829834}, {'grad_norm': 0.7764097452163696, 'learning_rate': 0.0009, 'step': 2124, 'train_nelbo': 4.428654670715332}, {'grad_norm': 0.984652578830719, 'learning_rate': 0.0009, 'step': 2301, 'train_nelbo': 4.794434547424316}, {'grad_norm': 1.0595967769622803, 'learning_rate': 0.0009, 'step': 2478, 'train_nelbo': 4.595536231994629}, {'grad_norm': 0.9368250370025635, 'learning_rate': 0.0009, 'step': 2655, 'train_nelbo': 4.651454925537109}, {'grad_norm': 0.8423667550086975, 'learning_rate': 0.0009, 'step': 2832, 'train_nelbo': 4.277861595153809}, {'grad_norm': 1.0791975259780884, 'learning_rate': 0.0009, 'step': 3009, 'train_nelbo': 4.725340366363525}, {'grad_norm': 0.9563832879066467, 'learning_rate': 0.0006242481203007518, 'step': 3186, 'train_nelbo': 4.614111423492432}, {'grad_norm': 1.0455759763717651, 'learning_rate': 0.00032481203007518795, 'step': 3363, 'train_nelbo': 4.520761489868164}, {'grad_norm': 0.8836382031440735, 'learning_rate': 2.5375939849624094e-05, 'step': 3540, 'train_nelbo': 4.4120635986328125}, {'grad_norm': 0.9839881658554077, 'learning_rate': 0.0, 'step': 3555, 'train_nelbo': 4.456173896789551}]",369.5964513225481,116135136,4,1e+16,116506624,dense_dual_stream_attention_v1,0.07253395130091014,3.9847211837768555,4.456173896789551,0.0009,7979296,True,0.5,9998534321897472,/root/shakespeare-dLM/scale_to_climbmix/results_curriculum/runs/1e16/8M/p_ar_0p5/result.json,1337,256,True,28,8M,complete,7111,4.4401586055755615,4.437728114426136,0.1
57.627437656745315,6526,1152,7678,14311584,64,0.07815156300067944,17915,"[{'grad_norm': 52.84123229980469, 'learning_rate': 1.0044642857142857e-06, 'step': 1, 'train_nelbo': 8.47895622253418}, {'grad_norm': 1.3611674308776855, 'learning_rate': 0.0008989955357142857, 'step': 895, 'train_nelbo': 5.067965507507324}, {'grad_norm': 1.3482264280319214, 'learning_rate': 0.0009, 'step': 1790, 'train_nelbo': 4.869093418121338}, {'grad_norm': 1.5830283164978027, 'learning_rate': 0.0009, 'step': 2685, 'train_nelbo': 4.887495994567871}, {'grad_norm': 1.2064701318740845, 'learning_rate': 0.0009, 'step': 3580, 'train_nelbo': 4.832533836364746}, {'grad_norm': 1.531301498413086, 'learning_rate': 0.0009, 'step': 4475, 'train_nelbo': 4.96820592880249}, {'grad_norm': 1.6240299940109253, 'learning_rate': 0.0009, 'step': 5370, 'train_nelbo': 4.89309024810791}, {'grad_norm': 1.4731312990188599, 'learning_rate': 0.0009, 'step': 6265, 'train_nelbo': 4.855940341949463}, {'grad_norm': 1.4906425476074219, 'learning_rate': 0.0009, 'step': 7160, 'train_nelbo': 4.758242130279541}, {'grad_norm': 3.625887632369995, 'learning_rate': 0.0009, 'step': 8055, 'train_nelbo': 5.250988960266113}, {'grad_norm': 1.6066442728042603, 'learning_rate': 0.0009, 'step': 8950, 'train_nelbo': 4.654025077819824}, {'grad_norm': 1.3536361455917358, 'learning_rate': 0.0009, 'step': 9845, 'train_nelbo': 4.649448394775391}, {'grad_norm': 1.8983997106552124, 'learning_rate': 0.0009, 'step': 10740, 'train_nelbo': 4.906063079833984}, {'grad_norm': 2.5050129890441895, 'learning_rate': 0.0009, 'step': 11635, 'train_nelbo': 4.9660258293151855}, {'grad_norm': 1.4298630952835083, 'learning_rate': 0.0009, 'step': 12530, 'train_nelbo': 4.641785621643066}, {'grad_norm': 1.8259923458099365, 'learning_rate': 0.0009, 'step': 13425, 'train_nelbo': 4.805560111999512}, {'grad_norm': 2.252121925354004, 'learning_rate': 0.0009, 'step': 14320, 'train_nelbo': 4.668704986572266}, {'grad_norm': 1.4332021474838257, 'learning_rate': 0.0009, 'step': 15215, 'train_nelbo': 4.665677070617676}, {'grad_norm': 1.6791510581970215, 'learning_rate': 0.0006048026805658971, 'step': 16110, 'train_nelbo': 4.717362403869629}, {'grad_norm': 1.7377936840057373, 'learning_rate': 0.0003049143708116158, 'step': 17005, 'train_nelbo': 4.639858245849609}, {'grad_norm': 1.5861855745315552, 'learning_rate': 5.026061057334341e-06, 'step': 17900, 'train_nelbo': 4.24350643157959}, {'grad_norm': 1.8913624286651611, 'learning_rate': 0.0, 'step': 17915, 'train_nelbo': 4.466728210449219}]",1400.085251157172,27934368,4,1e+16,419315712,dense_dual_stream_attention_v1,0.26105490305782497,4.037483215332031,4.466728210449219,0.0009,1985536,True,0.3,9999622875906048,/root/shakespeare-dLM/scale_to_climbmix/results_curriculum/runs/1e16/2M/p_ar_0p3/result.json,1337,256,True,115,2M,complete,25593,4.472379237413406,4.478675000369549,0.1
140.4749876158312,15752,2780,18532,14311584,64,0.07897417417179774,12355,"[{'grad_norm': 57.1161994934082, 'learning_rate': 1.4563106796116503e-06, 'step': 1, 'train_nelbo': 6.918606281280518}, {'grad_norm': 2.078667402267456, 'learning_rate': 0.0008985436893203883, 'step': 617, 'train_nelbo': 5.299277305603027}, {'grad_norm': 1.8404912948608398, 'learning_rate': 0.0009, 'step': 1234, 'train_nelbo': 4.400457382202148}, {'grad_norm': 1.5785197019577026, 'learning_rate': 0.0009, 'step': 1851, 'train_nelbo': 4.956747055053711}, {'grad_norm': 1.636717438697815, 'learning_rate': 0.0009, 'step': 2468, 'train_nelbo': 4.6705121994018555}, {'grad_norm': 1.5019958019256592, 'learning_rate': 0.0009, 'step': 3085, 'train_nelbo': 4.668895721435547}, {'grad_norm': 1.7308142185211182, 'learning_rate': 0.0009, 'step': 3702, 'train_nelbo': 4.765568733215332}, {'grad_norm': 1.8933011293411255, 'learning_rate': 0.0009, 'step': 4319, 'train_nelbo': 4.707032203674316}, {'grad_norm': 1.6708985567092896, 'learning_rate': 0.0009, 'step': 4936, 'train_nelbo': 4.729264259338379}, {'grad_norm': 1.4935411214828491, 'learning_rate': 0.0009, 'step': 5553, 'train_nelbo': 4.740616798400879}, {'grad_norm': 1.6255903244018555, 'learning_rate': 0.0009, 'step': 6170, 'train_nelbo': 4.647791385650635}, {'grad_norm': 1.8411519527435303, 'learning_rate': 0.0009, 'step': 6787, 'train_nelbo': 4.728466987609863}, {'grad_norm': 1.6429791450500488, 'learning_rate': 0.0009, 'step': 7404, 'train_nelbo': 4.74287223815918}, {'grad_norm': 1.562457799911499, 'learning_rate': 0.0009, 'step': 8021, 'train_nelbo': 4.72088623046875}, {'grad_norm': 2.418544054031372, 'learning_rate': 0.0009, 'step': 8638, 'train_nelbo': 4.981797218322754}, {'grad_norm': 1.532748818397522, 'learning_rate': 0.0009, 'step': 9255, 'train_nelbo': 4.777364730834961}, {'grad_norm': 1.7087748050689697, 'learning_rate': 0.0009, 'step': 9872, 'train_nelbo': 4.49308967590332}, {'grad_norm': 1.8107796907424927, 'learning_rate': 0.0009, 'step': 10489, 'train_nelbo': 4.819208145141602}, {'grad_norm': 1.569136619567871, 'learning_rate': 0.0006069654427645788, 'step': 11106, 'train_nelbo': 4.835305213928223}, {'grad_norm': 1.559383749961853, 'learning_rate': 0.00030712742980561555, 'step': 11723, 'train_nelbo': 4.688955783843994}, {'grad_norm': 1.578781008720398, 'learning_rate': 7.289416846652285e-06, 'step': 12340, 'train_nelbo': 4.552440643310547}, {'grad_norm': 1.548368215560913, 'learning_rate': 0.0, 'step': 12355, 'train_nelbo': 4.466001510620117}]",975.725921892561,27934368,4,1e+16,506052608,dense_dual_stream_attention_v1,0.31505500686699645,4.121517181396484,4.466001510620117,0.0009,1985536,True,0.6,9999997195517952,/root/shakespeare-dLM/scale_to_climbmix/results_curriculum/runs/1e16/2M/p_ar_0p6/result.json,1337,256,True,115,2M,complete,30887,4.478969439864159,4.48877814412117,0.1
34.4817792000249,4116,726,4842,14311584,64,0.07795912027493648,19368,"[{'grad_norm': 64.0293960571289, 'learning_rate': 9.297520661157024e-07, 'step': 1, 'train_nelbo': 8.584077835083008}, {'grad_norm': 1.7231206893920898, 'learning_rate': 0.0009, 'step': 968, 'train_nelbo': 5.240488052368164}, {'grad_norm': 1.0667184591293335, 'learning_rate': 0.0009, 'step': 1936, 'train_nelbo': 5.042562484741211}, {'grad_norm': 1.0721348524093628, 'learning_rate': 0.0009, 'step': 2904, 'train_nelbo': 4.91445255279541}, {'grad_norm': 1.8848878145217896, 'learning_rate': 0.0009, 'step': 3872, 'train_nelbo': 4.846317291259766}, {'grad_norm': 1.2701034545898438, 'learning_rate': 0.0009, 'step': 4840, 'train_nelbo': 5.121159553527832}, {'grad_norm': 1.8102232217788696, 'learning_rate': 0.0009, 'step': 5808, 'train_nelbo': 5.178173065185547}, {'grad_norm': 1.2915749549865723, 'learning_rate': 0.0009, 'step': 6776, 'train_nelbo': 4.760921001434326}, {'grad_norm': 1.296069622039795, 'learning_rate': 0.0009, 'step': 7744, 'train_nelbo': 4.637409210205078}, {'grad_norm': 1.5232778787612915, 'learning_rate': 0.0009, 'step': 8712, 'train_nelbo': 4.622910499572754}, {'grad_norm': 2.441363573074341, 'learning_rate': 0.0009, 'step': 9680, 'train_nelbo': 4.8950090408325195}, {'grad_norm': 1.624194860458374, 'learning_rate': 0.0009, 'step': 10648, 'train_nelbo': 4.934839248657227}, {'grad_norm': 1.7294350862503052, 'learning_rate': 0.0009, 'step': 11616, 'train_nelbo': 4.959099769592285}, {'grad_norm': 1.6093838214874268, 'learning_rate': 0.0009, 'step': 12584, 'train_nelbo': 5.0628228187561035}, {'grad_norm': 1.4083749055862427, 'learning_rate': 0.0009, 'step': 13552, 'train_nelbo': 4.602761268615723}, {'grad_norm': 1.4579395055770874, 'learning_rate': 0.0009, 'step': 14520, 'train_nelbo': 4.652204513549805}, {'grad_norm': 1.892096996307373, 'learning_rate': 0.0009, 'step': 15488, 'train_nelbo': 4.770621299743652}, {'grad_norm': 2.3014492988586426, 'learning_rate': 0.0009, 'step': 16456, 'train_nelbo': 4.689138412475586}, {'grad_norm': 1.6867560148239136, 'learning_rate': 0.0006024793388429752, 'step': 17424, 'train_nelbo': 4.253909111022949}, {'grad_norm': 1.5661903619766235, 'learning_rate': 0.00030247933884297514, 'step': 18392, 'train_nelbo': 4.376707077026367}, {'grad_norm': 1.7302738428115845, 'learning_rate': 2.4793388429752316e-06, 'step': 19360, 'train_nelbo': 4.319257736206055}, {'grad_norm': 1.9296919107437134, 'learning_rate': 0.0, 'step': 19368, 'train_nelbo': 4.4901933670043945}]",1509.9122414849699,27934368,4,1e+16,396656640,dense_dual_stream_attention_v1,0.24694796245184006,4.182895660400391,4.4901933670043945,0.0009,1985536,True,0.2,9999639005626368,/root/shakespeare-dLM/scale_to_climbmix/results_curriculum/runs/1e16/2M/p_ar_0p2/result.json,1337,256,True,115,2M,complete,24210,4.477350980043411,4.484066054224968,0.1
18.866207950748503,1952,345,2297,14311584,64,0.07753576398089178,20672,"[{'grad_norm': 28.376007080078125, 'learning_rate': 8.704061895551257e-07, 'step': 1, 'train_nelbo': 7.393265724182129}, {'grad_norm': 1.5425399541854858, 'learning_rate': 0.0008991295938104449, 'step': 1033, 'train_nelbo': 5.447700500488281}, {'grad_norm': 1.2253228425979614, 'learning_rate': 0.0009, 'step': 2066, 'train_nelbo': 5.088812351226807}, {'grad_norm': 1.0281680822372437, 'learning_rate': 0.0009, 'step': 3099, 'train_nelbo': 5.144852638244629}, {'grad_norm': 1.209639549255371, 'learning_rate': 0.0009, 'step': 4132, 'train_nelbo': 4.979060649871826}, {'grad_norm': 1.0969452857971191, 'learning_rate': 0.0009, 'step': 5165, 'train_nelbo': 4.690967082977295}, {'grad_norm': 1.122564673423767, 'learning_rate': 0.0009, 'step': 6198, 'train_nelbo': 5.031458854675293}, {'grad_norm': 1.1101837158203125, 'learning_rate': 0.0009, 'step': 7231, 'train_nelbo': 4.807988166809082}, {'grad_norm': 1.3560584783554077, 'learning_rate': 0.0009, 'step': 8264, 'train_nelbo': 4.806447982788086}, {'grad_norm': 1.320541501045227, 'learning_rate': 0.0009, 'step': 9297, 'train_nelbo': 4.460166931152344}, {'grad_norm': 1.2440955638885498, 'learning_rate': 0.0009, 'step': 10330, 'train_nelbo': 4.631601810455322}, {'grad_norm': 3.3656163215637207, 'learning_rate': 0.0009, 'step': 11363, 'train_nelbo': 4.8100690841674805}, {'grad_norm': 1.478663682937622, 'learning_rate': 0.0009, 'step': 12396, 'train_nelbo': 4.848320007324219}, {'grad_norm': 1.3818328380584717, 'learning_rate': 0.0009, 'step': 13429, 'train_nelbo': 4.797576904296875}, {'grad_norm': 1.4724795818328857, 'learning_rate': 0.0009, 'step': 14462, 'train_nelbo': 4.47725772857666}, {'grad_norm': 1.2912039756774902, 'learning_rate': 0.0009, 'step': 15495, 'train_nelbo': 4.89875602722168}, {'grad_norm': 1.5106273889541626, 'learning_rate': 0.0009, 'step': 16528, 'train_nelbo': 4.649026870727539}, {'grad_norm': 2.552993059158325, 'learning_rate': 0.0009, 'step': 17561, 'train_nelbo': 4.748205184936523}, {'grad_norm': 1.442639946937561, 'learning_rate': 0.0006032903225806452, 'step': 18594, 'train_nelbo': 4.63594913482666}, {'grad_norm': 1.9353660345077515, 'learning_rate': 0.0003033870967741935, 'step': 19627, 'train_nelbo': 4.635740280151367}, {'grad_norm': 1.5647883415222168, 'learning_rate': 3.483870967741964e-06, 'step': 20660, 'train_nelbo': 4.447839736938477}, {'grad_norm': 1.533394455909729, 'learning_rate': 0.0, 'step': 20672, 'train_nelbo': 4.364056587219238}]",1602.8193130129948,27934368,4,1e+16,376324096,dense_dual_stream_attention_v1,0.23428945681769162,4.520138263702393,4.364056587219238,0.0009,1985536,True,0.1,9999695277981696,/root/shakespeare-dLM/scale_to_climbmix/results_curriculum/runs/1e16/2M/p_ar_0p1/result.json,1337,256,True,115,2M,complete,22969,4.478720277547836,4.484469875693321,0.1
83.43948506005108,9229,1629,10858,14311584,64,0.07834032844095813,16286,"[{'grad_norm': 38.18013000488281, 'learning_rate': 1.1056511056511056e-06, 'step': 1, 'train_nelbo': 8.252044677734375}, {'grad_norm': 1.7245421409606934, 'learning_rate': 0.0009000000000000001, 'step': 814, 'train_nelbo': 4.890933513641357}, {'grad_norm': 2.065927028656006, 'learning_rate': 0.0009, 'step': 1628, 'train_nelbo': 5.098185062408447}, {'grad_norm': 2.10522198677063, 'learning_rate': 0.0009, 'step': 2442, 'train_nelbo': 4.932131767272949}, {'grad_norm': 1.4817790985107422, 'learning_rate': 0.0009, 'step': 3256, 'train_nelbo': 4.965906143188477}, {'grad_norm': 1.7310543060302734, 'learning_rate': 0.0009, 'step': 4070, 'train_nelbo': 4.774423599243164}, {'grad_norm': 1.4634463787078857, 'learning_rate': 0.0009, 'step': 4884, 'train_nelbo': 5.117465972900391}, {'grad_norm': 1.482986569404602, 'learning_rate': 0.0009, 'step': 5698, 'train_nelbo': 4.773896217346191}, {'grad_norm': 1.3924903869628906, 'learning_rate': 0.0009, 'step': 6512, 'train_nelbo': 4.691708087921143}, {'grad_norm': 1.611328363418579, 'learning_rate': 0.0009, 'step': 7326, 'train_nelbo': 4.855034351348877}, {'grad_norm': 1.7057629823684692, 'learning_rate': 0.0009, 'step': 8140, 'train_nelbo': 4.348161220550537}, {'grad_norm': 1.397463083267212, 'learning_rate': 0.0009, 'step': 8954, 'train_nelbo': 4.481103897094727}, {'grad_norm': 2.5373268127441406, 'learning_rate': 0.0009, 'step': 9768, 'train_nelbo': 4.629291534423828}, {'grad_norm': 1.9710631370544434, 'learning_rate': 0.0009, 'step': 10582, 'train_nelbo': 4.848977088928223}, {'grad_norm': 1.4871625900268555, 'learning_rate': 0.0009, 'step': 11396, 'train_nelbo': 4.640754222869873}, {'grad_norm': 1.953914761543274, 'learning_rate': 0.0009, 'step': 12210, 'train_nelbo': 4.894373893737793}, {'grad_norm': 1.6593703031539917, 'learning_rate': 0.0009, 'step': 13024, 'train_nelbo': 4.908165454864502}, {'grad_norm': 1.7158738374710083, 'learning_rate': 0.0009, 'step': 13838, 'train_nelbo': 4.535672187805176}, {'grad_norm': 1.8294336795806885, 'learning_rate': 0.0006022113022113022, 'step': 14652, 'train_nelbo': 4.705826759338379}, {'grad_norm': 1.7433452606201172, 'learning_rate': 0.0003022113022113022, 'step': 15466, 'train_nelbo': 4.507977485656738}, {'grad_norm': 1.444691777229309, 'learning_rate': 2.2113022113021794e-06, 'step': 16280, 'train_nelbo': 4.4760847091674805}, {'grad_norm': 1.5277347564697266, 'learning_rate': 0.0, 'step': 16286, 'train_nelbo': 4.530515193939209}]",1275.850588989444,27934368,4,1e+16,444727296,dense_dual_stream_attention_v1,0.2768754850389404,3.9790971279144287,4.530515193939209,0.0009,1985536,True,0.4,9999717110906880,/root/shakespeare-dLM/scale_to_climbmix/results_curriculum/runs/1e16/2M/p_ar_0p4/result.json,1337,256,True,115,2M,complete,27144,4.472147107124329,4.478611670434475,0.1
110.21610143221915,12281,2167,14448,14311584,64,0.07846789117572457,14447,"[{'grad_norm': 36.76268768310547, 'learning_rate': 1.2465373961218836e-06, 'step': 1, 'train_nelbo': 7.956385612487793}, {'grad_norm': 2.45512318611145, 'learning_rate': 0.0008999999999999999, 'step': 722, 'train_nelbo': 5.21533203125}, {'grad_norm': 1.8890799283981323, 'learning_rate': 0.0009, 'step': 1444, 'train_nelbo': 4.973926544189453}, {'grad_norm': 2.10154128074646, 'learning_rate': 0.0009, 'step': 2166, 'train_nelbo': 4.9152069091796875}, {'grad_norm': 1.4218149185180664, 'learning_rate': 0.0009, 'step': 2888, 'train_nelbo': 4.7613654136657715}, {'grad_norm': 1.422884225845337, 'learning_rate': 0.0009, 'step': 3610, 'train_nelbo': 4.864802360534668}, {'grad_norm': 1.9234211444854736, 'learning_rate': 0.0009, 'step': 4332, 'train_nelbo': 4.750854015350342}, {'grad_norm': 2.715865135192871, 'learning_rate': 0.0009, 'step': 5054, 'train_nelbo': 4.79310417175293}, {'grad_norm': 1.5193825960159302, 'learning_rate': 0.0009, 'step': 5776, 'train_nelbo': 4.714945316314697}, {'grad_norm': 1.5096195936203003, 'learning_rate': 0.0009, 'step': 6498, 'train_nelbo': 4.791274070739746}, {'grad_norm': 2.208371162414551, 'learning_rate': 0.0009, 'step': 7220, 'train_nelbo': 4.874377250671387}, {'grad_norm': 1.7816188335418701, 'learning_rate': 0.0009, 'step': 7942, 'train_nelbo': 4.808320999145508}, {'grad_norm': 1.6104319095611572, 'learning_rate': 0.0009, 'step': 8664, 'train_nelbo': 4.720613956451416}, {'grad_norm': 1.9008527994155884, 'learning_rate': 0.0009, 'step': 9386, 'train_nelbo': 4.93527364730835}, {'grad_norm': 2.9527599811553955, 'learning_rate': 0.0009, 'step': 10108, 'train_nelbo': 4.792675018310547}, {'grad_norm': 1.7132600545883179, 'learning_rate': 0.0009, 'step': 10830, 'train_nelbo': 4.549564361572266}, {'grad_norm': 1.9787317514419556, 'learning_rate': 0.0009, 'step': 11552, 'train_nelbo': 4.851643085479736}, {'grad_norm': 1.8597795963287354, 'learning_rate': 0.0009, 'step': 12274, 'train_nelbo': 4.844579696655273}, {'grad_norm': 1.5810046195983887, 'learning_rate': 0.0006029085872576176, 'step': 12996, 'train_nelbo': 4.67595100402832}, {'grad_norm': 2.9731273651123047, 'learning_rate': 0.0003029085872576177, 'step': 13718, 'train_nelbo': 4.552858352661133}, {'grad_norm': 1.471205234527588, 'learning_rate': 2.9085872576177007e-06, 'step': 14440, 'train_nelbo': 4.292076587677002}, {'grad_norm': 1.9396557807922363, 'learning_rate': 0.0, 'step': 14447, 'train_nelbo': 4.639072418212891}]",1133.625623815693,27934368,4,1e+16,473415680,dense_dual_stream_attention_v1,0.2947361162761635,3.9287643432617188,4.639072418212891,0.0009,1985536,True,0.5,9999836448817152,/root/shakespeare-dLM/scale_to_climbmix/results_curriculum/runs/1e16/2M/p_ar_0p5/result.json,1337,256,True,115,2M,complete,28895,4.4725213795900345,4.475129507482052,0.1
26.89208505488932,4604,813,5417,6774240,64,0.04339588401028273,12641,"[{'grad_norm': 24.572782516479492, 'learning_rate': 4.272151898734178e-06, 'step': 1, 'train_nelbo': 7.711797714233398}, {'grad_norm': 1.3032320737838745, 'learning_rate': 0.0027, 'step': 632, 'train_nelbo': 5.675291061401367}, {'grad_norm': 0.9997804164886475, 'learning_rate': 0.0027, 'step': 1264, 'train_nelbo': 5.317681312561035}, {'grad_norm': 1.1469433307647705, 'learning_rate': 0.0027, 'step': 1896, 'train_nelbo': 5.464940547943115}, {'grad_norm': 1.1983801126480103, 'learning_rate': 0.0027, 'step': 2528, 'train_nelbo': 5.434067726135254}, {'grad_norm': 1.1306962966918945, 'learning_rate': 0.0027, 'step': 3160, 'train_nelbo': 5.401388168334961}, {'grad_norm': 0.8001425266265869, 'learning_rate': 0.0027, 'step': 3792, 'train_nelbo': 5.210328578948975}, {'grad_norm': 1.0532208681106567, 'learning_rate': 0.0027, 'step': 4424, 'train_nelbo': 4.992875576019287}, {'grad_norm': 1.0714781284332275, 'learning_rate': 0.0027, 'step': 5056, 'train_nelbo': 5.284417152404785}, {'grad_norm': 1.2263150215148926, 'learning_rate': 0.0027, 'step': 5688, 'train_nelbo': 5.098214149475098}, {'grad_norm': 1.0365463495254517, 'learning_rate': 0.0027, 'step': 6320, 'train_nelbo': 4.993448257446289}, {'grad_norm': 1.1531014442443848, 'learning_rate': 0.0027, 'step': 6952, 'train_nelbo': 4.59230899810791}, {'grad_norm': 1.413546085357666, 'learning_rate': 0.0027, 'step': 7584, 'train_nelbo': 5.299516677856445}, {'grad_norm': 0.9808738827705383, 'learning_rate': 0.0027, 'step': 8216, 'train_nelbo': 5.145978927612305}, {'grad_norm': 0.8527231812477112, 'learning_rate': 0.0027, 'step': 8848, 'train_nelbo': 4.983688831329346}, {'grad_norm': 1.1601738929748535, 'learning_rate': 0.0027, 'step': 9480, 'train_nelbo': 4.8541765213012695}, {'grad_norm': 1.116572618484497, 'learning_rate': 0.0027, 'step': 10112, 'train_nelbo': 5.0220537185668945}, {'grad_norm': 1.160693883895874, 'learning_rate': 0.0027, 'step': 10744, 'train_nelbo': 4.980964660644531}, {'grad_norm': 1.3421536684036255, 'learning_rate': 0.0018023746701846966, 'step': 11376, 'train_nelbo': 5.17900276184082}, {'grad_norm': 1.408469557762146, 'learning_rate': 0.0009018997361477573, 'step': 12008, 'train_nelbo': 4.709727764129639}, {'grad_norm': 1.5433743000030518, 'learning_rate': 1.4248021108179021e-06, 'step': 12640, 'train_nelbo': 4.988071441650391}, {'grad_norm': 0.9450938105583191, 'learning_rate': 0.0, 'step': 12641, 'train_nelbo': 4.684627532958984}]",548.567369773984,11581920,4,3000000000000000.0,295862272,dense_dual_stream_attention_v1,0.18419604733396644,4.351503372192383,4.684627532958984,0.0027,965920,True,0.3,2999961334579200,/root/shakespeare-dLM/scale_to_climbmix/results_curriculum/runs/3e15/1M/p_ar_0p3/result.json,1337,256,True,82,1M,complete,18058,4.736285477876663,4.739063546061516,0.1
61.41421883367002,10737,1895,12632,6774240,64,0.043347647770059894,8421,"[{'grad_norm': 51.827510833740234, 'learning_rate': 6.413301662707839e-06, 'step': 1, 'train_nelbo': 8.593687057495117}, {'grad_norm': 1.483709454536438, 'learning_rate': 0.0027, 'step': 421, 'train_nelbo': 5.446849346160889}, {'grad_norm': 1.0833476781845093, 'learning_rate': 0.0027, 'step': 842, 'train_nelbo': 5.161534786224365}, {'grad_norm': 1.2485148906707764, 'learning_rate': 0.0027, 'step': 1263, 'train_nelbo': 5.044919967651367}, {'grad_norm': 1.0418812036514282, 'learning_rate': 0.0027, 'step': 1684, 'train_nelbo': 5.090344429016113}, {'grad_norm': 1.3824292421340942, 'learning_rate': 0.0027, 'step': 2105, 'train_nelbo': 5.072248935699463}, {'grad_norm': 1.2101365327835083, 'learning_rate': 0.0027, 'step': 2526, 'train_nelbo': 5.179300308227539}, {'grad_norm': 1.0017763376235962, 'learning_rate': 0.0027, 'step': 2947, 'train_nelbo': 5.128411293029785}, {'grad_norm': 1.0862951278686523, 'learning_rate': 0.0027, 'step': 3368, 'train_nelbo': 5.0031585693359375}, {'grad_norm': 1.5985801219940186, 'learning_rate': 0.0027, 'step': 3789, 'train_nelbo': 5.704432964324951}, {'grad_norm': 1.0482219457626343, 'learning_rate': 0.0027, 'step': 4210, 'train_nelbo': 4.861913681030273}, {'grad_norm': 1.4525541067123413, 'learning_rate': 0.0027, 'step': 4631, 'train_nelbo': 5.157712936401367}, {'grad_norm': 1.1606686115264893, 'learning_rate': 0.0027, 'step': 5052, 'train_nelbo': 4.936670303344727}, {'grad_norm': 0.92026686668396, 'learning_rate': 0.0027, 'step': 5473, 'train_nelbo': 4.853755950927734}, {'grad_norm': 4.996359825134277, 'learning_rate': 0.0027, 'step': 5894, 'train_nelbo': 3.5487990379333496}, {'grad_norm': 1.1672347784042358, 'learning_rate': 0.0027, 'step': 6315, 'train_nelbo': 5.040651321411133}, {'grad_norm': 1.04962956905365, 'learning_rate': 0.0027, 'step': 6736, 'train_nelbo': 5.211104393005371}, {'grad_norm': 1.851135492324829, 'learning_rate': 0.0027, 'step': 7157, 'train_nelbo': 4.18631649017334}, {'grad_norm': 1.2667571306228638, 'learning_rate': 0.0018035657686212361, 'step': 7578, 'train_nelbo': 5.137422561645508}, {'grad_norm': 1.3323118686676025, 'learning_rate': 0.0009028526148969891, 'step': 7999, 'train_nelbo': 4.859663963317871}, {'grad_norm': 1.0295697450637817, 'learning_rate': 2.139461172741619e-06, 'step': 8420, 'train_nelbo': 4.602506160736084}, {'grad_norm': 0.9446085095405579, 'learning_rate': 0.0, 'step': 8421, 'train_nelbo': 4.7652740478515625}]",365.03054187167436,11581920,4,3000000000000000.0,344932352,dense_dual_stream_attention_v1,0.21474578494417962,4.192935943603516,4.7652740478515625,0.0027,965920,True,0.6,2999968530432000,/root/shakespeare-dLM/scale_to_climbmix/results_curriculum/runs/3e15/1M/p_ar_0p6/result.json,1337,256,True,82,1M,complete,21053,4.7722253650426865,4.758332058787346,0.1
16.1088478397578,2931,517,3448,6774240,64,0.043185121239135434,13792,"[{'grad_norm': 19.127830505371094, 'learning_rate': 3.91304347826087e-06, 'step': 1, 'train_nelbo': 7.862285137176514}, {'grad_norm': 1.196913719177246, 'learning_rate': 0.0026960869565217393, 'step': 689, 'train_nelbo': 5.374459266662598}, {'grad_norm': 1.039262294769287, 'learning_rate': 0.0027, 'step': 1378, 'train_nelbo': 5.475625514984131}, {'grad_norm': 1.0941075086593628, 'learning_rate': 0.0027, 'step': 2067, 'train_nelbo': 5.324067115783691}, {'grad_norm': 1.620834469795227, 'learning_rate': 0.0027, 'step': 2756, 'train_nelbo': 5.440476417541504}, {'grad_norm': 1.1869049072265625, 'learning_rate': 0.0027, 'step': 3445, 'train_nelbo': 5.073559284210205}, {'grad_norm': 0.9795230031013489, 'learning_rate': 0.0027, 'step': 4134, 'train_nelbo': 5.354022026062012}, {'grad_norm': 0.8335659503936768, 'learning_rate': 0.0027, 'step': 4823, 'train_nelbo': 5.194234371185303}, {'grad_norm': 0.9168121218681335, 'learning_rate': 0.0027, 'step': 5512, 'train_nelbo': 5.2855987548828125}, {'grad_norm': 1.1307027339935303, 'learning_rate': 0.0027, 'step': 6201, 'train_nelbo': 5.241249084472656}, {'grad_norm': 0.9268016219139099, 'learning_rate': 0.0027, 'step': 6890, 'train_nelbo': 5.171133041381836}, {'grad_norm': 0.9604238271713257, 'learning_rate': 0.0027, 'step': 7579, 'train_nelbo': 5.333876609802246}, {'grad_norm': 0.8468164801597595, 'learning_rate': 0.0027, 'step': 8268, 'train_nelbo': 5.1791839599609375}, {'grad_norm': 0.8692996501922607, 'learning_rate': 0.0027, 'step': 8957, 'train_nelbo': 5.178964614868164}, {'grad_norm': 1.3493402004241943, 'learning_rate': 0.0027, 'step': 9646, 'train_nelbo': 4.976446151733398}, {'grad_norm': 1.2044792175292969, 'learning_rate': 0.0027, 'step': 10335, 'train_nelbo': 5.120547294616699}, {'grad_norm': 1.0745880603790283, 'learning_rate': 0.0027, 'step': 11024, 'train_nelbo': 5.14579963684082}, {'grad_norm': 0.8672524094581604, 'learning_rate': 0.0027, 'step': 11713, 'train_nelbo': 4.91724157333374}, {'grad_norm': 0.9769622683525085, 'learning_rate': 0.0018147969052224372, 'step': 12402, 'train_nelbo': 4.6743483543396}, {'grad_norm': 1.2854750156402588, 'learning_rate': 0.0009152321083172147, 'step': 13091, 'train_nelbo': 4.659232139587402}, {'grad_norm': 1.1443097591400146, 'learning_rate': 1.5667311411992314e-05, 'step': 13780, 'train_nelbo': 4.596732139587402}, {'grad_norm': 1.0751385688781738, 'learning_rate': 0.0, 'step': 13792, 'train_nelbo': 4.678149223327637}]",595.6091921301559,11581920,4,3000000000000000.0,282460160,dense_dual_stream_attention_v1,0.17585224587648585,4.780177593231201,4.678149223327637,0.0027,965920,True,0.2,2999835363901440,/root/shakespeare-dLM/scale_to_climbmix/results_curriculum/runs/3e15/1M/p_ar_0p2/result.json,1337,256,True,82,1M,complete,17240,4.740584388375282,4.738925486803055,0.1
5.9720757603645325,1402,247,1649,6774240,64,0.04281982404853347,14845,"[{'grad_norm': 18.233112335205078, 'learning_rate': 3.638814016172507e-06, 'step': 1, 'train_nelbo': 8.110708236694336}, {'grad_norm': 1.2198333740234375, 'learning_rate': 0.0027, 'step': 742, 'train_nelbo': 5.533397674560547}, {'grad_norm': 0.7583000063896179, 'learning_rate': 0.0027, 'step': 1484, 'train_nelbo': 5.258492469787598}, {'grad_norm': 0.7841026186943054, 'learning_rate': 0.0027, 'step': 2226, 'train_nelbo': 5.254537582397461}, {'grad_norm': 0.9172986149787903, 'learning_rate': 0.0027, 'step': 2968, 'train_nelbo': 5.394073486328125}, {'grad_norm': 0.8432068228721619, 'learning_rate': 0.0027, 'step': 3710, 'train_nelbo': 5.0875349044799805}, {'grad_norm': 0.8055208921432495, 'learning_rate': 0.0027, 'step': 4452, 'train_nelbo': 5.1273193359375}, {'grad_norm': 1.0290117263793945, 'learning_rate': 0.0027, 'step': 5194, 'train_nelbo': 5.3821001052856445}, {'grad_norm': 1.1438599824905396, 'learning_rate': 0.0027, 'step': 5936, 'train_nelbo': 5.204253196716309}, {'grad_norm': 1.4119511842727661, 'learning_rate': 0.0027, 'step': 6678, 'train_nelbo': 5.302981376647949}, {'grad_norm': 1.0471603870391846, 'learning_rate': 0.0027, 'step': 7420, 'train_nelbo': 5.019474983215332}, {'grad_norm': 1.040019154548645, 'learning_rate': 0.0027, 'step': 8162, 'train_nelbo': 5.013117790222168}, {'grad_norm': 1.246001124382019, 'learning_rate': 0.0027, 'step': 8904, 'train_nelbo': 5.287788391113281}, {'grad_norm': 1.1183055639266968, 'learning_rate': 0.0027, 'step': 9646, 'train_nelbo': 5.373804569244385}, {'grad_norm': 1.216975450515747, 'learning_rate': 0.0027, 'step': 10388, 'train_nelbo': 5.153256893157959}, {'grad_norm': 0.9812166094779968, 'learning_rate': 0.0027, 'step': 11130, 'train_nelbo': 5.061612129211426}, {'grad_norm': 1.2375264167785645, 'learning_rate': 0.0027, 'step': 11872, 'train_nelbo': 4.896590709686279}, {'grad_norm': 1.176356554031372, 'learning_rate': 0.0027, 'step': 12614, 'train_nelbo': 5.065431594848633}, {'grad_norm': 0.9046536087989807, 'learning_rate': 0.0018060646900269544, 'step': 13356, 'train_nelbo': 4.842647075653076}, {'grad_norm': 1.1992789506912231, 'learning_rate': 0.0009060646900269542, 'step': 14098, 'train_nelbo': 5.026369094848633}, {'grad_norm': 1.013095498085022, 'learning_rate': 6.064690026954134e-06, 'step': 14840, 'train_nelbo': 4.69735050201416}, {'grad_norm': 0.9856614470481873, 'learning_rate': 0.0, 'step': 14845, 'train_nelbo': 4.470854759216309}]",635.6602880004793,11581920,4,3000000000000000.0,270237696,dense_dual_stream_attention_v1,0.16824286215120404,4.580864906311035,4.470854759216309,0.0027,965920,True,0.1,2999981247037440,/root/shakespeare-dLM/scale_to_climbmix/results_curriculum/runs/3e15/1M/p_ar_0p1/result.json,1337,256,True,82,1M,complete,16494,4.764131039381027,4.760089501738548,0.1
38.36555082537234,6446,1137,7583,6774240,64,0.0435921131290629,11374,"[{'grad_norm': 41.837646484375, 'learning_rate': 4.7451669595782076e-06, 'step': 1, 'train_nelbo': 8.05341911315918}, {'grad_norm': 1.2794450521469116, 'learning_rate': 0.002695254833040422, 'step': 568, 'train_nelbo': 5.407792091369629}, {'grad_norm': 1.1455366611480713, 'learning_rate': 0.0027, 'step': 1136, 'train_nelbo': 5.271205425262451}, {'grad_norm': 1.1175506114959717, 'learning_rate': 0.0027, 'step': 1704, 'train_nelbo': 5.093145370483398}, {'grad_norm': 0.8521589040756226, 'learning_rate': 0.0027, 'step': 2272, 'train_nelbo': 4.9248480796813965}, {'grad_norm': 1.8394458293914795, 'learning_rate': 0.0027, 'step': 2840, 'train_nelbo': 5.255490779876709}, {'grad_norm': 1.3702949285507202, 'learning_rate': 0.0027, 'step': 3408, 'train_nelbo': 5.375054836273193}, {'grad_norm': 0.9037855863571167, 'learning_rate': 0.0027, 'step': 3976, 'train_nelbo': 5.302141189575195}, {'grad_norm': 1.457513451576233, 'learning_rate': 0.0027, 'step': 4544, 'train_nelbo': 5.279341697692871}, {'grad_norm': 1.179661750793457, 'learning_rate': 0.0027, 'step': 5112, 'train_nelbo': 5.172298908233643}, {'grad_norm': 1.718841552734375, 'learning_rate': 0.0027, 'step': 5680, 'train_nelbo': 5.368283748626709}, {'grad_norm': 1.2076326608657837, 'learning_rate': 0.0027, 'step': 6248, 'train_nelbo': 5.152469635009766}, {'grad_norm': 1.3128831386566162, 'learning_rate': 0.0027, 'step': 6816, 'train_nelbo': 5.009152412414551}, {'grad_norm': 1.4689507484436035, 'learning_rate': 0.0027, 'step': 7384, 'train_nelbo': 4.829179286956787}, {'grad_norm': 1.050823450088501, 'learning_rate': 0.0027, 'step': 7952, 'train_nelbo': 4.944443225860596}, {'grad_norm': 1.2021100521087646, 'learning_rate': 0.0027, 'step': 8520, 'train_nelbo': 5.347527503967285}, {'grad_norm': 1.1477696895599365, 'learning_rate': 0.0027, 'step': 9088, 'train_nelbo': 5.127774238586426}, {'grad_norm': 1.0488015413284302, 'learning_rate': 0.0027, 'step': 9656, 'train_nelbo': 5.079876899719238}, {'grad_norm': 1.2982041835784912, 'learning_rate': 0.0018211143695014665, 'step': 10224, 'train_nelbo': 5.300878047943115}, {'grad_norm': 1.3434052467346191, 'learning_rate': 0.0009216422287390029, 'step': 10792, 'train_nelbo': 4.8980560302734375}, {'grad_norm': 1.4657032489776611, 'learning_rate': 2.2170087976539512e-05, 'step': 11360, 'train_nelbo': 5.033370494842529}, {'grad_norm': 0.9955180883407593, 'learning_rate': 0.0, 'step': 11374, 'train_nelbo': 4.7328338623046875}]",495.81669472996145,11581920,4,3000000000000000.0,310591488,dense_dual_stream_attention_v1,0.19336606874017068,4.257137298583984,4.7328338623046875,0.0027,965920,True,0.4,2999940218880000,/root/shakespeare-dLM/scale_to_climbmix/results_curriculum/runs/3e15/1M/p_ar_0p4/result.json,1337,256,True,82,1M,complete,18957,4.75626465678215,4.750687345862389,0.1
50.009724357165396,8479,1496,9975,6774240,64,0.04273140460252762,9975,"[{'grad_norm': 78.6817855834961, 'learning_rate': 5.410821643286573e-06, 'step': 1, 'train_nelbo': 8.744501113891602}, {'grad_norm': 1.255017876625061, 'learning_rate': 0.0026945891783567134, 'step': 498, 'train_nelbo': 5.295161247253418}, {'grad_norm': 1.0969548225402832, 'learning_rate': 0.0027, 'step': 996, 'train_nelbo': 5.36712121963501}, {'grad_norm': 1.1884918212890625, 'learning_rate': 0.0027, 'step': 1494, 'train_nelbo': 5.139726638793945}, {'grad_norm': 1.0117660760879517, 'learning_rate': 0.0027, 'step': 1992, 'train_nelbo': 5.128948211669922}, {'grad_norm': 1.2031364440917969, 'learning_rate': 0.0027, 'step': 2490, 'train_nelbo': 5.401167869567871}, {'grad_norm': 1.0435477495193481, 'learning_rate': 0.0027, 'step': 2988, 'train_nelbo': 5.314849853515625}, {'grad_norm': 1.9309993982315063, 'learning_rate': 0.0027, 'step': 3486, 'train_nelbo': 5.223949432373047}, {'grad_norm': 1.011487364768982, 'learning_rate': 0.0027, 'step': 3984, 'train_nelbo': 5.081443786621094}, {'grad_norm': 1.3797484636306763, 'learning_rate': 0.0027, 'step': 4482, 'train_nelbo': 5.096994400024414}, {'grad_norm': 1.9080215692520142, 'learning_rate': 0.0027, 'step': 4980, 'train_nelbo': 5.299388885498047}, {'grad_norm': 1.1140022277832031, 'learning_rate': 0.0027, 'step': 5478, 'train_nelbo': 5.11391544342041}, {'grad_norm': 1.699280023574829, 'learning_rate': 0.0027, 'step': 5976, 'train_nelbo': 5.093575954437256}, {'grad_norm': 1.8267837762832642, 'learning_rate': 0.0027, 'step': 6474, 'train_nelbo': 5.362565994262695}, {'grad_norm': 1.0897765159606934, 'learning_rate': 0.0027, 'step': 6972, 'train_nelbo': 5.15780782699585}, {'grad_norm': 1.0377055406570435, 'learning_rate': 0.0027, 'step': 7470, 'train_nelbo': 5.082385063171387}, {'grad_norm': 1.0212533473968506, 'learning_rate': 0.0027, 'step': 7968, 'train_nelbo': 5.016509056091309}, {'grad_norm': 1.1135258674621582, 'learning_rate': 0.0027, 'step': 8466, 'train_nelbo': 5.073853969573975}, {'grad_norm': 2.271636962890625, 'learning_rate': 0.0018258862876254181, 'step': 8964, 'train_nelbo': 5.271079063415527}, {'grad_norm': 1.0117731094360352, 'learning_rate': 0.0009264882943143812, 'step': 9462, 'train_nelbo': 4.764286994934082}, {'grad_norm': 2.255218505859375, 'learning_rate': 2.7090301003344465e-05, 'step': 9960, 'train_nelbo': 4.9643707275390625}, {'grad_norm': 1.0320765972137451, 'learning_rate': 0.0, 'step': 9975, 'train_nelbo': 4.744908332824707}]",426.245760910213,11581920,4,3000000000000000.0,326860800,dense_dual_stream_attention_v1,0.20349491329674552,4.397427558898926,4.744908332824707,0.0027,965920,True,0.5,2999954571264000,/root/shakespeare-dLM/scale_to_climbmix/results_curriculum/runs/3e15/1M/p_ar_0p5/result.json,1337,256,True,82,1M,complete,19950,4.762801751494408,4.756256341934204,0.1
14.943050815723836,932,165,1097,28367712,64,0.14723809369762936,2559,"[{'grad_norm': 59.3065299987793, 'learning_rate': 2.109375e-05, 'step': 1, 'train_nelbo': 8.752410888671875}, {'grad_norm': 0.5479803085327148, 'learning_rate': 0.0026789062500000003, 'step': 127, 'train_nelbo': 5.717568397521973}, {'grad_norm': 0.45816776156425476, 'learning_rate': 0.0027, 'step': 254, 'train_nelbo': 5.536995887756348}, {'grad_norm': 0.5829710364341736, 'learning_rate': 0.0027, 'step': 381, 'train_nelbo': 5.530055999755859}, {'grad_norm': 0.6831837296485901, 'learning_rate': 0.0027, 'step': 508, 'train_nelbo': 5.566335678100586}, {'grad_norm': 0.4316191077232361, 'learning_rate': 0.0027, 'step': 635, 'train_nelbo': 5.596261978149414}, {'grad_norm': 0.5097242593765259, 'learning_rate': 0.0027, 'step': 762, 'train_nelbo': 5.313328742980957}, {'grad_norm': 0.4735497236251831, 'learning_rate': 0.0027, 'step': 889, 'train_nelbo': 5.43220853805542}, {'grad_norm': 0.5646380186080933, 'learning_rate': 0.0027, 'step': 1016, 'train_nelbo': 5.529258728027344}, {'grad_norm': 0.4675311744213104, 'learning_rate': 0.0027, 'step': 1143, 'train_nelbo': 5.157778263092041}, {'grad_norm': 0.5800991654396057, 'learning_rate': 0.0027, 'step': 1270, 'train_nelbo': 5.3243184089660645}, {'grad_norm': 0.46511563658714294, 'learning_rate': 0.0027, 'step': 1397, 'train_nelbo': 5.28531551361084}, {'grad_norm': 0.5210812091827393, 'learning_rate': 0.0027, 'step': 1524, 'train_nelbo': 5.179600715637207}, {'grad_norm': 0.620737612247467, 'learning_rate': 0.0027, 'step': 1651, 'train_nelbo': 5.519599914550781}, {'grad_norm': 0.7403174042701721, 'learning_rate': 0.0027, 'step': 1778, 'train_nelbo': 5.275381088256836}, {'grad_norm': 0.6135676503181458, 'learning_rate': 0.0027, 'step': 1905, 'train_nelbo': 5.310018539428711}, {'grad_norm': 0.48690110445022583, 'learning_rate': 0.0027, 'step': 2032, 'train_nelbo': 5.353601455688477}, {'grad_norm': 0.6080281138420105, 'learning_rate': 0.0027, 'step': 2159, 'train_nelbo': 5.581551551818848}, {'grad_norm': 0.5349118709564209, 'learning_rate': 0.0019245430809399478, 'step': 2286, 'train_nelbo': 5.197234153747559}, {'grad_norm': 0.5225568413734436, 'learning_rate': 0.0010292428198433422, 'step': 2413, 'train_nelbo': 4.947337627410889}, {'grad_norm': 0.469537615776062, 'learning_rate': 0.00013394255874673636, 'step': 2540, 'train_nelbo': 4.90671443939209}, {'grad_norm': 0.522091269493103, 'learning_rate': 0.0, 'step': 2559, 'train_nelbo': 5.103904724121094}]",376.78228177223355,59388768,4,3000000000000000.0,59899904,dense_dual_stream_attention_v1,0.0372921004016492,4.808943748474121,5.103904724121094,0.0027,3920256,True,0.3,2999832369168384,/root/shakespeare-dLM/scale_to_climbmix/results_curriculum/runs/3e15/4M/p_ar_0p3/result.json,1337,256,True,16,4M,complete,3656,4.991082236170769,4.982361301779747,0.1
32.62954524625093,2290,404,2694,28367712,64,0.14612003436305857,1796,"[{'grad_norm': 80.3341064453125, 'learning_rate': 3e-05, 'step': 1, 'train_nelbo': 8.328737258911133}, {'grad_norm': 0.7797421216964722, 'learning_rate': 0.00267, 'step': 89, 'train_nelbo': 5.553008556365967}, {'grad_norm': 1.1489719152450562, 'learning_rate': 0.0027, 'step': 178, 'train_nelbo': 5.632801055908203}, {'grad_norm': 0.6468745470046997, 'learning_rate': 0.0027, 'step': 267, 'train_nelbo': 5.518711090087891}, {'grad_norm': 0.6299027800559998, 'learning_rate': 0.0027, 'step': 356, 'train_nelbo': 5.373414993286133}, {'grad_norm': 0.58031165599823, 'learning_rate': 0.0027, 'step': 445, 'train_nelbo': 5.106621742248535}, {'grad_norm': 0.7280739545822144, 'learning_rate': 0.0027, 'step': 534, 'train_nelbo': 5.564312934875488}, {'grad_norm': 0.5807291865348816, 'learning_rate': 0.0027, 'step': 623, 'train_nelbo': 5.3074421882629395}, {'grad_norm': 0.8089932799339294, 'learning_rate': 0.0027, 'step': 712, 'train_nelbo': 5.402998447418213}, {'grad_norm': 0.5329691171646118, 'learning_rate': 0.0027, 'step': 801, 'train_nelbo': 5.150359630584717}, {'grad_norm': 1.2428975105285645, 'learning_rate': 0.0027, 'step': 890, 'train_nelbo': 4.890133380889893}, {'grad_norm': 0.6624312996864319, 'learning_rate': 0.0027, 'step': 979, 'train_nelbo': 5.494704246520996}, {'grad_norm': 0.9676036238670349, 'learning_rate': 0.0027, 'step': 1068, 'train_nelbo': 5.429388999938965}, {'grad_norm': 0.5567466020584106, 'learning_rate': 0.0027, 'step': 1157, 'train_nelbo': 5.147988319396973}, {'grad_norm': 0.5668821930885315, 'learning_rate': 0.0027, 'step': 1246, 'train_nelbo': 5.101758003234863}, {'grad_norm': 0.4755226671695709, 'learning_rate': 0.0027, 'step': 1335, 'train_nelbo': 5.124220848083496}, {'grad_norm': 0.4999801218509674, 'learning_rate': 0.0027, 'step': 1424, 'train_nelbo': 5.099214553833008}, {'grad_norm': 0.4861363470554352, 'learning_rate': 0.0027, 'step': 1513, 'train_nelbo': 5.0572004318237305}, {'grad_norm': 0.6402155160903931, 'learning_rate': 0.0019544776119402984, 'step': 1602, 'train_nelbo': 5.312825679779053}, {'grad_norm': 0.6042881608009338, 'learning_rate': 0.0010578358208955224, 'step': 1691, 'train_nelbo': 4.918140411376953}, {'grad_norm': 0.5848231911659241, 'learning_rate': 0.00016119402985074614, 'step': 1780, 'train_nelbo': 5.119203090667725}, {'grad_norm': 0.5024386048316956, 'learning_rate': 0.0, 'step': 1796, 'train_nelbo': 4.964892387390137}]",262.4315817160532,59388768,4,3000000000000000.0,73564160,dense_dual_stream_attention_v1,0.04579910579961841,4.467196464538574,4.964892387390137,0.0027,3920256,True,0.6,2999662075183104,/root/shakespeare-dLM/scale_to_climbmix/results_curriculum/runs/3e15/4M/p_ar_0p6/result.json,1337,256,True,16,4M,complete,4490,4.903052821755409,4.913103014230728,0.1
8.143609987571836,585,103,688,28367712,64,0.141813670007746,2754,"[{'grad_norm': 37.104915618896484, 'learning_rate': 1.956521739130435e-05, 'step': 1, 'train_nelbo': 8.743179321289062}, {'grad_norm': 0.4310939610004425, 'learning_rate': 0.0026804347826086955, 'step': 137, 'train_nelbo': 5.982741355895996}, {'grad_norm': 0.5283757448196411, 'learning_rate': 0.0027, 'step': 274, 'train_nelbo': 6.161565780639648}, {'grad_norm': 0.474877268075943, 'learning_rate': 0.0027, 'step': 411, 'train_nelbo': 5.726630210876465}, {'grad_norm': 0.37230387330055237, 'learning_rate': 0.0027, 'step': 548, 'train_nelbo': 5.611396789550781}, {'grad_norm': 0.49635908007621765, 'learning_rate': 0.0027, 'step': 685, 'train_nelbo': 5.777502059936523}, {'grad_norm': 0.5491768717765808, 'learning_rate': 0.0027, 'step': 822, 'train_nelbo': 5.675331115722656}, {'grad_norm': 0.3899043798446655, 'learning_rate': 0.0027, 'step': 959, 'train_nelbo': 5.488049030303955}, {'grad_norm': 0.53441321849823, 'learning_rate': 0.0027, 'step': 1096, 'train_nelbo': 5.505356311798096}, {'grad_norm': 0.5313454866409302, 'learning_rate': 0.0027, 'step': 1233, 'train_nelbo': 5.465540885925293}, {'grad_norm': 0.5070299506187439, 'learning_rate': 0.0027, 'step': 1370, 'train_nelbo': 5.59584903717041}, {'grad_norm': 0.4038362205028534, 'learning_rate': 0.0027, 'step': 1507, 'train_nelbo': 5.316311359405518}, {'grad_norm': 0.46989455819129944, 'learning_rate': 0.0027, 'step': 1644, 'train_nelbo': 5.483953475952148}, {'grad_norm': 0.6294049024581909, 'learning_rate': 0.0027, 'step': 1781, 'train_nelbo': 5.379016876220703}, {'grad_norm': 0.46026870608329773, 'learning_rate': 0.0027, 'step': 1918, 'train_nelbo': 5.495485305786133}, {'grad_norm': 0.4706689417362213, 'learning_rate': 0.0027, 'step': 2055, 'train_nelbo': 5.318384170532227}, {'grad_norm': 0.5434709787368774, 'learning_rate': 0.0027, 'step': 2192, 'train_nelbo': 5.380616188049316}, {'grad_norm': 0.4553656280040741, 'learning_rate': 0.0027, 'step': 2329, 'train_nelbo': 5.165050506591797}, {'grad_norm': 0.4903772473335266, 'learning_rate': 0.0018873786407766992, 'step': 2466, 'train_nelbo': 5.157088756561279}, {'grad_norm': 0.5496416687965393, 'learning_rate': 0.0009895631067961164, 'step': 2603, 'train_nelbo': 5.234480381011963}, {'grad_norm': 0.43742817640304565, 'learning_rate': 9.174757281553394e-05, 'step': 2740, 'train_nelbo': 4.881878852844238}, {'grad_norm': 0.9676857590675354, 'learning_rate': 0.0, 'step': 2754, 'train_nelbo': 5.111160755157471}]",390.55484720133245,59388768,4,3000000000000000.0,56393728,dense_dual_stream_attention_v1,0.035109247697613935,5.297147750854492,5.111160755157471,0.0027,3920256,True,0.2,2999478729572352,/root/shakespeare-dLM/scale_to_climbmix/results_curriculum/runs/3e15/4M/p_ar_0p2/result.json,1337,256,True,16,4M,complete,3442,5.057665199041367,5.059663712978363,0.1
4.823319292627275,276,49,325,28367712,64,0.14036490243987182,2927,"[{'grad_norm': 25.45929718017578, 'learning_rate': 1.8493150684931506e-05, 'step': 1, 'train_nelbo': 7.755410671234131}, {'grad_norm': 0.7005478739738464, 'learning_rate': 0.0027, 'step': 146, 'train_nelbo': 6.226577281951904}, {'grad_norm': 0.3829294443130493, 'learning_rate': 0.0027, 'step': 292, 'train_nelbo': 6.139878749847412}, {'grad_norm': 0.3572806715965271, 'learning_rate': 0.0027, 'step': 438, 'train_nelbo': 6.280904293060303}, {'grad_norm': 0.6232417821884155, 'learning_rate': 0.0027, 'step': 584, 'train_nelbo': 6.106123924255371}, {'grad_norm': 0.4365650713443756, 'learning_rate': 0.0027, 'step': 730, 'train_nelbo': 5.885781764984131}, {'grad_norm': 0.4308686852455139, 'learning_rate': 0.0027, 'step': 876, 'train_nelbo': 5.84812068939209}, {'grad_norm': 0.48324593901634216, 'learning_rate': 0.0027, 'step': 1022, 'train_nelbo': 5.620604515075684}, {'grad_norm': 0.5919288992881775, 'learning_rate': 0.0027, 'step': 1168, 'train_nelbo': 5.725839614868164}, {'grad_norm': 0.4274187386035919, 'learning_rate': 0.0027, 'step': 1314, 'train_nelbo': 5.903532028198242}, {'grad_norm': 1.1471091508865356, 'learning_rate': 0.0027, 'step': 1460, 'train_nelbo': 5.661174774169922}, {'grad_norm': 0.4639652371406555, 'learning_rate': 0.0027, 'step': 1606, 'train_nelbo': 5.5589728355407715}, {'grad_norm': 0.3782069981098175, 'learning_rate': 0.0027, 'step': 1752, 'train_nelbo': 5.672968864440918}, {'grad_norm': 0.4563583433628082, 'learning_rate': 0.0027, 'step': 1898, 'train_nelbo': 5.582948207855225}, {'grad_norm': 0.45789486169815063, 'learning_rate': 0.0027, 'step': 2044, 'train_nelbo': 5.323585033416748}, {'grad_norm': 0.4941631257534027, 'learning_rate': 0.0027, 'step': 2190, 'train_nelbo': 5.456179141998291}, {'grad_norm': 0.4306980073451996, 'learning_rate': 0.0027, 'step': 2336, 'train_nelbo': 5.479895114898682}, {'grad_norm': 0.45594996213912964, 'learning_rate': 0.0027, 'step': 2482, 'train_nelbo': 5.42540168762207}, {'grad_norm': 0.5694431066513062, 'learning_rate': 0.001843150684931507, 'step': 2628, 'train_nelbo': 5.275278091430664}, {'grad_norm': 0.5266987085342407, 'learning_rate': 0.0009431506849315068, 'step': 2774, 'train_nelbo': 5.261144638061523}, {'grad_norm': 0.58467698097229, 'learning_rate': 4.315068493150692e-05, 'step': 2920, 'train_nelbo': 5.080695152282715}, {'grad_norm': 0.54954594373703, 'learning_rate': 0.0, 'step': 2927, 'train_nelbo': 5.479331970214844}]",410.8480694415048,59388768,4,3000000000000000.0,53280768,dense_dual_stream_attention_v1,0.0331712009043116,5.959785461425781,5.479331970214844,0.0027,3920256,True,0.1,2999098250625024,/root/shakespeare-dLM/scale_to_climbmix/results_curriculum/runs/3e15/4M/p_ar_0p1/result.json,1337,256,True,16,4M,complete,3252,5.136138945817947,5.148204818367958,0.1
19.605896738357842,1325,234,1559,28367712,64,0.14346033050156842,2338,"[{'grad_norm': 78.31980895996094, 'learning_rate': 2.307692307692308e-05, 'step': 1, 'train_nelbo': 8.66473388671875}, {'grad_norm': 0.844163715839386, 'learning_rate': 0.002676923076923077, 'step': 116, 'train_nelbo': 5.698034286499023}, {'grad_norm': 1.1325739622116089, 'learning_rate': 0.0027, 'step': 232, 'train_nelbo': 5.689185619354248}, {'grad_norm': 0.5212879180908203, 'learning_rate': 0.0027, 'step': 348, 'train_nelbo': 5.498334884643555}, {'grad_norm': 0.5314732193946838, 'learning_rate': 0.0027, 'step': 464, 'train_nelbo': 5.496237277984619}, {'grad_norm': 0.5529248118400574, 'learning_rate': 0.0027, 'step': 580, 'train_nelbo': 5.131963729858398}, {'grad_norm': 1.0734835863113403, 'learning_rate': 0.0027, 'step': 696, 'train_nelbo': 5.453575134277344}, {'grad_norm': 0.5077909231185913, 'learning_rate': 0.0027, 'step': 812, 'train_nelbo': 5.397563934326172}, {'grad_norm': 0.4824807643890381, 'learning_rate': 0.0027, 'step': 928, 'train_nelbo': 5.302926063537598}, {'grad_norm': 0.5983591675758362, 'learning_rate': 0.0027, 'step': 1044, 'train_nelbo': 5.349971771240234}, {'grad_norm': 0.49202683568000793, 'learning_rate': 0.0027, 'step': 1160, 'train_nelbo': 5.325668811798096}, {'grad_norm': 0.6382902264595032, 'learning_rate': 0.0027, 'step': 1276, 'train_nelbo': 5.489614963531494}, {'grad_norm': 0.5170955061912537, 'learning_rate': 0.0027, 'step': 1392, 'train_nelbo': 5.302330017089844}, {'grad_norm': 0.47181078791618347, 'learning_rate': 0.0027, 'step': 1508, 'train_nelbo': 5.396271705627441}, {'grad_norm': 0.6512130498886108, 'learning_rate': 0.0027, 'step': 1624, 'train_nelbo': 5.642684459686279}, {'grad_norm': 0.464004248380661, 'learning_rate': 0.0027, 'step': 1740, 'train_nelbo': 5.298989295959473}, {'grad_norm': 0.48249438405036926, 'learning_rate': 0.0027, 'step': 1856, 'train_nelbo': 5.2562713623046875}, {'grad_norm': 0.6079233884811401, 'learning_rate': 0.0027, 'step': 1972, 'train_nelbo': 5.179778099060059}, {'grad_norm': 0.5118789076805115, 'learning_rate': 0.0019285714285714288, 'step': 2088, 'train_nelbo': 5.19773006439209}, {'grad_norm': 0.5676495432853699, 'learning_rate': 0.0010337142857142858, 'step': 2204, 'train_nelbo': 5.229743480682373}, {'grad_norm': 0.5416542291641235, 'learning_rate': 0.00013885714285714274, 'step': 2320, 'train_nelbo': 4.848025321960449}, {'grad_norm': 0.8919734954833984, 'learning_rate': 0.0, 'step': 2338, 'train_nelbo': 5.383341312408447}]",335.410252712667,59388768,4,3000000000000000.0,63848448,dense_dual_stream_attention_v1,0.039750359755259014,4.690796852111816,5.383341312408447,0.0027,3920256,True,0.4,2999520503267328,/root/shakespeare-dLM/scale_to_climbmix/results_curriculum/runs/3e15/4M/p_ar_0p4/result.json,1337,256,True,16,4M,complete,3897,4.954074993729591,4.952738627791405,0.1
21.406834756024182,1773,313,2086,28367712,64,0.14268629993548687,2086,"[{'grad_norm': 89.67990112304688, 'learning_rate': 2.5961538461538464e-05, 'step': 1, 'train_nelbo': 8.594813346862793}, {'grad_norm': 0.7142207622528076, 'learning_rate': 0.0027, 'step': 104, 'train_nelbo': 5.739353656768799}, {'grad_norm': 0.7121365070343018, 'learning_rate': 0.0027, 'step': 208, 'train_nelbo': 5.620558261871338}, {'grad_norm': 0.5695969462394714, 'learning_rate': 0.0027, 'step': 312, 'train_nelbo': 5.463603973388672}, {'grad_norm': 0.526214599609375, 'learning_rate': 0.0027, 'step': 416, 'train_nelbo': 5.363618850708008}, {'grad_norm': 0.5867148041725159, 'learning_rate': 0.0027, 'step': 520, 'train_nelbo': 5.495092868804932}, {'grad_norm': 0.606341540813446, 'learning_rate': 0.0027, 'step': 624, 'train_nelbo': 5.181377410888672}, {'grad_norm': 0.5967307090759277, 'learning_rate': 0.0027, 'step': 728, 'train_nelbo': 5.5113677978515625}, {'grad_norm': 0.5085309147834778, 'learning_rate': 0.0027, 'step': 832, 'train_nelbo': 5.0843000411987305}, {'grad_norm': 0.5224908590316772, 'learning_rate': 0.0027, 'step': 936, 'train_nelbo': 5.051994323730469}, {'grad_norm': 0.5399318933486938, 'learning_rate': 0.0027, 'step': 1040, 'train_nelbo': 5.421799659729004}, {'grad_norm': 0.5621731877326965, 'learning_rate': 0.0027, 'step': 1144, 'train_nelbo': 5.354405879974365}, {'grad_norm': 0.6751480102539062, 'learning_rate': 0.0027, 'step': 1248, 'train_nelbo': 5.232392311096191}, {'grad_norm': 0.5368770360946655, 'learning_rate': 0.0027, 'step': 1352, 'train_nelbo': 5.120153427124023}, {'grad_norm': 0.5168197154998779, 'learning_rate': 0.0027, 'step': 1456, 'train_nelbo': 5.313310623168945}, {'grad_norm': 0.525368332862854, 'learning_rate': 0.0027, 'step': 1560, 'train_nelbo': 5.155852794647217}, {'grad_norm': 0.5371807217597961, 'learning_rate': 0.0027, 'step': 1664, 'train_nelbo': 5.103330135345459}, {'grad_norm': 0.5551661252975464, 'learning_rate': 0.0027, 'step': 1768, 'train_nelbo': 5.067173480987549}, {'grad_norm': 0.569406270980835, 'learning_rate': 0.001851923076923077, 'step': 1872, 'train_nelbo': 5.015419960021973}, {'grad_norm': 0.51240074634552, 'learning_rate': 0.0009519230769230769, 'step': 1976, 'train_nelbo': 5.094635009765625}, {'grad_norm': 0.46289026737213135, 'learning_rate': 5.192307692307704e-05, 'step': 2080, 'train_nelbo': 4.770734786987305}, {'grad_norm': 0.7065064311027527, 'learning_rate': 0.0, 'step': 2086, 'train_nelbo': 5.228419303894043}]",297.6436216654256,59388768,4,3000000000000000.0,68354048,dense_dual_stream_attention_v1,0.042555427482407135,4.717179298400879,5.228419303894043,0.0027,3920256,True,0.5,2999255323115520,/root/shakespeare-dLM/scale_to_climbmix/results_curriculum/runs/3e15/4M/p_ar_0p5/result.json,1337,256,True,16,4M,complete,4172,4.939176380634308,4.942433595657349,0.1
8.848449295386672,477,84,561,55512288,64,0.1983908294729991,1308,"[{'grad_norm': 4.179830551147461, 'learning_rate': 1.3846153846153845e-05, 'step': 1, 'train_nelbo': 7.351762771606445}, {'grad_norm': 0.9866137504577637, 'learning_rate': 0.0009, 'step': 65, 'train_nelbo': 6.050783157348633}, {'grad_norm': 0.7679490447044373, 'learning_rate': 0.0009, 'step': 130, 'train_nelbo': 6.034699440002441}, {'grad_norm': 0.9772190451622009, 'learning_rate': 0.0009, 'step': 195, 'train_nelbo': 6.018243312835693}, {'grad_norm': 0.6664117574691772, 'learning_rate': 0.0009, 'step': 260, 'train_nelbo': 5.6673583984375}, {'grad_norm': 0.8868559002876282, 'learning_rate': 0.0009, 'step': 325, 'train_nelbo': 5.865382194519043}, {'grad_norm': 0.6263391971588135, 'learning_rate': 0.0009, 'step': 390, 'train_nelbo': 5.803899765014648}, {'grad_norm': 0.7187931537628174, 'learning_rate': 0.0009, 'step': 455, 'train_nelbo': 5.68184757232666}, {'grad_norm': 0.6528687477111816, 'learning_rate': 0.0009, 'step': 520, 'train_nelbo': 5.686651706695557}, {'grad_norm': 0.747443437576294, 'learning_rate': 0.0009, 'step': 585, 'train_nelbo': 5.540499210357666}, {'grad_norm': 0.790828287601471, 'learning_rate': 0.0009, 'step': 650, 'train_nelbo': 5.5532379150390625}, {'grad_norm': 0.6261863112449646, 'learning_rate': 0.0009, 'step': 715, 'train_nelbo': 5.643402099609375}, {'grad_norm': 0.7354650497436523, 'learning_rate': 0.0009, 'step': 780, 'train_nelbo': 5.4173383712768555}, {'grad_norm': 0.824104368686676, 'learning_rate': 0.0009, 'step': 845, 'train_nelbo': 5.557127952575684}, {'grad_norm': 0.6510790586471558, 'learning_rate': 0.0009, 'step': 910, 'train_nelbo': 5.28563928604126}, {'grad_norm': 0.6880310773849487, 'learning_rate': 0.0009, 'step': 975, 'train_nelbo': 5.390755653381348}, {'grad_norm': 0.6481591463088989, 'learning_rate': 0.0009, 'step': 1040, 'train_nelbo': 5.423968315124512}, {'grad_norm': 0.5763188004493713, 'learning_rate': 0.0009, 'step': 1105, 'train_nelbo': 5.294751167297363}, {'grad_norm': 0.695540189743042, 'learning_rate': 0.0006369230769230768, 'step': 1170, 'train_nelbo': 5.587592124938965}, {'grad_norm': 0.7951029539108276, 'learning_rate': 0.0003369230769230769, 'step': 1235, 'train_nelbo': 5.519418716430664}, {'grad_norm': 0.6298339366912842, 'learning_rate': 3.692307692307689e-05, 'step': 1300, 'train_nelbo': 5.189140319824219}, {'grad_norm': 0.6951903700828552, 'learning_rate': 0.0, 'step': 1308, 'train_nelbo': 5.322849273681641}]",259.4952049506828,116135136,4,3000000000000000.0,30621696,dense_dual_stream_attention_v1,0.019064260298326686,5.646790504455566,5.322849273681641,0.0009,7979296,True,0.3,2999044529455104,/root/shakespeare-dLM/scale_to_climbmix/results_curriculum/runs/3e15/8M/p_ar_0p3/result.json,1337,256,True,8,8M,complete,1869,5.24827915430069,5.243291556835175,0.1
24.198449649848044,1170,207,1377,55512288,64,0.20986557460931782,918,"[{'grad_norm': 9.783527374267578, 'learning_rate': 1.9565217391304346e-05, 'step': 1, 'train_nelbo': 7.188748359680176}, {'grad_norm': 1.2270159721374512, 'learning_rate': 0.0008804347826086957, 'step': 45, 'train_nelbo': 6.098536491394043}, {'grad_norm': 1.057258129119873, 'learning_rate': 0.0009, 'step': 90, 'train_nelbo': 5.840720176696777}, {'grad_norm': 0.8530281186103821, 'learning_rate': 0.0009, 'step': 135, 'train_nelbo': 5.60563850402832}, {'grad_norm': 0.8239025473594666, 'learning_rate': 0.0009, 'step': 180, 'train_nelbo': 5.546863555908203}, {'grad_norm': 0.942289412021637, 'learning_rate': 0.0009, 'step': 225, 'train_nelbo': 5.624409198760986}, {'grad_norm': 0.7649962306022644, 'learning_rate': 0.0009, 'step': 270, 'train_nelbo': 5.241481304168701}, {'grad_norm': 0.8250806927680969, 'learning_rate': 0.0009, 'step': 315, 'train_nelbo': 5.527736663818359}, {'grad_norm': 0.9228278398513794, 'learning_rate': 0.0009, 'step': 360, 'train_nelbo': 5.639977931976318}, {'grad_norm': 0.9403795599937439, 'learning_rate': 0.0009, 'step': 405, 'train_nelbo': 5.296145439147949}, {'grad_norm': 0.894172728061676, 'learning_rate': 0.0009, 'step': 450, 'train_nelbo': 5.531129837036133}, {'grad_norm': 0.8619844317436218, 'learning_rate': 0.0009, 'step': 495, 'train_nelbo': 5.3289361000061035}, {'grad_norm': 0.7601299285888672, 'learning_rate': 0.0009, 'step': 540, 'train_nelbo': 5.2182745933532715}, {'grad_norm': 1.0035635232925415, 'learning_rate': 0.0009, 'step': 585, 'train_nelbo': 5.1758880615234375}, {'grad_norm': 0.8661624789237976, 'learning_rate': 0.0009, 'step': 630, 'train_nelbo': 5.332942008972168}, {'grad_norm': 0.8273019790649414, 'learning_rate': 0.0009, 'step': 675, 'train_nelbo': 5.196234703063965}, {'grad_norm': 0.79500812292099, 'learning_rate': 0.0009, 'step': 720, 'train_nelbo': 5.335566997528076}, {'grad_norm': 0.9265178442001343, 'learning_rate': 0.0009, 'step': 765, 'train_nelbo': 5.691263198852539}, {'grad_norm': 0.7492115497589111, 'learning_rate': 0.0007094890510948906, 'step': 810, 'train_nelbo': 5.182549476623535}, {'grad_norm': 1.1269627809524536, 'learning_rate': 0.0004138686131386861, 'step': 855, 'train_nelbo': 4.954043865203857}, {'grad_norm': 0.8560413122177124, 'learning_rate': 0.0001182481751824817, 'step': 900, 'train_nelbo': 5.256296157836914}, {'grad_norm': 0.7621229887008667, 'learning_rate': 0.0, 'step': 918, 'train_nelbo': 5.369790077209473}]",192.65659749135375,116135136,4,3000000000000000.0,37601280,dense_dual_stream_attention_v1,0.023409565213836137,4.766592979431152,5.369790077209473,0.0009,7979296,True,0.6,2999131757346816,/root/shakespeare-dLM/scale_to_climbmix/results_curriculum/runs/3e15/8M/p_ar_0p6/result.json,1337,256,True,8,8M,complete,2295,5.07909782230854,5.070567399263382,0.1
6.220603784546256,299,53,352,55512288,64,0.20621568405873736,1408,"[{'grad_norm': 4.510468006134033, 'learning_rate': 1.2857142857142857e-05, 'step': 1, 'train_nelbo': 7.310506820678711}, {'grad_norm': 0.8878548741340637, 'learning_rate': 0.0009, 'step': 70, 'train_nelbo': 6.486623764038086}, {'grad_norm': 1.0912047624588013, 'learning_rate': 0.0009, 'step': 140, 'train_nelbo': 6.6026201248168945}, {'grad_norm': 0.6171202063560486, 'learning_rate': 0.0009, 'step': 210, 'train_nelbo': 6.0257415771484375}, {'grad_norm': 0.7416408061981201, 'learning_rate': 0.0009, 'step': 280, 'train_nelbo': 6.165042400360107}, {'grad_norm': 0.7100481390953064, 'learning_rate': 0.0009, 'step': 350, 'train_nelbo': 6.069746971130371}, {'grad_norm': 0.7477024793624878, 'learning_rate': 0.0009, 'step': 420, 'train_nelbo': 6.195082187652588}, {'grad_norm': 0.7204253673553467, 'learning_rate': 0.0009, 'step': 490, 'train_nelbo': 5.928402900695801}, {'grad_norm': 0.7126732468605042, 'learning_rate': 0.0009, 'step': 560, 'train_nelbo': 5.951908111572266}, {'grad_norm': 0.6035618782043457, 'learning_rate': 0.0009, 'step': 630, 'train_nelbo': 5.703056335449219}, {'grad_norm': 0.6467841863632202, 'learning_rate': 0.0009, 'step': 700, 'train_nelbo': 5.830012321472168}, {'grad_norm': 0.6621806621551514, 'learning_rate': 0.0009, 'step': 770, 'train_nelbo': 5.587444305419922}, {'grad_norm': 0.5939856767654419, 'learning_rate': 0.0009, 'step': 840, 'train_nelbo': 5.662893772125244}, {'grad_norm': 0.6881763339042664, 'learning_rate': 0.0009, 'step': 910, 'train_nelbo': 5.415996551513672}, {'grad_norm': 0.7062824368476868, 'learning_rate': 0.0009, 'step': 980, 'train_nelbo': 5.482391357421875}, {'grad_norm': 0.6996999979019165, 'learning_rate': 0.0009, 'step': 1050, 'train_nelbo': 5.355738162994385}, {'grad_norm': 0.8157278895378113, 'learning_rate': 0.0009, 'step': 1120, 'train_nelbo': 5.708595275878906}, {'grad_norm': 0.872750997543335, 'learning_rate': 0.0009, 'step': 1190, 'train_nelbo': 5.428044319152832}, {'grad_norm': 0.7262420654296875, 'learning_rate': 0.0006342857142857142, 'step': 1260, 'train_nelbo': 5.640767574310303}, {'grad_norm': 0.5731824636459351, 'learning_rate': 0.00033428571428571426, 'step': 1330, 'train_nelbo': 5.429025650024414}, {'grad_norm': 0.5318157076835632, 'learning_rate': 3.428571428571426e-05, 'step': 1400, 'train_nelbo': 5.280056953430176}, {'grad_norm': 0.5711386203765869, 'learning_rate': 0.0, 'step': 1408, 'train_nelbo': 5.433516502380371}]",290.3516831547022,116135136,4,3000000000000000.0,28835840,dense_dual_stream_attention_v1,0.017952433453747977,5.730602264404297,5.433516502380371,0.0009,7979296,True,0.2,2999232051019776,/root/shakespeare-dLM/scale_to_climbmix/results_curriculum/runs/3e15/8M/p_ar_0p2/result.json,1337,256,True,8,8M,complete,1760,5.345702230930328,5.357110410928726,0.1
2.6737114917486906,141,25,166,55512288,64,0.20441123708378356,1497,"[{'grad_norm': 6.12934684753418, 'learning_rate': 1.2e-05, 'step': 1, 'train_nelbo': 7.146670341491699}, {'grad_norm': 1.6392985582351685, 'learning_rate': 0.0008879999999999999, 'step': 74, 'train_nelbo': 6.738397598266602}, {'grad_norm': 0.6070708632469177, 'learning_rate': 0.0009, 'step': 148, 'train_nelbo': 6.618289947509766}, {'grad_norm': 0.6994013786315918, 'learning_rate': 0.0009, 'step': 222, 'train_nelbo': 6.514626502990723}, {'grad_norm': 1.090409755706787, 'learning_rate': 0.0009, 'step': 296, 'train_nelbo': 6.426851272583008}, {'grad_norm': 0.842150866985321, 'learning_rate': 0.0009, 'step': 370, 'train_nelbo': 6.4818315505981445}, {'grad_norm': 0.8868492245674133, 'learning_rate': 0.0009, 'step': 444, 'train_nelbo': 6.364523887634277}, {'grad_norm': 0.6611218452453613, 'learning_rate': 0.0009, 'step': 518, 'train_nelbo': 6.0111236572265625}, {'grad_norm': 0.8498378396034241, 'learning_rate': 0.0009, 'step': 592, 'train_nelbo': 6.102997303009033}, {'grad_norm': 0.5426942110061646, 'learning_rate': 0.0009, 'step': 666, 'train_nelbo': 6.030033111572266}, {'grad_norm': 0.6922945380210876, 'learning_rate': 0.0009, 'step': 740, 'train_nelbo': 6.190607070922852}, {'grad_norm': 0.5737478137016296, 'learning_rate': 0.0009, 'step': 814, 'train_nelbo': 5.700655460357666}, {'grad_norm': 0.6795549392700195, 'learning_rate': 0.0009, 'step': 888, 'train_nelbo': 5.804145336151123}, {'grad_norm': 0.6746472716331482, 'learning_rate': 0.0009, 'step': 962, 'train_nelbo': 5.765763282775879}, {'grad_norm': 0.6985347270965576, 'learning_rate': 0.0009, 'step': 1036, 'train_nelbo': 5.880246162414551}, {'grad_norm': 0.5696672201156616, 'learning_rate': 0.0009, 'step': 1110, 'train_nelbo': 5.6998677253723145}, {'grad_norm': 0.8331261277198792, 'learning_rate': 0.0009, 'step': 1184, 'train_nelbo': 5.753040313720703}, {'grad_norm': 0.6234520673751831, 'learning_rate': 0.0009, 'step': 1258, 'train_nelbo': 5.759365081787109}, {'grad_norm': 0.6494570970535278, 'learning_rate': 0.0006629464285714285, 'step': 1332, 'train_nelbo': 5.630861282348633}, {'grad_norm': 0.6393045783042908, 'learning_rate': 0.000365625, 'step': 1406, 'train_nelbo': 6.005642890930176}, {'grad_norm': 0.596677839756012, 'learning_rate': 6.830357142857139e-05, 'step': 1480, 'train_nelbo': 5.491353988647461}, {'grad_norm': 0.5621470212936401, 'learning_rate': 0.0, 'step': 1497, 'train_nelbo': 5.538293838500977}]",306.003621914424,116135136,4,3000000000000000.0,27246592,dense_dual_stream_attention_v1,0.01696300956453573,6.390700817108154,5.538293838500977,0.0009,7979296,True,0.1,2999408040345600,/root/shakespeare-dLM/scale_to_climbmix/results_curriculum/runs/3e15/8M/p_ar_0p1/result.json,1337,256,True,8,8M,complete,1663,5.529765337705612,5.5463892966508865,0.1
9.737065528519452,677,120,797,55512288,64,0.20425450280776333,1195,"[{'grad_norm': 5.958878517150879, 'learning_rate': 1.5e-05, 'step': 1, 'train_nelbo': 7.315530776977539}, {'grad_norm': 1.1556155681610107, 'learning_rate': 0.000885, 'step': 59, 'train_nelbo': 6.347872734069824}, {'grad_norm': 0.9569211006164551, 'learning_rate': 0.0009, 'step': 118, 'train_nelbo': 5.789239883422852}, {'grad_norm': 0.84566730260849, 'learning_rate': 0.0009, 'step': 177, 'train_nelbo': 5.8290910720825195}, {'grad_norm': 0.8440032005310059, 'learning_rate': 0.0009, 'step': 236, 'train_nelbo': 5.777305603027344}, {'grad_norm': 0.7567034363746643, 'learning_rate': 0.0009, 'step': 295, 'train_nelbo': 5.697663307189941}, {'grad_norm': 0.7475755214691162, 'learning_rate': 0.0009, 'step': 354, 'train_nelbo': 5.418765068054199}, {'grad_norm': 0.653147280216217, 'learning_rate': 0.0009, 'step': 413, 'train_nelbo': 5.34783411026001}, {'grad_norm': 0.8606529235839844, 'learning_rate': 0.0009, 'step': 472, 'train_nelbo': 5.627969741821289}, {'grad_norm': 0.6714796423912048, 'learning_rate': 0.0009, 'step': 531, 'train_nelbo': 5.503729820251465}, {'grad_norm': 0.7164576649665833, 'learning_rate': 0.0009, 'step': 590, 'train_nelbo': 5.545126438140869}, {'grad_norm': 0.7632800936698914, 'learning_rate': 0.0009, 'step': 649, 'train_nelbo': 5.450606346130371}, {'grad_norm': 0.6716075539588928, 'learning_rate': 0.0009, 'step': 708, 'train_nelbo': 5.368298530578613}, {'grad_norm': 0.7204018235206604, 'learning_rate': 0.0009, 'step': 767, 'train_nelbo': 5.498936653137207}, {'grad_norm': 1.2859758138656616, 'learning_rate': 0.0009, 'step': 826, 'train_nelbo': 5.436644554138184}, {'grad_norm': 0.692729115486145, 'learning_rate': 0.0009, 'step': 885, 'train_nelbo': 5.5487284660339355}, {'grad_norm': 0.8205234408378601, 'learning_rate': 0.0009, 'step': 944, 'train_nelbo': 5.457528114318848}, {'grad_norm': 0.6953217387199402, 'learning_rate': 0.0009, 'step': 1003, 'train_nelbo': 5.251862525939941}, {'grad_norm': 0.7323272824287415, 'learning_rate': 0.0006724719101123595, 'step': 1062, 'train_nelbo': 4.9928083419799805}, {'grad_norm': 0.6564157009124756, 'learning_rate': 0.0003741573033707865, 'step': 1121, 'train_nelbo': 5.300719738006592}, {'grad_norm': 0.6141908764839172, 'learning_rate': 7.584269662921347e-05, 'step': 1180, 'train_nelbo': 5.150198459625244}, {'grad_norm': 0.6818580031394958, 'learning_rate': 0.0, 'step': 1195, 'train_nelbo': 5.127669334411621}]",244.08413085527718,116135136,4,3000000000000000.0,32636928,dense_dual_stream_attention_v1,0.020318890590832937,5.099438667297363,5.127669334411621,0.0009,7979296,True,0.4,2998678012821504,/root/shakespeare-dLM/scale_to_climbmix/results_curriculum/runs/3e15/8M/p_ar_0p4/result.json,1337,256,True,8,8M,complete,1992,5.186728939414024,5.190555825829506,0.1
18.474159753881395,906,160,1066,55512288,64,0.21161121910485076,1067,"[{'grad_norm': 7.160714626312256, 'learning_rate': 1.6981132075471696e-05, 'step': 1, 'train_nelbo': 7.202485084533691}, {'grad_norm': 1.2315551042556763, 'learning_rate': 0.0009, 'step': 53, 'train_nelbo': 5.790787220001221}, {'grad_norm': 0.7959421873092651, 'learning_rate': 0.0009, 'step': 106, 'train_nelbo': 5.691488265991211}, {'grad_norm': 0.8905196785926819, 'learning_rate': 0.0009, 'step': 159, 'train_nelbo': 5.702856063842773}, {'grad_norm': 0.9401072859764099, 'learning_rate': 0.0009, 'step': 212, 'train_nelbo': 5.653984069824219}, {'grad_norm': 0.8900806903839111, 'learning_rate': 0.0009, 'step': 265, 'train_nelbo': 5.320727348327637}, {'grad_norm': 0.8808055520057678, 'learning_rate': 0.0009, 'step': 318, 'train_nelbo': 5.391195774078369}, {'grad_norm': 0.7316159009933472, 'learning_rate': 0.0009, 'step': 371, 'train_nelbo': 5.432451248168945}, {'grad_norm': 0.7088650465011597, 'learning_rate': 0.0009, 'step': 424, 'train_nelbo': 5.368935585021973}, {'grad_norm': 1.0480190515518188, 'learning_rate': 0.0009, 'step': 477, 'train_nelbo': 5.481612205505371}, {'grad_norm': 0.8881999850273132, 'learning_rate': 0.0009, 'step': 530, 'train_nelbo': 5.399651050567627}, {'grad_norm': 0.9197667837142944, 'learning_rate': 0.0009, 'step': 583, 'train_nelbo': 5.4621124267578125}, {'grad_norm': 0.7843087315559387, 'learning_rate': 0.0009, 'step': 636, 'train_nelbo': 5.3600006103515625}, {'grad_norm': 0.8874063491821289, 'learning_rate': 0.0009, 'step': 689, 'train_nelbo': 5.496686935424805}, {'grad_norm': 0.6896727681159973, 'learning_rate': 0.0009, 'step': 742, 'train_nelbo': 5.285100936889648}, {'grad_norm': 0.778937816619873, 'learning_rate': 0.0009, 'step': 795, 'train_nelbo': 5.238491535186768}, {'grad_norm': 0.7189196348190308, 'learning_rate': 0.0009, 'step': 848, 'train_nelbo': 5.159954071044922}, {'grad_norm': 0.7258162498474121, 'learning_rate': 0.0009, 'step': 901, 'train_nelbo': 5.28233528137207}, {'grad_norm': 0.7972553968429565, 'learning_rate': 0.000639622641509434, 'step': 954, 'train_nelbo': 5.1983208656311035}, {'grad_norm': 0.6738824844360352, 'learning_rate': 0.000339622641509434, 'step': 1007, 'train_nelbo': 5.033805847167969}, {'grad_norm': 0.8393348455429077, 'learning_rate': 3.9622641509433954e-05, 'step': 1060, 'train_nelbo': 5.008298873901367}, {'grad_norm': 0.7589392066001892, 'learning_rate': 0.0, 'step': 1067, 'train_nelbo': 5.32636833190918}]",225.78917078487575,116135136,4,3000000000000000.0,34947072,dense_dual_stream_attention_v1,0.021757125316388883,4.791762351989746,5.32636833190918,0.0009,7979296,True,0.5,2999784064942080,/root/shakespeare-dLM/scale_to_climbmix/results_curriculum/runs/3e15/8M/p_ar_0p5/result.json,1337,256,True,8,8M,complete,2133,5.13021519780159,5.131099060177803,0.1
16.66670692525804,1958,345,2303,14311584,64,0.07696094474251614,5374,"[{'grad_norm': 27.67620849609375, 'learning_rate': 3.345724907063197e-06, 'step': 1, 'train_nelbo': 7.545141220092773}, {'grad_norm': 1.6245057582855225, 'learning_rate': 0.0008966542750929368, 'step': 268, 'train_nelbo': 5.566109657287598}, {'grad_norm': 1.1091384887695312, 'learning_rate': 0.0009, 'step': 536, 'train_nelbo': 5.420279502868652}, {'grad_norm': 1.164894938468933, 'learning_rate': 0.0009, 'step': 804, 'train_nelbo': 5.209426403045654}, {'grad_norm': 0.9768955111503601, 'learning_rate': 0.0009, 'step': 1072, 'train_nelbo': 5.125348091125488}, {'grad_norm': 1.0628831386566162, 'learning_rate': 0.0009, 'step': 1340, 'train_nelbo': 5.192653656005859}, {'grad_norm': 1.2149158716201782, 'learning_rate': 0.0009, 'step': 1608, 'train_nelbo': 5.434471130371094}, {'grad_norm': 1.0470671653747559, 'learning_rate': 0.0009, 'step': 1876, 'train_nelbo': 5.108600616455078}, {'grad_norm': 1.0516836643218994, 'learning_rate': 0.0009, 'step': 2144, 'train_nelbo': 4.821609973907471}, {'grad_norm': 1.243565559387207, 'learning_rate': 0.0009, 'step': 2412, 'train_nelbo': 5.2078166007995605}, {'grad_norm': 0.9919303059577942, 'learning_rate': 0.0009, 'step': 2680, 'train_nelbo': 4.828582763671875}, {'grad_norm': 2.100160837173462, 'learning_rate': 0.0009, 'step': 2948, 'train_nelbo': 5.227851867675781}, {'grad_norm': 1.0210726261138916, 'learning_rate': 0.0009, 'step': 3216, 'train_nelbo': 5.180315971374512}, {'grad_norm': 1.397818684577942, 'learning_rate': 0.0009, 'step': 3484, 'train_nelbo': 5.053083419799805}, {'grad_norm': 1.2827863693237305, 'learning_rate': 0.0009, 'step': 3752, 'train_nelbo': 5.090743064880371}, {'grad_norm': 1.3944206237792969, 'learning_rate': 0.0009, 'step': 4020, 'train_nelbo': 5.081503868103027}, {'grad_norm': 1.1130439043045044, 'learning_rate': 0.0009, 'step': 4288, 'train_nelbo': 4.916787147521973}, {'grad_norm': 2.092167615890503, 'learning_rate': 0.0009, 'step': 4556, 'train_nelbo': 4.311171531677246}, {'grad_norm': 0.8757208585739136, 'learning_rate': 0.0006149068322981366, 'step': 4824, 'train_nelbo': 4.679601669311523}, {'grad_norm': 1.4260319471359253, 'learning_rate': 0.0003152795031055901, 'step': 5092, 'train_nelbo': 4.845848560333252}, {'grad_norm': 1.5249910354614258, 'learning_rate': 1.5652173913043487e-05, 'step': 5360, 'train_nelbo': 4.801887512207031}, {'grad_norm': 2.3863813877105713, 'learning_rate': 0.0, 'step': 5374, 'train_nelbo': 4.79396915435791}]",413.5881170462817,27934368,4,3000000000000000.0,125779968,dense_dual_stream_attention_v1,0.078307290695695,4.592545032501221,4.79396915435791,0.0009,1985536,True,0.3,2999564232032256,/root/shakespeare-dLM/scale_to_climbmix/results_curriculum/runs/3e15/2M/p_ar_0p3/result.json,1337,256,True,34,2M,complete,7677,4.756977334618568,4.748355254530907,0.1
43.15772917680442,4726,834,5560,14311584,64,0.07800289723922635,3706,"[{'grad_norm': 49.69696044921875, 'learning_rate': 4.864864864864865e-06, 'step': 1, 'train_nelbo': 8.240887641906738}, {'grad_norm': 2.8167312145233154, 'learning_rate': 0.0009000000000000001, 'step': 185, 'train_nelbo': 5.637352466583252}, {'grad_norm': 1.8265777826309204, 'learning_rate': 0.0009, 'step': 370, 'train_nelbo': 5.261962890625}, {'grad_norm': 1.462989330291748, 'learning_rate': 0.0009, 'step': 555, 'train_nelbo': 5.120045185089111}, {'grad_norm': 1.6242988109588623, 'learning_rate': 0.0009, 'step': 740, 'train_nelbo': 5.549589157104492}, {'grad_norm': 1.1938390731811523, 'learning_rate': 0.0009, 'step': 925, 'train_nelbo': 5.123985767364502}, {'grad_norm': 1.0824685096740723, 'learning_rate': 0.0009, 'step': 1110, 'train_nelbo': 4.963690757751465}, {'grad_norm': 1.1723670959472656, 'learning_rate': 0.0009, 'step': 1295, 'train_nelbo': 5.091694355010986}, {'grad_norm': 1.1645498275756836, 'learning_rate': 0.0009, 'step': 1480, 'train_nelbo': 5.004348278045654}, {'grad_norm': 1.3539069890975952, 'learning_rate': 0.0009, 'step': 1665, 'train_nelbo': 5.1560845375061035}, {'grad_norm': 1.2629804611206055, 'learning_rate': 0.0009, 'step': 1850, 'train_nelbo': 4.963339805603027}, {'grad_norm': 1.232396125793457, 'learning_rate': 0.0009, 'step': 2035, 'train_nelbo': 5.443499565124512}, {'grad_norm': 1.4713549613952637, 'learning_rate': 0.0009, 'step': 2220, 'train_nelbo': 5.276659965515137}, {'grad_norm': 1.1798946857452393, 'learning_rate': 0.0009, 'step': 2405, 'train_nelbo': 4.87501859664917}, {'grad_norm': 1.020357608795166, 'learning_rate': 0.0009, 'step': 2590, 'train_nelbo': 4.7774810791015625}, {'grad_norm': 1.253864049911499, 'learning_rate': 0.0009, 'step': 2775, 'train_nelbo': 4.841599941253662}, {'grad_norm': 1.1734780073165894, 'learning_rate': 0.0009, 'step': 2960, 'train_nelbo': 4.976906776428223}, {'grad_norm': 1.1797964572906494, 'learning_rate': 0.0009, 'step': 3145, 'train_nelbo': 4.832036972045898}, {'grad_norm': 1.4289253950119019, 'learning_rate': 0.0006097297297297297, 'step': 3330, 'train_nelbo': 4.778493404388428}, {'grad_norm': 1.310259222984314, 'learning_rate': 0.00030972972972972973, 'step': 3515, 'train_nelbo': 4.541718006134033}, {'grad_norm': 1.2506461143493652, 'learning_rate': 9.72972972972973e-06, 'step': 3700, 'train_nelbo': 5.054920196533203}, {'grad_norm': 1.0353137254714966, 'learning_rate': 0.0, 'step': 3706, 'train_nelbo': 4.767756462097168}]",289.07873716857284,27934368,4,3000000000000000.0,151814144,dense_dual_stream_attention_v1,0.09451548203547087,4.599213600158691,4.767756462097168,0.0009,1985536,True,0.6,2999864112709632,/root/shakespeare-dLM/scale_to_climbmix/results_curriculum/runs/3e15/2M/p_ar_0p6/result.json,1337,256,True,34,2M,complete,9266,4.732744783163071,4.7329540103673935,0.1
11.692482712678611,1235,218,1453,14311584,64,0.07740774466584015,5810,"[{'grad_norm': 10.314531326293945, 'learning_rate': 3.1034482758620687e-06, 'step': 1, 'train_nelbo': 7.333045959472656}, {'grad_norm': 1.2751306295394897, 'learning_rate': 0.0009000000000000001, 'step': 290, 'train_nelbo': 5.333105087280273}, {'grad_norm': 1.1993374824523926, 'learning_rate': 0.0009, 'step': 580, 'train_nelbo': 5.371952056884766}, {'grad_norm': 1.4001834392547607, 'learning_rate': 0.0009, 'step': 870, 'train_nelbo': 5.579978942871094}, {'grad_norm': 0.9229936599731445, 'learning_rate': 0.0009, 'step': 1160, 'train_nelbo': 5.143377780914307}, {'grad_norm': 1.6065397262573242, 'learning_rate': 0.0009, 'step': 1450, 'train_nelbo': 5.453490257263184}, {'grad_norm': 0.9992169141769409, 'learning_rate': 0.0009, 'step': 1740, 'train_nelbo': 5.193612575531006}, {'grad_norm': 1.0115623474121094, 'learning_rate': 0.0009, 'step': 2030, 'train_nelbo': 4.996003150939941}, {'grad_norm': 0.955998957157135, 'learning_rate': 0.0009, 'step': 2320, 'train_nelbo': 5.056420803070068}, {'grad_norm': 0.9321573376655579, 'learning_rate': 0.0009, 'step': 2610, 'train_nelbo': 4.949687480926514}, {'grad_norm': 1.3290815353393555, 'learning_rate': 0.0009, 'step': 2900, 'train_nelbo': 5.289196491241455}, {'grad_norm': 1.0493398904800415, 'learning_rate': 0.0009, 'step': 3190, 'train_nelbo': 5.206728458404541}, {'grad_norm': 1.3294702768325806, 'learning_rate': 0.0009, 'step': 3480, 'train_nelbo': 4.5410261154174805}, {'grad_norm': 1.0463895797729492, 'learning_rate': 0.0009, 'step': 3770, 'train_nelbo': 5.131711006164551}, {'grad_norm': 1.0650534629821777, 'learning_rate': 0.0009, 'step': 4060, 'train_nelbo': 5.055202960968018}, {'grad_norm': 1.0599744319915771, 'learning_rate': 0.0009, 'step': 4350, 'train_nelbo': 4.837522506713867}, {'grad_norm': 1.1766362190246582, 'learning_rate': 0.0009, 'step': 4640, 'train_nelbo': 5.12423849105835}, {'grad_norm': 1.0048702955245972, 'learning_rate': 0.0009, 'step': 4930, 'train_nelbo': 5.18245267868042}, {'grad_norm': 1.0259222984313965, 'learning_rate': 0.0006096440872560275, 'step': 5220, 'train_nelbo': 5.035001754760742}, {'grad_norm': 1.3836175203323364, 'learning_rate': 0.00030998851894374277, 'step': 5510, 'train_nelbo': 4.885997295379639}, {'grad_norm': 1.0509532690048218, 'learning_rate': 1.0332950631458093e-05, 'step': 5800, 'train_nelbo': 4.575700283050537}, {'grad_norm': 1.0617023706436157, 'learning_rate': 0.0, 'step': 5810, 'train_nelbo': 4.557974338531494}]",449.7389965085313,27934368,4,3000000000000000.0,118996992,dense_dual_stream_attention_v1,0.07408438873555201,4.719370365142822,4.557974338531494,0.0009,1985536,True,0.2,2999802423410688,/root/shakespeare-dLM/scale_to_climbmix/results_curriculum/runs/3e15/2M/p_ar_0p2/result.json,1337,256,True,34,2M,complete,7263,4.770258009433746,4.762858465313911,0.1
5.904682718217373,586,103,689,14311584,64,0.07708096687382045,6201,"[{'grad_norm': 9.943436622619629, 'learning_rate': 2.9032258064516128e-06, 'step': 1, 'train_nelbo': 7.197356224060059}, {'grad_norm': 1.3310060501098633, 'learning_rate': 0.0008999999999999999, 'step': 310, 'train_nelbo': 5.817009925842285}, {'grad_norm': 1.031785249710083, 'learning_rate': 0.0009, 'step': 620, 'train_nelbo': 5.9036359786987305}, {'grad_norm': 1.2006893157958984, 'learning_rate': 0.0009, 'step': 930, 'train_nelbo': 5.736449718475342}, {'grad_norm': 1.208639144897461, 'learning_rate': 0.0009, 'step': 1240, 'train_nelbo': 5.281128883361816}, {'grad_norm': 0.8426169157028198, 'learning_rate': 0.0009, 'step': 1550, 'train_nelbo': 5.264186859130859}, {'grad_norm': 0.8731340765953064, 'learning_rate': 0.0009, 'step': 1860, 'train_nelbo': 5.426474094390869}, {'grad_norm': 0.8636656999588013, 'learning_rate': 0.0009, 'step': 2170, 'train_nelbo': 5.190942764282227}, {'grad_norm': 1.0612483024597168, 'learning_rate': 0.0009, 'step': 2480, 'train_nelbo': 5.437552452087402}, {'grad_norm': 0.9920097589492798, 'learning_rate': 0.0009, 'step': 2790, 'train_nelbo': 4.72990083694458}, {'grad_norm': 0.8840901851654053, 'learning_rate': 0.0009, 'step': 3100, 'train_nelbo': 4.9397664070129395}, {'grad_norm': 0.9374567270278931, 'learning_rate': 0.0009, 'step': 3410, 'train_nelbo': 5.053215503692627}, {'grad_norm': 1.0087594985961914, 'learning_rate': 0.0009, 'step': 3720, 'train_nelbo': 5.115688323974609}, {'grad_norm': 0.9058226346969604, 'learning_rate': 0.0009, 'step': 4030, 'train_nelbo': 4.909438133239746}, {'grad_norm': 1.0985820293426514, 'learning_rate': 0.0009, 'step': 4340, 'train_nelbo': 5.305839538574219}, {'grad_norm': 0.9388924837112427, 'learning_rate': 0.0009, 'step': 4650, 'train_nelbo': 5.111086845397949}, {'grad_norm': 1.3125964403152466, 'learning_rate': 0.0009, 'step': 4960, 'train_nelbo': 4.9874725341796875}, {'grad_norm': 1.000928282737732, 'learning_rate': 0.0009, 'step': 5270, 'train_nelbo': 4.977073669433594}, {'grad_norm': 1.1324198246002197, 'learning_rate': 0.0006016146393972012, 'step': 5580, 'train_nelbo': 5.101861953735352}, {'grad_norm': 1.048517107963562, 'learning_rate': 0.000301291711517761, 'step': 5890, 'train_nelbo': 4.656993865966797}, {'grad_norm': 1.4336388111114502, 'learning_rate': 9.687836383207804e-07, 'step': 6200, 'train_nelbo': 5.1292219161987305}, {'grad_norm': 1.1507408618927002, 'learning_rate': 0.0, 'step': 6201, 'train_nelbo': 4.912606239318848}]",477.97907558456063,27934368,4,3000000000000000.0,112885760,dense_dual_stream_attention_v1,0.07027969687291111,5.30837345123291,4.912606239318848,0.0009,1985536,True,0.1,2999610529284096,/root/shakespeare-dLM/scale_to_climbmix/results_curriculum/runs/3e15/2M/p_ar_0p1/result.json,1337,256,True,34,2M,complete,6890,4.795126780867577,4.80115070939064,0.1
25.647556151263416,2768,489,3257,14311584,64,0.0774031521665177,4886,"[{'grad_norm': 38.03682327270508, 'learning_rate': 3.6885245901639343e-06, 'step': 1, 'train_nelbo': 7.788726806640625}, {'grad_norm': 1.9057153463363647, 'learning_rate': 0.0009, 'step': 244, 'train_nelbo': 5.6407270431518555}, {'grad_norm': 1.9894521236419678, 'learning_rate': 0.0009, 'step': 488, 'train_nelbo': 5.508515357971191}, {'grad_norm': 1.1273545026779175, 'learning_rate': 0.0009, 'step': 732, 'train_nelbo': 5.157622337341309}, {'grad_norm': 1.155522346496582, 'learning_rate': 0.0009, 'step': 976, 'train_nelbo': 5.050065994262695}, {'grad_norm': 1.2546051740646362, 'learning_rate': 0.0009, 'step': 1220, 'train_nelbo': 5.383840560913086}, {'grad_norm': 1.0662927627563477, 'learning_rate': 0.0009, 'step': 1464, 'train_nelbo': 5.037223815917969}, {'grad_norm': 1.083009958267212, 'learning_rate': 0.0009, 'step': 1708, 'train_nelbo': 4.969993591308594}, {'grad_norm': 1.0248737335205078, 'learning_rate': 0.0009, 'step': 1952, 'train_nelbo': 5.004753112792969}, {'grad_norm': 1.138473629951477, 'learning_rate': 0.0009, 'step': 2196, 'train_nelbo': 5.26231575012207}, {'grad_norm': 4.79124116897583, 'learning_rate': 0.0009, 'step': 2440, 'train_nelbo': 5.1848673820495605}, {'grad_norm': 1.1555463075637817, 'learning_rate': 0.0009, 'step': 2684, 'train_nelbo': 4.931325912475586}, {'grad_norm': 1.0845720767974854, 'learning_rate': 0.0009, 'step': 2928, 'train_nelbo': 4.8756232261657715}, {'grad_norm': 1.1236958503723145, 'learning_rate': 0.0009, 'step': 3172, 'train_nelbo': 4.981399059295654}, {'grad_norm': 1.0361663103103638, 'learning_rate': 0.0009, 'step': 3416, 'train_nelbo': 4.889313697814941}, {'grad_norm': 1.0536855459213257, 'learning_rate': 0.0009, 'step': 3660, 'train_nelbo': 4.885227203369141}, {'grad_norm': 1.0345700979232788, 'learning_rate': 0.0009, 'step': 3904, 'train_nelbo': 5.074302673339844}, {'grad_norm': 0.9783157110214233, 'learning_rate': 0.0009, 'step': 4148, 'train_nelbo': 4.8722310066223145}, {'grad_norm': 1.0510660409927368, 'learning_rate': 0.0006073770491803279, 'step': 4392, 'train_nelbo': 4.933159828186035}, {'grad_norm': 1.0740708112716675, 'learning_rate': 0.0003073770491803279, 'step': 4636, 'train_nelbo': 4.905943870544434}, {'grad_norm': 1.680043339729309, 'learning_rate': 7.377049180327877e-06, 'step': 4880, 'train_nelbo': 4.804391860961914}, {'grad_norm': 1.3855085372924805, 'learning_rate': 0.0, 'step': 4886, 'train_nelbo': 5.017874240875244}]",378.19180148560554,27934368,4,3000000000000000.0,133414912,dense_dual_stream_attention_v1,0.083060605462426,4.5351128578186035,5.017874240875244,0.0009,1985536,True,0.4,2999912876212224,/root/shakespeare-dLM/scale_to_climbmix/results_curriculum/runs/3e15/2M/p_ar_0p4/result.json,1337,256,True,34,2M,complete,8143,4.754217624664307,4.746215730905533,0.1
33.23732713703066,3684,650,4334,14311584,64,0.0772366694004516,4334,"[{'grad_norm': 46.65926742553711, 'learning_rate': 4.147465437788018e-06, 'step': 1, 'train_nelbo': 8.38524055480957}, {'grad_norm': 2.10017991065979, 'learning_rate': 0.0008958525345622119, 'step': 216, 'train_nelbo': 5.427630424499512}, {'grad_norm': 2.4844932556152344, 'learning_rate': 0.0009, 'step': 432, 'train_nelbo': 5.469849586486816}, {'grad_norm': 1.2964248657226562, 'learning_rate': 0.0009, 'step': 648, 'train_nelbo': 4.891280174255371}, {'grad_norm': 2.1615710258483887, 'learning_rate': 0.0009, 'step': 864, 'train_nelbo': 5.189686298370361}, {'grad_norm': 1.166793942451477, 'learning_rate': 0.0009, 'step': 1080, 'train_nelbo': 4.99530029296875}, {'grad_norm': 1.1894598007202148, 'learning_rate': 0.0009, 'step': 1296, 'train_nelbo': 5.078697204589844}, {'grad_norm': 1.0191285610198975, 'learning_rate': 0.0009, 'step': 1512, 'train_nelbo': 5.0053606033325195}, {'grad_norm': 1.1063960790634155, 'learning_rate': 0.0009, 'step': 1728, 'train_nelbo': 4.8867034912109375}, {'grad_norm': 1.1540099382400513, 'learning_rate': 0.0009, 'step': 1944, 'train_nelbo': 4.965561866760254}, {'grad_norm': 1.2049912214279175, 'learning_rate': 0.0009, 'step': 2160, 'train_nelbo': 4.9976677894592285}, {'grad_norm': 1.2896230220794678, 'learning_rate': 0.0009, 'step': 2376, 'train_nelbo': 4.960766792297363}, {'grad_norm': 1.1459815502166748, 'learning_rate': 0.0009, 'step': 2592, 'train_nelbo': 4.957888603210449}, {'grad_norm': 1.150264024734497, 'learning_rate': 0.0009, 'step': 2808, 'train_nelbo': 4.921072006225586}, {'grad_norm': 1.0634946823120117, 'learning_rate': 0.0009, 'step': 3024, 'train_nelbo': 4.900571346282959}, {'grad_norm': 1.390138864517212, 'learning_rate': 0.0009, 'step': 3240, 'train_nelbo': 4.9765167236328125}, {'grad_norm': 1.2740287780761719, 'learning_rate': 0.0009, 'step': 3456, 'train_nelbo': 5.062504768371582}, {'grad_norm': 1.2504990100860596, 'learning_rate': 0.0009, 'step': 3672, 'train_nelbo': 4.859476566314697}, {'grad_norm': 1.7149451971054077, 'learning_rate': 0.0006184899845916794, 'step': 3888, 'train_nelbo': 4.823246002197266}, {'grad_norm': 1.201016902923584, 'learning_rate': 0.0003189522342064715, 'step': 4104, 'train_nelbo': 4.787543296813965}, {'grad_norm': 1.3775027990341187, 'learning_rate': 1.941448382126344e-05, 'step': 4320, 'train_nelbo': 4.821245193481445}, {'grad_norm': 1.1769124269485474, 'learning_rate': 0.0, 'step': 4334, 'train_nelbo': 4.718099594116211}]",334.74372518155724,27934368,4,3000000000000000.0,142016512,dense_dual_stream_attention_v1,0.08841573475970878,4.313599586486816,4.718099594116211,0.0009,1985536,True,0.5,2999811374579712,/root/shakespeare-dLM/scale_to_climbmix/results_curriculum/runs/3e15/2M/p_ar_0p5/result.json,1337,256,True,34,2M,complete,8668,4.745924919843674,4.740813329815865,0.1
